drop database if exists AMIGOWALLET_DB;

create database AMIGOWALLET_DB  DEFAULT CHARACTER SET latin1 
COLLATE latin1_general_cs;

USE AMIGOWALLET_DB;


CREATE TABLE WALLET_USER(
	USER_ID INT(6) NOT NULL AUTO_INCREMENT,
	EMAIL_ID VARCHAR(255) UNIQUE NOT NULL,
	MOBILE_NUMBER VARCHAR(10) UNIQUE NOT NULL,
	NAME VARCHAR(100) NOT NULL,
	PASSWORD VARCHAR(100) NOT NULL,
	USER_STATUS VARCHAR(10) NOT NULL, --  'ACTIVE', 'INACTIVE'
	SECURITY_QUESTION_ID BIGINT(10),
	SECURITY_ANSWER VARCHAR(100),
	CREATED_TIMESTAMP TIMESTAMP DEFAULT CURRENT_TIMESTAMP() NOT NULL,
	MODIFIED_TIMESTAMP TIMESTAMP DEFAULT CURRENT_TIMESTAMP,
	constraint AW_WALLET_USER_ID_PK primary key (USER_ID)
);

CREATE TABLE BANK(
	BANK_ID INT(3) NOT NULL,
	BANK_NAME VARCHAR(50) NOT NULL,
	constraint EW_BANK_ID_PK primary key (BANK_ID)
);

CREATE TABLE CARD(
	CARD_ID INT(6) AUTO_INCREMENT,
	CARD_NUMBER VARCHAR(16),
	BANK_ID INT(3) NOT NULL,
	EXPIRY_DATE DATE NOT NULL,
	CARD_STATUS VARCHAR(10) NOT NULL, --  'ACTIVE', 'INACTIVE'
	CREATED_TIMESTAMP TIMESTAMP DEFAULT CURRENT_TIMESTAMP() NOT NULL,
	MODIFIED_TIMESTAMP TIMESTAMP DEFAULT CURRENT_TIMESTAMP,
	USER_ID INT(6),
	constraint EW_USER_CARD_ID_PK primary key (CARD_ID)
);

CREATE TABLE USER_CARD_MAPPING(
	USER_ID INT(6),
	CARD_ID INT(6),
	constraint EW_USER_CARD_USER_ID_UNQ UNIQUE (USER_ID, CARD_ID)
);

CREATE TABLE MERCHANT(
	MERCHANT_ID INT(4),
	EMAIL_ID VARCHAR(255) UNIQUE NOT NULL,
	MOBILE_NUMBER VARCHAR(10) UNIQUE NOT NULL,
	NAME VARCHAR(100) NOT NULL,
	PASSWORD VARCHAR(100) NOT NULL,
	MERCHANT_STATUS VARCHAR(10) DEFAULT 'ACTIVE' NOT NULL, --  'ACTIVE', 'INACTIVE'
	CREATED_TIMESTAMP TIMESTAMP DEFAULT CURRENT_TIMESTAMP() NOT NULL,
	MODIFIED_TIMESTAMP TIMESTAMP DEFAULT CURRENT_TIMESTAMP,
	constraint EW_MERCHANT_ID_PK primary key (MERCHANT_ID)
);

CREATE TABLE MERCHANT_SERVICE_TYPE(
	SERVICE_ID INT(3) AUTO_INCREMENT,
	SERVICE_TYPE VARCHAR(50) UNIQUE NOT NULL,
	constraint EW_MERCHANT_SERVICE_TYPE_ID_PK primary key (SERVICE_ID)
);

CREATE TABLE MERCHANT_SERVICE_MAPPING(
	MERCHANT_ID INT(4) NOT NULL,
	SERVICE_ID INT(3) NOT NULL
);

CREATE TABLE PAYMENT_TYPE(
	PAYMENT_TYPE_ID INT(3),
	PAYMENT_FROM CHAR(1) NOT NULL,
	PAYMENT_TO CHAR(1) NOT NULL,
	PAYMENT_TYPE CHAR(1) NOT NULL,
	constraint EW_PAYMENT_TYPE_ID_PK primary key (PAYMENT_TYPE_ID)
);

CREATE TABLE USER_TRANSACTION(
	USER_TRANSACTION_ID BIGINT(10) AUTO_INCREMENT,
	AMOUNT FLOAT(12,2) NOT NULL,
	TRANSACTION_DATE_TIME TIMESTAMP DEFAULT CURRENT_TIMESTAMP() NOT NULL,
	PAYMENT_TYPE_ID INT(3) NOT NULL,
	REMARKS VARCHAR(50),
	INFO VARCHAR(100) NOT NULL,
	TRANSACTION_STATUS VARCHAR(10) NOT NULL, 
	POINTS_EARNED INT(5) DEFAULT 0 NOT NULL,
	IS_REDEEMED CHAR(1) DEFAULT 'N' NOT NULL,
	USER_ID INT(6),
	constraint EW_USER_TRANSACTION_ID_PK primary key (USER_TRANSACTION_ID)
);


CREATE TABLE USER_TRANSACTION_MAPPING(
	USER_TRANSACTION_ID BIGINT(10) NOT NULL,
	USER_ID INT(6) NOT NULL,
	constraint EW_USER_TXN_ID_USER_ID_UNQ UNIQUE (USER_TRANSACTION_ID, USER_ID)
);

CREATE TABLE MERCHANT_TRANSACTION(
	MERCHANT_TRANSACTION_ID BIGINT(10) AUTO_INCREMENT,
	AMOUNT FLOAT(12,2) NOT NULL,
	TRANSACTION_DATE_TIME TIMESTAMP DEFAULT CURRENT_TIMESTAMP() NOT NULL,
	PAYMENT_TYPE_ID INT(3) NOT NULL,
	REMARKS VARCHAR(50),
	INFO VARCHAR(100) NOT NULL,
	TRANSACTION_STATUS VARCHAR(10) NOT NULL, 
	MERCHANT_ID INT(4),
	constraint EW_MERCHANT_TRANSACTION_ID_PK primary key (MERCHANT_TRANSACTION_ID)
);

CREATE TABLE MERCHANT_TRANSACTION_MAPPING(
	MERCHANT_TRANSACTION_ID BIGINT(10) NOT NULL,
	MERCHANT_ID INT(4) NOT NULL
);

CREATE TABLE AW_SECURITY_QUESTION (
	QUESTION_ID BIGINT(10),
	QUESTION VARCHAR(255) UNIQUE NOT NULL,
	CONSTRAINT AW_SQ_QUESTION_ID_PK PRIMARY KEY ( QUESTION_ID )
);


ALTER TABLE WALLET_USER ADD CONSTRAINT AW_WALLET_USER_STATUS_CHK CHECK (USER_STATUS IN ('ACTIVE','INACTIVE'));
ALTER TABLE WALLET_USER ADD CONSTRAINT AW_WALLET_USER_QUESTION_ID_FK FOREIGN KEY ( SECURITY_QUESTION_ID ) REFERENCES AW_SECURITY_QUESTION( QUESTION_ID );

ALTER TABLE USER_CARD_MAPPING ADD CONSTRAINT AW_USER_CARD_EMAIL_ID_FK FOREIGN KEY ( USER_ID ) REFERENCES WALLET_USER( USER_ID );
ALTER TABLE USER_CARD_MAPPING ADD CONSTRAINT AW_USER_CARD_ID_FK FOREIGN KEY ( CARD_ID ) REFERENCES CARD( CARD_ID );

ALTER TABLE CARD ADD CONSTRAINT AW_CARD_BANK_ID_FK FOREIGN KEY ( BANK_ID ) REFERENCES BANK( BANK_ID );
ALTER TABLE CARD ADD CONSTRAINT AW_CARD_USER_ID_FK FOREIGN KEY ( USER_ID ) REFERENCES WALLET_USER( USER_ID );
ALTER TABLE CARD ADD CONSTRAINT AW_CARD_STATUS_CHK CHECK (CARD_STATUS IN ('ACTIVE','INACTIVE'));

ALTER TABLE MERCHANT_SERVICE_MAPPING ADD CONSTRAINT EW_M_S_MAPPING_MERCHANT_ID_FK FOREIGN KEY ( MERCHANT_ID ) REFERENCES MERCHANT( MERCHANT_ID );
ALTER TABLE MERCHANT_SERVICE_MAPPING ADD CONSTRAINT EW_M_S_MAPPING_SERVICE_ID_FK FOREIGN KEY ( SERVICE_ID ) REFERENCES MERCHANT_SERVICE_TYPE( SERVICE_ID );

ALTER TABLE PAYMENT_TYPE ADD CONSTRAINT AW_PAYMENT_TYPE_FROM_CHK CHECK (PAYMENT_FROM IN ('B','M','W'));
ALTER TABLE PAYMENT_TYPE ADD CONSTRAINT AW_PAYMENT_TYPE_TO_CHK CHECK (PAYMENT_TO IN ('B','M','W'));
ALTER TABLE PAYMENT_TYPE ADD CONSTRAINT AW_PAYMENT_TYPE_CHK CHECK (PAYMENT_TYPE IN ('D','C'));

ALTER TABLE USER_TRANSACTION ADD CONSTRAINT AW_USER_TXN_AMOUNT_CHK CHECK (AMOUNT > 0);
ALTER TABLE USER_TRANSACTION ADD CONSTRAINT AW_USER_TXN_PAYMENT_TYPE_ID_FK FOREIGN KEY ( PAYMENT_TYPE_ID ) REFERENCES PAYMENT_TYPE( PAYMENT_TYPE_ID );
ALTER TABLE USER_TRANSACTION ADD CONSTRAINT AW_TRXN_USER_ID_FK FOREIGN KEY ( USER_ID ) REFERENCES WALLET_USER( USER_ID );


ALTER TABLE USER_TRANSACTION ADD CONSTRAINT AW_USER_TXN_STATUS_CHK CHECK (TRANSACTION_STATUS IN ('SUCCESS','FAILURE', 'PENDING'));

ALTER TABLE USER_TRANSACTION ADD CONSTRAINT AW_USER_TXN_POINTS_EARNED_CHK CHECK (POINTS_EARNED >= 0);
ALTER TABLE USER_TRANSACTION ADD CONSTRAINT AW_USER_TXN_IS_REDEEMED_CHK CHECK (IS_REDEEMED IN ('Y','N'));

ALTER TABLE USER_TRANSACTION_MAPPING ADD CONSTRAINT AW_USER_TXN_MPNG_USER_ID_FK FOREIGN KEY ( USER_ID ) REFERENCES WALLET_USER( USER_ID );
ALTER TABLE USER_TRANSACTION_MAPPING ADD CONSTRAINT AW_USER_TXN_MPNG_TXN_ID_FK FOREIGN KEY ( USER_TRANSACTION_ID ) REFERENCES USER_TRANSACTION( USER_TRANSACTION_ID );

ALTER TABLE MERCHANT_TRANSACTION ADD CONSTRAINT AW_MERCHANT_TXN_AMOUNT_CHK CHECK (AMOUNT > 0);

ALTER TABLE MERCHANT_TRANSACTION ADD CONSTRAINT AW_MERCHANT_TXN_PMT_TYP_ID_FK FOREIGN KEY ( PAYMENT_TYPE_ID ) REFERENCES PAYMENT_TYPE( PAYMENT_TYPE_ID );

ALTER TABLE MERCHANT_TRANSACTION ADD CONSTRAINT AW_TXN_MERCHANT_ID_FK FOREIGN KEY ( MERCHANT_ID ) REFERENCES MERCHANT( MERCHANT_ID );

ALTER TABLE MERCHANT_TRANSACTION ADD CONSTRAINT AW_MERCHANT_TXN_STATUS_CHK CHECK (TRANSACTION_STATUS IN ('SUCCESS','FAILURE', 'PENDING'));

ALTER TABLE MERCHANT_TRANSACTION_MAPPING ADD CONSTRAINT AW_MERCHANT_TXN_MPNG_TXN_ID_FK FOREIGN KEY ( MERCHANT_TRANSACTION_ID ) REFERENCES MERCHANT_TRANSACTION( MERCHANT_TRANSACTION_ID );
ALTER TABLE MERCHANT_TRANSACTION_MAPPING ADD CONSTRAINT AW_MERCHANT_TXN_MPNG_ID_FK FOREIGN KEY ( MERCHANT_ID ) REFERENCES MERCHANT( MERCHANT_ID );

INSERT INTO AW_SECURITY_QUESTION (QUESTION_ID, QUESTION) VALUES (210001, 'What was the name of your elementary / primary school?');
INSERT INTO AW_SECURITY_QUESTION (QUESTION_ID, QUESTION) VALUES (210002, 'In what city or town does your nearest sibling live?');
INSERT INTO AW_SECURITY_QUESTION (QUESTION_ID, QUESTION) VALUES (210003, 'What is the name of city you were born in?');
INSERT INTO AW_SECURITY_QUESTION (QUESTION_ID, QUESTION) VALUES (210004, 'What school did you attend for third grade?');
INSERT INTO AW_SECURITY_QUESTION (QUESTION_ID, QUESTION) VALUES (210005, 'What was your GrandFather''s occupation?');
INSERT INTO AW_SECURITY_QUESTION (QUESTION_ID, QUESTION) VALUES (210006, 'What was the name of your first pet?');


INSERT INTO WALLET_USER(USER_ID, EMAIL_ID, MOBILE_NUMBER, NAME, PASSWORD, USER_STATUS, SECURITY_QUESTION_ID, SECURITY_ANSWER, CREATED_TIMESTAMP) VALUES(12121, 'james@infy.com', '9863266023', 'James Butt', '5228de85b31cf1a2529a12800b41b211bfbea9a464cdf5a07dac56f27a468996', 'ACTIVE', 210001, 'DAV', SYSDATE()-INTERVAL 3106 DAY);
-- James#123
INSERT INTO WALLET_USER(USER_ID, EMAIL_ID, MOBILE_NUMBER, NAME, PASSWORD, USER_STATUS, SECURITY_QUESTION_ID, SECURITY_ANSWER, CREATED_TIMESTAMP) VALUES(12122, 'josephine@infy.com', '9697074345', 'Josephine Darakjy', '978453dbf926d7bbcb37b0f86e294c4ecb759fced89280538a6c6a69aaf6ab48', 'ACTIVE', 210002, 'Mysore', SYSDATE()-INTERVAL 3264 DAY);
-- Josephine#123
INSERT INTO WALLET_USER(USER_ID, EMAIL_ID, MOBILE_NUMBER, NAME, PASSWORD, USER_STATUS, SECURITY_QUESTION_ID, SECURITY_ANSWER, CREATED_TIMESTAMP) VALUES(12123, 'art@infy.com', '7645390904', 'Art Venere', '0b68ee7180d3cb6e374f420307536d5b52610e8842e7c4c8bd6842612ab4289e', 'ACTIVE', 210002, 'Bangalore', SYSDATE()-INTERVAL 3294 DAY);
-- Art#123
INSERT INTO WALLET_USER(USER_ID, EMAIL_ID, MOBILE_NUMBER, NAME, PASSWORD, USER_STATUS, SECURITY_QUESTION_ID, SECURITY_ANSWER, CREATED_TIMESTAMP) VALUES(12124, 'lenna@infy.com', '7562700652', 'Lenna Paprocki', 'b2dda1824b9e9aa20516543763e3768c88116420e46623fd0d1dbd4c9ad6b98f', 'ACTIVE', 210003, 'Haveri', SYSDATE()-INTERVAL 3125 DAY);
-- Lenna#123
INSERT INTO WALLET_USER(USER_ID, EMAIL_ID, MOBILE_NUMBER, NAME, PASSWORD, USER_STATUS, SECURITY_QUESTION_ID, SECURITY_ANSWER, CREATED_TIMESTAMP) VALUES(12125, 'donette@infy.com', '9301840463', 'Donette Foller', '52610539145f86cd8afbab90b218f124e54c2a5ca233fadb454b479cf15b7d37', 'ACTIVE', 210001, 'bloom public school', SYSDATE()-INTERVAL 3323 DAY);
-- Donette#123
INSERT INTO WALLET_USER(USER_ID, EMAIL_ID, MOBILE_NUMBER, NAME, PASSWORD, USER_STATUS, SECURITY_QUESTION_ID, SECURITY_ANSWER, CREATED_TIMESTAMP) VALUES(12126, 'simona@infy.com', '7570877817', 'Simona Morasca', 'c23fd97afd9dfd8c3993f27558ca56961a682b62ee19f553fe4dc64a8882334c', 'ACTIVE', 210004, 'bloom public school', SYSDATE()-INTERVAL 2761 DAY);
-- Simona#123
INSERT INTO WALLET_USER(USER_ID, EMAIL_ID, MOBILE_NUMBER, NAME, PASSWORD, USER_STATUS, SECURITY_QUESTION_ID, SECURITY_ANSWER, CREATED_TIMESTAMP) VALUES(12127, 'mitsue@infy.com', '7745199791', 'Mitsue Tollner', 'ee3c80a779ecdc1453e62e0f11ba4962032b7213139681bd5ff1e79f135060fe', 'ACTIVE', 210005, 'Farmer', SYSDATE()-INTERVAL 3320 DAY);
-- Mitsue#123
INSERT INTO WALLET_USER(USER_ID, EMAIL_ID, MOBILE_NUMBER, NAME, PASSWORD, USER_STATUS, SECURITY_QUESTION_ID, SECURITY_ANSWER, CREATED_TIMESTAMP) VALUES(12128, 'leota@infy.com', '8050541829', 'Leota Dilliard', '84c3ff449c257aa3b773f6fbc460cf1b270a0e03d9f8e346c6c3472f3a68dc81', 'ACTIVE', 210003, 'Patna', SYSDATE()-INTERVAL 3149 DAY);
-- Leota#123
INSERT INTO WALLET_USER(USER_ID, EMAIL_ID, MOBILE_NUMBER, NAME, PASSWORD, USER_STATUS, SECURITY_QUESTION_ID, SECURITY_ANSWER, CREATED_TIMESTAMP) VALUES(12129, 'sage@infy.com', '8562809253', 'Sage Wieser', '72cff628f0d50957353646508b5bb4fcdd2737d95812e2c92a1a668c0dc9b0ae', 'ACTIVE', 210001, 'presidency', SYSDATE()-INTERVAL 3099 DAY);
-- Sage#123
INSERT INTO WALLET_USER(USER_ID, EMAIL_ID, MOBILE_NUMBER, NAME, PASSWORD, USER_STATUS, SECURITY_QUESTION_ID, SECURITY_ANSWER, CREATED_TIMESTAMP) VALUES(12130, 'kris@infy.com', '9185619274', 'Kris Marrier', '8472a2ad56734e96c809487d0859e2db758262e44be1cd4498b7f1c7ea86fa06', 'ACTIVE', 210002, 'Delhi', SYSDATE()-INTERVAL 2810 DAY);
-- Kris#123
INSERT INTO WALLET_USER(USER_ID, EMAIL_ID, MOBILE_NUMBER, NAME, PASSWORD, USER_STATUS, SECURITY_QUESTION_ID, SECURITY_ANSWER, CREATED_TIMESTAMP) VALUES(12131, 'minna@infy.com', '8121360062', 'Minna Amigon', 'cde7ac35cb5e89b664ea5662f684e407a59ec35f7da57b887915f538a62f83df', 'ACTIVE', 210004, 'DPS', SYSDATE()-INTERVAL 3513 DAY);
-- Minna#123
INSERT INTO WALLET_USER(USER_ID, EMAIL_ID, MOBILE_NUMBER, NAME, PASSWORD, USER_STATUS, SECURITY_QUESTION_ID, SECURITY_ANSWER, CREATED_TIMESTAMP) VALUES(12132, 'abel@infy.com', '8687293308', 'Abel Maclead', '9054c34b2f5689b0f9b174710af817c58d5f095e28f6476f515140adc4026110', 'ACTIVE', 210003, 'Agra', SYSDATE()-INTERVAL 2618 DAY);
-- Abel#123
INSERT INTO WALLET_USER(USER_ID, EMAIL_ID, MOBILE_NUMBER, NAME, PASSWORD, USER_STATUS, SECURITY_QUESTION_ID, SECURITY_ANSWER, CREATED_TIMESTAMP) VALUES(12133, 'kiley@infy.com', '8561528975', 'Kiley Caldarera', 'e05194c537aac341f3470c83cd14935118c9dca9c45544276f8d21cb2948d4b9', 'ACTIVE', 210002, 'Mumbai', SYSDATE()-INTERVAL 3237 DAY);
-- Kiley#123
INSERT INTO WALLET_USER(USER_ID, EMAIL_ID, MOBILE_NUMBER, NAME, PASSWORD, USER_STATUS, SECURITY_QUESTION_ID, SECURITY_ANSWER, CREATED_TIMESTAMP) VALUES(12134, 'graciela@infy.com', '8748417160', 'Graciela Ruta', 'cd46a184d5c87330ed28e44a3054b621fbdefa9b81d444163b56ebe310be2519', 'ACTIVE', 210005, 'PostMaster', SYSDATE()-INTERVAL 2635 DAY);
-- Graciela#123
INSERT INTO WALLET_USER(USER_ID, EMAIL_ID, MOBILE_NUMBER, NAME, PASSWORD, USER_STATUS, SECURITY_QUESTION_ID, SECURITY_ANSWER, CREATED_TIMESTAMP) VALUES(12135, 'cammy@infy.com', '7834341980', 'Cammy Albares', '06c7d610182edbde03f8a2871bf51684da41a5322b3bb7b0cd7dfa3efed05378', 'ACTIVE', 210001, 'SRKVS', SYSDATE()-INTERVAL 2628 DAY);
-- Cammy#123
INSERT INTO WALLET_USER(USER_ID, EMAIL_ID, MOBILE_NUMBER, NAME, PASSWORD, USER_STATUS, SECURITY_QUESTION_ID, SECURITY_ANSWER, CREATED_TIMESTAMP) VALUES(12136, 'mattie@infy.com', '9114166119', 'Mattie Poquette', 'e001c5e897f0853c0309e151558235da3f8d9a37b8f6a94b045f68b7c6c79087', 'ACTIVE', 210004, 'GGPS', SYSDATE()-INTERVAL 2949 DAY);
-- Mattie#123
INSERT INTO WALLET_USER(USER_ID, EMAIL_ID, MOBILE_NUMBER, NAME, PASSWORD, USER_STATUS, SECURITY_QUESTION_ID, SECURITY_ANSWER, CREATED_TIMESTAMP) VALUES(12137, 'meaghan@infy.com', '9123496995', 'Meaghan Garufi', 'f98253ed25e0756e782394902be81ff03c5ca8bb577faf68ca1a14d3d0efbaf2', 'ACTIVE', 210002, 'Pune', SYSDATE()-INTERVAL 2825 DAY);
-- Meaghan#123
INSERT INTO WALLET_USER(USER_ID, EMAIL_ID, MOBILE_NUMBER, NAME, PASSWORD, USER_STATUS, SECURITY_QUESTION_ID, SECURITY_ANSWER, CREATED_TIMESTAMP) VALUES(12138, 'gladys@infy.com', '8677261325', 'Gladys Rim', '6954506ccae91548d2834f6d4280a9b0b332535711fc46788a07763f485e89de', 'ACTIVE', 210003, 'Kolkata', SYSDATE()-INTERVAL 2911 DAY);
-- Gladys#123
INSERT INTO WALLET_USER(USER_ID, EMAIL_ID, MOBILE_NUMBER, NAME, PASSWORD, USER_STATUS, SECURITY_QUESTION_ID, SECURITY_ANSWER, CREATED_TIMESTAMP) VALUES(12139, 'yuki@infy.com', '9810027068', 'Yuki Whobrey', 'c4352c223069d8d41ddf6d542bc59937a3aac7fc8da1d6a40cd8e34758879d67', 'ACTIVE', 210005, 'Teacher', SYSDATE()-INTERVAL 2560 DAY);
-- Yuki#123
INSERT INTO WALLET_USER(USER_ID, EMAIL_ID, MOBILE_NUMBER, NAME, PASSWORD, USER_STATUS, SECURITY_QUESTION_ID, SECURITY_ANSWER, CREATED_TIMESTAMP) VALUES(12140, 'fletcher@infy.com', '8422626375', 'Fletcher Flosi', 'c48d5870c763452cbced97b08105dc74e13b34fc34a54b6570988864ad4c5365', 'ACTIVE', 210004, 'Chinmaya', SYSDATE()-INTERVAL 2571 DAY);
-- Fletcher#123
INSERT INTO WALLET_USER(USER_ID, EMAIL_ID, MOBILE_NUMBER, NAME, PASSWORD, USER_STATUS, SECURITY_QUESTION_ID, SECURITY_ANSWER, CREATED_TIMESTAMP) VALUES(12141, 'bette@infy.com', '8771094794', 'Bette Nicka', '826d41faade42990ac4ce39c8fa03fd683f3817d0ee6880803f53d98e0cded9b', 'ACTIVE', 210002, 'Allahabad', SYSDATE()-INTERVAL 3176 DAY);
-- Bette#123
INSERT INTO WALLET_USER(USER_ID, EMAIL_ID, MOBILE_NUMBER, NAME, PASSWORD, USER_STATUS, SECURITY_QUESTION_ID, SECURITY_ANSWER, CREATED_TIMESTAMP) VALUES(12142, 'veronika@infy.com', '8932009236', 'Veronika Inouye', '870da7ff8146fca323aad5d8ecfcbd0336c99dfa2b90ba486d35979c2907baa0', 'ACTIVE', 210001, 'DPS', SYSDATE()-INTERVAL 2955 DAY);
-- Veronika#123
INSERT INTO WALLET_USER(USER_ID, EMAIL_ID, MOBILE_NUMBER, NAME, PASSWORD, USER_STATUS, SECURITY_QUESTION_ID, SECURITY_ANSWER, CREATED_TIMESTAMP) VALUES(12143, 'willard@infy.com', '7673297561', 'Willard Kolmetz', '31d3d8be1f242424a08f7845371ea65757f71c5ec20efcea0f6f2098ecc8ab17', 'ACTIVE', 210003, 'Kolhapur', SYSDATE()-INTERVAL 3077 DAY);
-- Willard#123
INSERT INTO WALLET_USER(USER_ID, EMAIL_ID, MOBILE_NUMBER, NAME, PASSWORD, USER_STATUS, SECURITY_QUESTION_ID, SECURITY_ANSWER, CREATED_TIMESTAMP) VALUES(12144, 'maryann@infy.com', '8103904047', 'Maryann Royster', 'daf6f125b46759adc02b4530787c483921a14b75103cb1b8a4e4d9a0bd60ed04', 'ACTIVE', 210005, 'Fishing', SYSDATE()-INTERVAL 2807 DAY);
-- Maryann#123
INSERT INTO WALLET_USER(USER_ID, EMAIL_ID, MOBILE_NUMBER, NAME, PASSWORD, USER_STATUS, SECURITY_QUESTION_ID, SECURITY_ANSWER, CREATED_TIMESTAMP) VALUES(12145, 'alisha@infy.com', '9173854831', 'Alisha Slusarski', 'c56dbaf1d0f6e7865e5c94cb33e528f8fde15eff2fdec69ef7146532a284665d', 'ACTIVE', 210004, 'Ayyappa', SYSDATE()-INTERVAL 3484 DAY);
-- Alisha#123
INSERT INTO WALLET_USER(USER_ID, EMAIL_ID, MOBILE_NUMBER, NAME, PASSWORD, USER_STATUS, SECURITY_QUESTION_ID, SECURITY_ANSWER, CREATED_TIMESTAMP) VALUES(12146, 'allene@infy.com', '8275605970', 'Allene Iturbide', '163f5907fd58c67198da8ebf4fc9524163605928076ca3a9bf411f9fb29e4ab7', 'ACTIVE', 210002, 'Chennai', SYSDATE()-INTERVAL 2820 DAY);
-- Allene#123
INSERT INTO WALLET_USER(USER_ID, EMAIL_ID, MOBILE_NUMBER, NAME, PASSWORD, USER_STATUS, SECURITY_QUESTION_ID, SECURITY_ANSWER, CREATED_TIMESTAMP) VALUES(12147, 'chanel@infy.com', '8106596783', 'Chanel Caudy', '2cf4e20f3e11f7cd31fbeec6475dc7d360fe1b8e2e4c4a3c05c217dfbb94ce30', 'ACTIVE', 210006, 'Pepper', SYSDATE()-INTERVAL 2960 DAY);
-- Chanel#123
INSERT INTO WALLET_USER(USER_ID, EMAIL_ID, MOBILE_NUMBER, NAME, PASSWORD, USER_STATUS, SECURITY_QUESTION_ID, SECURITY_ANSWER, CREATED_TIMESTAMP) VALUES(12148, 'ezekiel@infy.com', '7921384058', 'Ezekiel Chui', 'eb96b21b6d0b6cee02bed8b9873f4a35bf885b5585cdc0b4239b31f6f6a15942', 'ACTIVE', 210003, 'Ahmedabad', SYSDATE()-INTERVAL 3010 DAY);
-- Ezekiel#123
INSERT INTO WALLET_USER(USER_ID, EMAIL_ID, MOBILE_NUMBER, NAME, PASSWORD, USER_STATUS, SECURITY_QUESTION_ID, SECURITY_ANSWER, CREATED_TIMESTAMP) VALUES(12149, 'willow@infy.com', '8025667645', 'Willow Kusko', 'b1617926a647cf2d92fc706c8564b078196625bcb2756839a870a8f0c0c41534', 'ACTIVE', 210006, 'Benjamin', SYSDATE()-INTERVAL 3258 DAY);
-- Willow#123
INSERT INTO WALLET_USER(USER_ID, EMAIL_ID, MOBILE_NUMBER, NAME, PASSWORD, USER_STATUS, SECURITY_QUESTION_ID, SECURITY_ANSWER, CREATED_TIMESTAMP) VALUES(12150, 'bernardo@infy.com', '9902557031', 'Bernardo Figeroa', 'a6207c97baa904a3b358b5adb68d01376a46e3deb216de1e83f506236eeaf416', 'ACTIVE', 210004, 'St Joseph', SYSDATE()-INTERVAL 2593 DAY);
-- Bernardo#123
INSERT INTO WALLET_USER(USER_ID, EMAIL_ID, MOBILE_NUMBER, NAME, PASSWORD, USER_STATUS, SECURITY_QUESTION_ID, SECURITY_ANSWER, CREATED_TIMESTAMP) VALUES(12151, 'ammie@infy.com', '8747341311', 'Ammie Corrio', 'c4f3be638eb8b898e8c23547da4e763406332c32f45a495b7cf83ff08968ad04', 'ACTIVE', 210003, 'Vadodara', SYSDATE()-INTERVAL 3543 DAY);
-- Ammie#123
INSERT INTO WALLET_USER(USER_ID, EMAIL_ID, MOBILE_NUMBER, NAME, PASSWORD, USER_STATUS, SECURITY_QUESTION_ID, SECURITY_ANSWER, CREATED_TIMESTAMP) VALUES(12152, 'francine@infy.com', '9082094565', 'Francine Vocelka', '45761d0345821e2ad82f794661681545d90744315e5c8802345c98652688da7e', 'ACTIVE', 210001, 'MGMHSS', SYSDATE()-INTERVAL 2599 DAY);
-- Francine#123
INSERT INTO WALLET_USER(USER_ID, EMAIL_ID, MOBILE_NUMBER, NAME, PASSWORD, USER_STATUS, SECURITY_QUESTION_ID, SECURITY_ANSWER, CREATED_TIMESTAMP) VALUES(12153, 'ernie@infy.com', '8582513576', 'Ernie Stenseth', 'c254aff392b666ac4d41caa9ca055f542a5ed71c5cfa7d6fcc6c5e88dd65974d', 'ACTIVE', 210005, 'Doctor', SYSDATE()-INTERVAL 2953 DAY);
-- Ernie#123
INSERT INTO WALLET_USER(USER_ID, EMAIL_ID, MOBILE_NUMBER, NAME, PASSWORD, USER_STATUS, SECURITY_QUESTION_ID, SECURITY_ANSWER, CREATED_TIMESTAMP) VALUES(12154, 'albina@infy.com', '7662968873', 'Albina Glick', 'df1ce54bb6d29c2ccd35c6e35409ad3df5283ece6faa49fee86bc48359b2194a', 'ACTIVE', 210002, 'Hyderabad', SYSDATE()-INTERVAL 2959 DAY);
-- Albina#123
INSERT INTO WALLET_USER(USER_ID, EMAIL_ID, MOBILE_NUMBER, NAME, PASSWORD, USER_STATUS, SECURITY_QUESTION_ID, SECURITY_ANSWER, CREATED_TIMESTAMP) VALUES(12155, 'alishia@infy.com', '8533303178', 'Alishia Sergi', 'f72427ed244692de9b166fb1a1c05a1bd10f76644335b6744373bd6280baa661', 'ACTIVE', 210004, 'St Lawrence', SYSDATE()-INTERVAL 2616 DAY);
-- Alishia#123
INSERT INTO WALLET_USER(USER_ID, EMAIL_ID, MOBILE_NUMBER, NAME, PASSWORD, USER_STATUS, SECURITY_QUESTION_ID, SECURITY_ANSWER, CREATED_TIMESTAMP) VALUES(12156, 'solange@infy.com', '9548710245', 'Solange Shinko', '885dcc4a0fd2dc49a2fd25683615dc02fc9480bc29d045dba8fa14254bd60969', 'ACTIVE', 210003, 'Hubli', SYSDATE()-INTERVAL 3107 DAY);
-- Solange#123
INSERT INTO WALLET_USER(USER_ID, EMAIL_ID, MOBILE_NUMBER, NAME, PASSWORD, USER_STATUS, SECURITY_QUESTION_ID, SECURITY_ANSWER, CREATED_TIMESTAMP) VALUES(12157, 'jose@infy.com', '7822180388', 'Jose Stockham', '5104e0925e915616a76dc6795d981bb55a58d82423ce110eaf3e7edd088dffff', 'ACTIVE', 210006, 'Buddy', SYSDATE()-INTERVAL 2986 DAY);
-- Jose#123
INSERT INTO WALLET_USER(USER_ID, EMAIL_ID, MOBILE_NUMBER, NAME, PASSWORD, USER_STATUS, SECURITY_QUESTION_ID, SECURITY_ANSWER, CREATED_TIMESTAMP) VALUES(12158, 'rozella@infy.com', '8774596995', 'Rozella Ostrosky', 'e571e3b7973fac32a01a76693ed25dc617884f0bef85cfd494df8ad2d28697aa', 'ACTIVE', 210003, 'Vadodara', SYSDATE()-INTERVAL 3484 DAY);
-- Rozella#123
INSERT INTO WALLET_USER(USER_ID, EMAIL_ID, MOBILE_NUMBER, NAME, PASSWORD, USER_STATUS, SECURITY_QUESTION_ID, SECURITY_ANSWER, CREATED_TIMESTAMP) VALUES(12159, 'valentine@infy.com', '9680264622', 'Valentine Gillian', '3d2b32a8a453bcbf59ba463e8221c17ab8aab4764dcb02eaa4e1028b0145a16d', 'ACTIVE', 210005, 'Doctor', SYSDATE()-INTERVAL 3461 DAY);
-- Valentine#123
INSERT INTO WALLET_USER(USER_ID, EMAIL_ID, MOBILE_NUMBER, NAME, PASSWORD, USER_STATUS, SECURITY_QUESTION_ID, SECURITY_ANSWER, CREATED_TIMESTAMP) VALUES(12160, 'kati@infy.com', '9194880785', 'Kati Rulapaugh', '01a126999dca74a5556317132bf5d80be6fd745e4ff8022e0e60e9f665865fe2', 'ACTIVE', 210002, 'Delhi', SYSDATE()-INTERVAL 2972 DAY);
-- Kati#123
INSERT INTO WALLET_USER(USER_ID, EMAIL_ID, MOBILE_NUMBER, NAME, PASSWORD, USER_STATUS, SECURITY_QUESTION_ID, SECURITY_ANSWER, CREATED_TIMESTAMP) VALUES(12161, 'youlanda@infy.com', '8374311134', 'Youlanda Schemmer', 'a5fa4eaf1b7cec5afec8a85ccb2bad14449dfd3d9764944910b171025415e12c', 'ACTIVE', 210004, 'DPS', SYSDATE()-INTERVAL 3515 DAY);
-- Youlanda#123
INSERT INTO WALLET_USER(USER_ID, EMAIL_ID, MOBILE_NUMBER, NAME, PASSWORD, USER_STATUS, SECURITY_QUESTION_ID, SECURITY_ANSWER, CREATED_TIMESTAMP) VALUES(12162, 'dyan@infy.com', '9255658938', 'Dyan Oldroyd', '22bd2a5f11eb902ad715f61fc5edbff05600bb2eea04fdde5f8c4d909c896ccb', 'ACTIVE', 210003, 'Agra', SYSDATE()-INTERVAL 3125 DAY);
-- Dyan#123
INSERT INTO WALLET_USER(USER_ID, EMAIL_ID, MOBILE_NUMBER, NAME, PASSWORD, USER_STATUS, SECURITY_QUESTION_ID, SECURITY_ANSWER, CREATED_TIMESTAMP) VALUES(12163, 'roxane@infy.com', '9071604363', 'Roxane Campain', '51b655209ccfb893397b8b1b2fb6a202ba7a3b5796c8b8d2e1b04742a130dec4', 'ACTIVE', 210002, 'Mumbai', SYSDATE()-INTERVAL 2580 DAY);
-- Roxane#123
INSERT INTO WALLET_USER(USER_ID, EMAIL_ID, MOBILE_NUMBER, NAME, PASSWORD, USER_STATUS, SECURITY_QUESTION_ID, SECURITY_ANSWER, CREATED_TIMESTAMP) VALUES(12164, 'lavera@infy.com', '9651452642', 'Lavera Perin', 'c8625400ee8176a90397ecf6b505f4039f4a79fe438f2d44981645031b394edb', 'ACTIVE', 210005, 'PostMaster', SYSDATE()-INTERVAL 3524 DAY);
-- Lavera#123
INSERT INTO WALLET_USER(USER_ID, EMAIL_ID, MOBILE_NUMBER, NAME, PASSWORD, USER_STATUS, SECURITY_QUESTION_ID, SECURITY_ANSWER, CREATED_TIMESTAMP) VALUES(12165, 'erick@infy.com', '8260338991', 'Erick Ferencz', '8f976946c3a10ebad396e37862dd81757176731fbd05099e448536af7cafec4f', 'ACTIVE', 210001, 'SRKVS', SYSDATE()-INTERVAL 2926 DAY);
-- Erick#123
INSERT INTO WALLET_USER(USER_ID, EMAIL_ID, MOBILE_NUMBER, NAME, PASSWORD, USER_STATUS, SECURITY_QUESTION_ID, SECURITY_ANSWER, CREATED_TIMESTAMP) VALUES(12166, 'fatima@infy.com', '9029815527', 'Fatima Saylors', '6ccefbcb22a408ff7f712681b451b3882b43af08628a57a5dbc0da6fdfe28a8f', 'ACTIVE', 210004, 'GGPS', SYSDATE()-INTERVAL 3214 DAY);
-- Fatima#123
INSERT INTO WALLET_USER(USER_ID, EMAIL_ID, MOBILE_NUMBER, NAME, PASSWORD, USER_STATUS, SECURITY_QUESTION_ID, SECURITY_ANSWER, CREATED_TIMESTAMP) VALUES(12167, 'jina@infy.com', '8486693104', 'Jina Briddick', 'e8eb800e5213275858bc3045bfa72d93ae31386e5e7178be846661cdbe256225', 'INACTIVE', 210002, 'Pune', SYSDATE()-INTERVAL 3329 DAY);
-- Jina#123
INSERT INTO WALLET_USER(USER_ID, EMAIL_ID, MOBILE_NUMBER, NAME, PASSWORD, USER_STATUS, SECURITY_QUESTION_ID, SECURITY_ANSWER, CREATED_TIMESTAMP) VALUES(12168, 'kanisha@infy.com', '7705794340', 'Kanisha Waycott', 'e65732057322b7a37c951a1169d94f6803ae949a4d8b6c900660a76cfc48e8ae', 'ACTIVE', 210003, 'Kolkata', SYSDATE()-INTERVAL 2598 DAY);
-- Kanisha#123
INSERT INTO WALLET_USER(USER_ID, EMAIL_ID, MOBILE_NUMBER, NAME, PASSWORD, USER_STATUS, SECURITY_QUESTION_ID, SECURITY_ANSWER, CREATED_TIMESTAMP) VALUES(12169, 'emerson@infy.com', '8233865344', 'Emerson Bowley', '4132573a5ace76cd98621e56aebe3ebe0b77b9f230457a1538b6d2299ef5ad47', 'ACTIVE', 210005, 'Teacher', SYSDATE()-INTERVAL 2968 DAY);
-- Emerson#123
INSERT INTO WALLET_USER(USER_ID, EMAIL_ID, MOBILE_NUMBER, NAME, PASSWORD, USER_STATUS, SECURITY_QUESTION_ID, SECURITY_ANSWER, CREATED_TIMESTAMP) VALUES(12170, 'blair@infy.com', '8137908247', 'Blair Malet', '624230d264011b1f5967f96a4e9f773acae1461ab9a7b9b914c5bd0ac7ccc19a', 'ACTIVE', 210004, 'Chinmaya', SYSDATE()-INTERVAL 3502 DAY);
-- Blair#123


INSERT INTO BANK (BANK_ID, BANK_NAME) values (101, 'EDU Bank');

INSERT INTO MERCHANT(MERCHANT_ID,EMAIL_ID,MOBILE_NUMBER,NAME,PASSWORD,MERCHANT_STATUS,CREATED_TIMESTAMP) VALUES(1000, 'cescorp@infy.com', '7732779874', 'Calcutta Electric Supply Corporation(CESC)', 'd848bcaea1ad5c3568709f6f9cae5077f017bf5aa59ec4892592695b5207274b', 'ACTIVE', SYSDATE()-INTERVAL 3321 DAY);
--  CESCorp#123
INSERT INTO MERCHANT(MERCHANT_ID,EMAIL_ID,MOBILE_NUMBER,NAME,PASSWORD,MERCHANT_STATUS,CREATED_TIMESTAMP) VALUES(1001, 'mahanagargas@infy.com', '9436961996', 'Mahanagar Gas', 'd2721c95b6fefebc088535883a98c9ab00d969e015446009cc9353dd911542f7', 'ACTIVE', SYSDATE()-INTERVAL 3247 DAY);
--  MahanagarGas#123
INSERT INTO MERCHANT(MERCHANT_ID,EMAIL_ID,MOBILE_NUMBER,NAME,PASSWORD,MERCHANT_STATUS,CREATED_TIMESTAMP) VALUES(1002, 'beserajdhani@infy.com', '8039264472', 'BESE Rajdhani', 'f4db69b69640f0d23e04d540638b35c9ad12b7b2e78f285107dbd218cc36fb91', 'ACTIVE', SYSDATE()-INTERVAL 2686 DAY);
--  BESERajdhani#123
INSERT INTO MERCHANT(MERCHANT_ID,EMAIL_ID,MOBILE_NUMBER,NAME,PASSWORD,MERCHANT_STATUS,CREATED_TIMESTAMP) VALUES(1003, 'bsesyamuna@infy.com', '9956582165', 'BSES Yamuna', 'eceac87a3387f6045fc2d0f42910e5e87944c725ed2a3d84472d8399286c0506', 'ACTIVE', SYSDATE()-INTERVAL 2991 DAY);
--  BSESYamuna#123
INSERT INTO MERCHANT(MERCHANT_ID,EMAIL_ID,MOBILE_NUMBER,NAME,PASSWORD,MERCHANT_STATUS,CREATED_TIMESTAMP) VALUES(1004, 'bsnltd@infy.com', '9427841123', 'BSNL', '0eb9a9b4b33115cd7b8d03c728ccd68069a7b5f4dad59a86bfda6f89d1328e51', 'ACTIVE', SYSDATE()-INTERVAL 2830 DAY);
--  BSNLtd#123
INSERT INTO MERCHANT(MERCHANT_ID,EMAIL_ID,MOBILE_NUMBER,NAME,PASSWORD,MERCHANT_STATUS,CREATED_TIMESTAMP) VALUES(1005, 'avvnigam@infy.com', '9500004390', 'Ajmer Vidyut Vitran Nigam', 'cf1e35eb356851c70c220f420f5523559010dc27b0dc2bef9c516f0000171cda', 'ACTIVE', SYSDATE()-INTERVAL 3500 DAY);
--  AVVNigam#123
INSERT INTO MERCHANT(MERCHANT_ID,EMAIL_ID,MOBILE_NUMBER,NAME,PASSWORD,MERCHANT_STATUS,CREATED_TIMESTAMP) VALUES(1006, 'acwucltd@infy.com', '9515234956', 'Aurangabad City Water Utility Company LTD', 'a76dad7cd3cfcc3b3428d26ab6b3f5a4060bda67466d7a627d94f05aff1106c9', 'ACTIVE', SYSDATE()-INTERVAL 2687 DAY);
--  ACWUCLtd#123
INSERT INTO MERCHANT(MERCHANT_ID,EMAIL_ID,MOBILE_NUMBER,NAME,PASSWORD,MERCHANT_STATUS,CREATED_TIMESTAMP) VALUES(1007, 'bedcpltd@infy.com', '9231947292', 'Bhagalpur Electricity Distribution Company(BEDCPL)', 'c186906d87d7c64fd571ef05dfb7da0012f46f4d94581ed26085126e310ec2d3', 'ACTIVE', SYSDATE()-INTERVAL 2916 DAY);
--  BEDCPLtd#123
INSERT INTO MERCHANT(MERCHANT_ID,EMAIL_ID,MOBILE_NUMBER,NAME,PASSWORD,MERCHANT_STATUS,CREATED_TIMESTAMP) VALUES(1008, 'airtel@infy.com', '9300327965', 'Airtel', '5c69373f5a026e2a8f3c971c4653ab5a80cf1935a6b8153e151c7b963d80e751', 'ACTIVE', SYSDATE()-INTERVAL 2763 DAY);
--  Airtel#123
INSERT INTO MERCHANT(MERCHANT_ID,EMAIL_ID,MOBILE_NUMBER,NAME,PASSWORD,MERCHANT_STATUS,CREATED_TIMESTAMP) VALUES(1009, 'relaince@infy.com', '8775509886', 'Relaince', '8cd586886304966278382091e131cc1f78931f1969fff0a21726df8bdcf99ea9', 'ACTIVE', SYSDATE()-INTERVAL 3403 DAY);
--  Relaince#123
INSERT INTO MERCHANT(MERCHANT_ID,EMAIL_ID,MOBILE_NUMBER,NAME,PASSWORD,MERCHANT_STATUS,CREATED_TIMESTAMP) VALUES(1010, 'bescomltd@infy.com', '8317720728', 'Bangalore Electricity Supply Company Limited(BESCOM)', 'ba2d25cd897480a42024604d4866aefe5c25b33fa6cfabd28633b2aebfae3987', 'ACTIVE', SYSDATE()-INTERVAL 2575 DAY);
--  BESCOMLtd#123
INSERT INTO MERCHANT(MERCHANT_ID,EMAIL_ID,MOBILE_NUMBER,NAME,PASSWORD,MERCHANT_STATUS,CREATED_TIMESTAMP) VALUES(1011, 'bharatgas@infy.com', '8028783636', 'Bharat Gas', 'd5745621e2cd7a7796f898596bb63abb8a771ef4520ee5ab89aff2f88aeb22f7', 'ACTIVE', SYSDATE()-INTERVAL 3234 DAY);
--  BharatGas#123
INSERT INTO MERCHANT(MERCHANT_ID,EMAIL_ID,MOBILE_NUMBER,NAME,PASSWORD,MERCHANT_STATUS,CREATED_TIMESTAMP) VALUES(1012, 'mtnltd@infy.com', '9963068433', 'MTNL', 'cc42086bbe39515ed5c83e0fb9f2676118c230f23ad92dbb75dafb1fd92c547f', 'ACTIVE', SYSDATE()-INTERVAL 3041 DAY);
--  MTNLtd#123
INSERT INTO MERCHANT(MERCHANT_ID,EMAIL_ID,MOBILE_NUMBER,NAME,PASSWORD,MERCHANT_STATUS,CREATED_TIMESTAMP) VALUES(1013, 'delhijalboard@infy.com', '9226291043', 'Delhi Jal Board', 'd3a207e45004b219de14a92c2c9514f65e2605c5c0e5b59de389ee4b03e43c66', 'ACTIVE', SYSDATE()-INTERVAL 2978 DAY);
--  DelhiJalBoard#123
INSERT INTO MERCHANT(MERCHANT_ID,EMAIL_ID,MOBILE_NUMBER,NAME,PASSWORD,MERCHANT_STATUS,CREATED_TIMESTAMP) VALUES(1014, 'npcltd@infy.com', '7900658400', 'Noida Power Company LTD(NPCL)', '39457ff35499507364d1e2d00ffc02dd19ca116ed226f70f9933a47ac3fcfce9', 'ACTIVE', SYSDATE()-INTERVAL 3065 DAY);
--  NPCLtd#123
INSERT INTO MERCHANT(MERCHANT_ID,EMAIL_ID,MOBILE_NUMBER,NAME,PASSWORD,MERCHANT_STATUS,CREATED_TIMESTAMP) VALUES(1015, 'tata@infy.com', '8408384862', 'Tata', '729b8cc24031eb72c616072f4aed0b0e290a682faad17f22c62d629fce87a7a9', 'ACTIVE', SYSDATE()-INTERVAL 3092 DAY);
--  Tata#123
INSERT INTO MERCHANT(MERCHANT_ID,EMAIL_ID,MOBILE_NUMBER,NAME,PASSWORD,MERCHANT_STATUS,CREATED_TIMESTAMP) VALUES(1016, 'adanigaslimited@infy.com', '7767062372', 'Adani Gas Limited', '4b254d8ad6813c9ad50e31c80548cfe36c299616cdb7f4053c85b1f61a962564', 'ACTIVE', SYSDATE()-INTERVAL 2644 DAY);
--  AdaniGasLimited#123
INSERT INTO MERCHANT(MERCHANT_ID,EMAIL_ID,MOBILE_NUMBER,NAME,PASSWORD,MERCHANT_STATUS,CREATED_TIMESTAMP) VALUES(1017, 'connect@infy.com', '8325054935', 'Connect', 'e9d0faec575dce4d18c74a2c8cd5e1aaf4c4f84decd0eb09dc09ae8a70f32b6f', 'ACTIVE', SYSDATE()-INTERVAL 3065 DAY);
--  Connect#123
INSERT INTO MERCHANT(MERCHANT_ID,EMAIL_ID,MOBILE_NUMBER,NAME,PASSWORD,MERCHANT_STATUS,CREATED_TIMESTAMP) VALUES(1018, 'matrix@infy.com', '8265559118', 'Matrix', '3a4e9af038046e3b14d530c512b5aeefb6ff1fc7d9a9beffe8a839d6894bf105', 'ACTIVE', SYSDATE()-INTERVAL 2622 DAY);
--  Matrix#123
INSERT INTO MERCHANT(MERCHANT_ID,EMAIL_ID,MOBILE_NUMBER,NAME,PASSWORD,MERCHANT_STATUS,CREATED_TIMESTAMP) VALUES(1019, 'stilenergyltd@infy.com', '8262213869', 'Stil Energy LTD', 'cafed0186d0d6ac11299db87860f943a12ab193a51c1b5b1b50867590ca73b32', 'ACTIVE', SYSDATE()-INTERVAL 3232 DAY);
--  StilEnergyLTD#123
INSERT INTO MERCHANT(MERCHANT_ID,EMAIL_ID,MOBILE_NUMBER,NAME,PASSWORD,MERCHANT_STATUS,CREATED_TIMESTAMP) VALUES(1020, 'mtstelcom@infy.com', '9776383465', 'MTS', 'acdac5c092aceb173b53d31508612444fb0fffbb72f3cec2d637b468442b451e', 'ACTIVE', SYSDATE()-INTERVAL 3111 DAY);
--  MTSTelcom#123
INSERT INTO MERCHANT(MERCHANT_ID,EMAIL_ID,MOBILE_NUMBER,NAME,PASSWORD,MERCHANT_STATUS,CREATED_TIMESTAMP) VALUES(1021, 'sndlnagpur@infy.com', '7699150406', 'SNDL Nagpur', '0d1752afaf74621e17e9da67e9de6fa82d887d8cfc33b0c9237aca5ce99682b0', 'ACTIVE', SYSDATE()-INTERVAL 3232 DAY);
--  SNDLNagpur#123


INSERT INTO MERCHANT_SERVICE_TYPE (SERVICE_ID, SERVICE_TYPE) values (1, 'Water Bill Payment');
INSERT INTO MERCHANT_SERVICE_TYPE (SERVICE_ID, SERVICE_TYPE) values (2, 'Electricity Bill Payment');
INSERT INTO MERCHANT_SERVICE_TYPE (SERVICE_ID, SERVICE_TYPE) values (3, 'Gas Bill Payment');
INSERT INTO MERCHANT_SERVICE_TYPE (SERVICE_ID, SERVICE_TYPE) values (4, 'Landline Bill Payment');
INSERT INTO MERCHANT_SERVICE_TYPE (SERVICE_ID, SERVICE_TYPE) values (5, 'Postpaid Mobile Bill Payment');
INSERT INTO MERCHANT_SERVICE_TYPE (SERVICE_ID, SERVICE_TYPE) values (6, 'Postpaid Data Card Bill Payment');
INSERT INTO MERCHANT_SERVICE_TYPE (SERVICE_ID, SERVICE_TYPE) values (7, 'Brodband Bill Payment');

INSERT INTO MERCHANT_SERVICE_MAPPING(MERCHANT_ID,SERVICE_ID) VALUES(1000, 2);
INSERT INTO MERCHANT_SERVICE_MAPPING(MERCHANT_ID,SERVICE_ID) VALUES(1001, 3);
INSERT INTO MERCHANT_SERVICE_MAPPING(MERCHANT_ID,SERVICE_ID) VALUES(1002, 2);
INSERT INTO MERCHANT_SERVICE_MAPPING(MERCHANT_ID,SERVICE_ID) VALUES(1003, 2);
INSERT INTO MERCHANT_SERVICE_MAPPING(MERCHANT_ID,SERVICE_ID) VALUES(1004, 4);
INSERT INTO MERCHANT_SERVICE_MAPPING(MERCHANT_ID,SERVICE_ID) VALUES(1004, 5);
INSERT INTO MERCHANT_SERVICE_MAPPING(MERCHANT_ID,SERVICE_ID) VALUES(1004, 6);
INSERT INTO MERCHANT_SERVICE_MAPPING(MERCHANT_ID,SERVICE_ID) VALUES(1004, 7);
INSERT INTO MERCHANT_SERVICE_MAPPING(MERCHANT_ID,SERVICE_ID) VALUES(1005, 2);
INSERT INTO MERCHANT_SERVICE_MAPPING(MERCHANT_ID,SERVICE_ID) VALUES(1006, 1);
INSERT INTO MERCHANT_SERVICE_MAPPING(MERCHANT_ID,SERVICE_ID) VALUES(1007, 2);
INSERT INTO MERCHANT_SERVICE_MAPPING(MERCHANT_ID,SERVICE_ID) VALUES(1008, 4);
INSERT INTO MERCHANT_SERVICE_MAPPING(MERCHANT_ID,SERVICE_ID) VALUES(1008, 5);
INSERT INTO MERCHANT_SERVICE_MAPPING(MERCHANT_ID,SERVICE_ID) VALUES(1008, 6);
INSERT INTO MERCHANT_SERVICE_MAPPING(MERCHANT_ID,SERVICE_ID) VALUES(1008, 7);
INSERT INTO MERCHANT_SERVICE_MAPPING(MERCHANT_ID,SERVICE_ID) VALUES(1009, 4);
INSERT INTO MERCHANT_SERVICE_MAPPING(MERCHANT_ID,SERVICE_ID) VALUES(1009, 5);
INSERT INTO MERCHANT_SERVICE_MAPPING(MERCHANT_ID,SERVICE_ID) VALUES(1009, 6);
INSERT INTO MERCHANT_SERVICE_MAPPING(MERCHANT_ID,SERVICE_ID) VALUES(1009, 7);
INSERT INTO MERCHANT_SERVICE_MAPPING(MERCHANT_ID,SERVICE_ID) VALUES(1010, 2);
INSERT INTO MERCHANT_SERVICE_MAPPING(MERCHANT_ID,SERVICE_ID) VALUES(1011, 3);
INSERT INTO MERCHANT_SERVICE_MAPPING(MERCHANT_ID,SERVICE_ID) VALUES(1012, 4);
INSERT INTO MERCHANT_SERVICE_MAPPING(MERCHANT_ID,SERVICE_ID) VALUES(1013, 1);
INSERT INTO MERCHANT_SERVICE_MAPPING(MERCHANT_ID,SERVICE_ID) VALUES(1014, 2);
INSERT INTO MERCHANT_SERVICE_MAPPING(MERCHANT_ID,SERVICE_ID) VALUES(1015, 2);
INSERT INTO MERCHANT_SERVICE_MAPPING(MERCHANT_ID,SERVICE_ID) VALUES(1015, 4);
INSERT INTO MERCHANT_SERVICE_MAPPING(MERCHANT_ID,SERVICE_ID) VALUES(1015, 5);
INSERT INTO MERCHANT_SERVICE_MAPPING(MERCHANT_ID,SERVICE_ID) VALUES(1015, 6);
INSERT INTO MERCHANT_SERVICE_MAPPING(MERCHANT_ID,SERVICE_ID) VALUES(1015, 7);
INSERT INTO MERCHANT_SERVICE_MAPPING(MERCHANT_ID,SERVICE_ID) VALUES(1016, 3);
INSERT INTO MERCHANT_SERVICE_MAPPING(MERCHANT_ID,SERVICE_ID) VALUES(1017, 7);
INSERT INTO MERCHANT_SERVICE_MAPPING(MERCHANT_ID,SERVICE_ID) VALUES(1018, 7);
INSERT INTO MERCHANT_SERVICE_MAPPING(MERCHANT_ID,SERVICE_ID) VALUES(1019, 2);
INSERT INTO MERCHANT_SERVICE_MAPPING(MERCHANT_ID,SERVICE_ID) VALUES(1020, 4);
INSERT INTO MERCHANT_SERVICE_MAPPING(MERCHANT_ID,SERVICE_ID) VALUES(1021, 2);

INSERT INTO PAYMENT_TYPE(PAYMENT_TYPE_ID, PAYMENT_FROM, PAYMENT_TO, PAYMENT_TYPE) values (1,'W','W','C');
INSERT INTO PAYMENT_TYPE(PAYMENT_TYPE_ID, PAYMENT_FROM, PAYMENT_TO, PAYMENT_TYPE) values (2,'W','W','D');
INSERT INTO PAYMENT_TYPE(PAYMENT_TYPE_ID, PAYMENT_FROM, PAYMENT_TO, PAYMENT_TYPE) values (3,'W','B','D');
INSERT INTO PAYMENT_TYPE(PAYMENT_TYPE_ID, PAYMENT_FROM, PAYMENT_TO, PAYMENT_TYPE) values (4,'B','W','C');
INSERT INTO PAYMENT_TYPE(PAYMENT_TYPE_ID, PAYMENT_FROM, PAYMENT_TO, PAYMENT_TYPE) values (5,'W','M','C');
INSERT INTO PAYMENT_TYPE(PAYMENT_TYPE_ID, PAYMENT_FROM, PAYMENT_TO, PAYMENT_TYPE) values (6,'W','M','D');
INSERT INTO PAYMENT_TYPE(PAYMENT_TYPE_ID, PAYMENT_FROM, PAYMENT_TO, PAYMENT_TYPE) values (7,'M','B','D');

INSERT INTO USER_TRANSACTION(USER_TRANSACTION_ID,AMOUNT,TRANSACTION_DATE_TIME,PAYMENT_TYPE_ID,REMARKS,INFO,TRANSACTION_STATUS,POINTS_EARNED,IS_REDEEMED, USER_ID) VALUES(1212003, 257.24, SYSDATE()-INTERVAL 1659 DAY, 4, 'C', 'money credited from bank', 'SUCCESS', 0, 'N', 12148);
INSERT INTO USER_TRANSACTION(USER_TRANSACTION_ID,AMOUNT,TRANSACTION_DATE_TIME,PAYMENT_TYPE_ID,REMARKS,INFO,TRANSACTION_STATUS,POINTS_EARNED,IS_REDEEMED, USER_ID) VALUES(1212004, 821.59, SYSDATE()-INTERVAL 1654 DAY, 4, 'C', 'money credited from bank', 'SUCCESS', 0, 'N', 12153);
INSERT INTO USER_TRANSACTION(USER_TRANSACTION_ID,AMOUNT,TRANSACTION_DATE_TIME,PAYMENT_TYPE_ID,REMARKS,INFO,TRANSACTION_STATUS,POINTS_EARNED,IS_REDEEMED, USER_ID) VALUES(1212005, 693.05, SYSDATE()-INTERVAL 1649 DAY, 4, 'C', 'money credited from bank', 'SUCCESS', 0, 'N', 12159);
INSERT INTO USER_TRANSACTION(USER_TRANSACTION_ID,AMOUNT,TRANSACTION_DATE_TIME,PAYMENT_TYPE_ID,REMARKS,INFO,TRANSACTION_STATUS,POINTS_EARNED,IS_REDEEMED, USER_ID) VALUES(1212006, 952.94, SYSDATE()-INTERVAL 1645 DAY, 4, 'C', 'money credited from bank', 'SUCCESS', 0, 'N', 12143);
INSERT INTO USER_TRANSACTION(USER_TRANSACTION_ID,AMOUNT,TRANSACTION_DATE_TIME,PAYMENT_TYPE_ID,REMARKS,INFO,TRANSACTION_STATUS,POINTS_EARNED,IS_REDEEMED, USER_ID) VALUES(1212007, 814.78, SYSDATE()-INTERVAL 1641 DAY, 4, 'C', 'money credited from bank', 'SUCCESS', 0, 'N', 12154);
INSERT INTO USER_TRANSACTION(USER_TRANSACTION_ID,AMOUNT,TRANSACTION_DATE_TIME,PAYMENT_TYPE_ID,REMARKS,INFO,TRANSACTION_STATUS,POINTS_EARNED,IS_REDEEMED, USER_ID) VALUES(1212008, 653.24, SYSDATE()-INTERVAL 1637 DAY, 4, 'C', 'money credited from bank', 'SUCCESS', 0, 'N', 12163);
INSERT INTO USER_TRANSACTION(USER_TRANSACTION_ID,AMOUNT,TRANSACTION_DATE_TIME,PAYMENT_TYPE_ID,REMARKS,INFO,TRANSACTION_STATUS,POINTS_EARNED,IS_REDEEMED, USER_ID) VALUES(1212009, 409.48, SYSDATE()-INTERVAL 1636 DAY, 4, 'C', 'money credited from bank', 'SUCCESS', 0, 'N', 12142);
INSERT INTO USER_TRANSACTION(USER_TRANSACTION_ID,AMOUNT,TRANSACTION_DATE_TIME,PAYMENT_TYPE_ID,REMARKS,INFO,TRANSACTION_STATUS,POINTS_EARNED,IS_REDEEMED, USER_ID) VALUES(1212010, 349.59, SYSDATE()-INTERVAL 1633 DAY, 1, 'C', 'money recieved from willard@infy.com', 'SUCCESS', 0, 'N', 12133);
INSERT INTO USER_TRANSACTION(USER_TRANSACTION_ID,AMOUNT,TRANSACTION_DATE_TIME,PAYMENT_TYPE_ID,REMARKS,INFO,TRANSACTION_STATUS,POINTS_EARNED,IS_REDEEMED, USER_ID) VALUES(1212011, 349.59, SYSDATE()-INTERVAL 1633 DAY, 2, 'D', 'money sent to kiley@infy.com', 'SUCCESS', 0, 'N', 12143);
INSERT INTO USER_TRANSACTION(USER_TRANSACTION_ID,AMOUNT,TRANSACTION_DATE_TIME,PAYMENT_TYPE_ID,REMARKS,INFO,TRANSACTION_STATUS,POINTS_EARNED,IS_REDEEMED, USER_ID) VALUES(1212012, 169.99, SYSDATE()-INTERVAL 1632 DAY, 2, 'D', 'money sent to fletcher@infy.com', 'SUCCESS', 0, 'N', 12133);
INSERT INTO USER_TRANSACTION(USER_TRANSACTION_ID,AMOUNT,TRANSACTION_DATE_TIME,PAYMENT_TYPE_ID,REMARKS,INFO,TRANSACTION_STATUS,POINTS_EARNED,IS_REDEEMED, USER_ID) VALUES(1212013, 169.99, SYSDATE()-INTERVAL 1632 DAY, 1, 'C', 'money recieved from kiley@infy.com', 'SUCCESS', 0, 'N', 12140);
INSERT INTO USER_TRANSACTION(USER_TRANSACTION_ID,AMOUNT,TRANSACTION_DATE_TIME,PAYMENT_TYPE_ID,REMARKS,INFO,TRANSACTION_STATUS,POINTS_EARNED,IS_REDEEMED, USER_ID) VALUES(1212014, 63.82, SYSDATE()-INTERVAL 1631 DAY, 3, 'D', 'money deposited to bank', 'SUCCESS', 0, 'N', 12153);
INSERT INTO USER_TRANSACTION(USER_TRANSACTION_ID,AMOUNT,TRANSACTION_DATE_TIME,PAYMENT_TYPE_ID,REMARKS,INFO,TRANSACTION_STATUS,POINTS_EARNED,IS_REDEEMED, USER_ID) VALUES(1212015, 767.26, SYSDATE()-INTERVAL 1629 DAY, 4, 'C', 'money credited from bank', 'SUCCESS', 0, 'N', 12136);
INSERT INTO USER_TRANSACTION(USER_TRANSACTION_ID,AMOUNT,TRANSACTION_DATE_TIME,PAYMENT_TYPE_ID,REMARKS,INFO,TRANSACTION_STATUS,POINTS_EARNED,IS_REDEEMED, USER_ID) VALUES(1212016, 838.18, SYSDATE()-INTERVAL 1624 DAY, 4, 'C', 'money credited from bank', 'SUCCESS', 0, 'N', 12164);
INSERT INTO USER_TRANSACTION(USER_TRANSACTION_ID,AMOUNT,TRANSACTION_DATE_TIME,PAYMENT_TYPE_ID,REMARKS,INFO,TRANSACTION_STATUS,POINTS_EARNED,IS_REDEEMED, USER_ID) VALUES(1212017, 647.81, SYSDATE()-INTERVAL 1620 DAY, 4, 'C', 'money credited from bank', 'SUCCESS', 0, 'N', 12140);
INSERT INTO USER_TRANSACTION(USER_TRANSACTION_ID,AMOUNT,TRANSACTION_DATE_TIME,PAYMENT_TYPE_ID,REMARKS,INFO,TRANSACTION_STATUS,POINTS_EARNED,IS_REDEEMED, USER_ID) VALUES(1212018, 900.91, SYSDATE()-INTERVAL 1618 DAY, 4, 'C', 'money credited from bank', 'SUCCESS', 0, 'N', 12128);
INSERT INTO USER_TRANSACTION(USER_TRANSACTION_ID,AMOUNT,TRANSACTION_DATE_TIME,PAYMENT_TYPE_ID,REMARKS,INFO,TRANSACTION_STATUS,POINTS_EARNED,IS_REDEEMED, USER_ID) VALUES(1212019, 350.56, SYSDATE()-INTERVAL 1615 DAY, 1, 'C', 'money recieved from roxane@infy.com', 'SUCCESS', 0, 'N', 12161);
INSERT INTO USER_TRANSACTION(USER_TRANSACTION_ID,AMOUNT,TRANSACTION_DATE_TIME,PAYMENT_TYPE_ID,REMARKS,INFO,TRANSACTION_STATUS,POINTS_EARNED,IS_REDEEMED, USER_ID) VALUES(1212020, 350.56, SYSDATE()-INTERVAL 1615 DAY, 2, 'D', 'money sent to youlanda@infy.com', 'SUCCESS', 0, 'N', 12163);
INSERT INTO USER_TRANSACTION(USER_TRANSACTION_ID,AMOUNT,TRANSACTION_DATE_TIME,PAYMENT_TYPE_ID,REMARKS,INFO,TRANSACTION_STATUS,POINTS_EARNED,IS_REDEEMED, USER_ID) VALUES(1212021, 338.26, SYSDATE()-INTERVAL 1614 DAY, 2, 'D', 'money sent to leota@infy.com', 'SUCCESS', 0, 'N', 12153);
INSERT INTO USER_TRANSACTION(USER_TRANSACTION_ID,AMOUNT,TRANSACTION_DATE_TIME,PAYMENT_TYPE_ID,REMARKS,INFO,TRANSACTION_STATUS,POINTS_EARNED,IS_REDEEMED, USER_ID) VALUES(1212022, 338.26, SYSDATE()-INTERVAL 1614 DAY, 1, 'C', 'money recieved from ernie@infy.com', 'SUCCESS', 0, 'N', 12128);
INSERT INTO USER_TRANSACTION(USER_TRANSACTION_ID,AMOUNT,TRANSACTION_DATE_TIME,PAYMENT_TYPE_ID,REMARKS,INFO,TRANSACTION_STATUS,POINTS_EARNED,IS_REDEEMED, USER_ID) VALUES(1212023, 364.26, SYSDATE()-INTERVAL 1609 DAY, 6, 'D', 'money payed to fissure@infy.com', 'SUCCESS', 37, 'N', 12159);
INSERT INTO USER_TRANSACTION(USER_TRANSACTION_ID,AMOUNT,TRANSACTION_DATE_TIME,PAYMENT_TYPE_ID,REMARKS,INFO,TRANSACTION_STATUS,POINTS_EARNED,IS_REDEEMED, USER_ID) VALUES(1212025, 483.92, SYSDATE()-INTERVAL 1608 DAY, 4, 'C', 'money credited from bank', 'SUCCESS', 0, 'N', 12152);
INSERT INTO USER_TRANSACTION(USER_TRANSACTION_ID,AMOUNT,TRANSACTION_DATE_TIME,PAYMENT_TYPE_ID,REMARKS,INFO,TRANSACTION_STATUS,POINTS_EARNED,IS_REDEEMED, USER_ID) VALUES(1212026, 493.87, SYSDATE()-INTERVAL 1605 DAY, 6, 'D', 'money payed to fhpLtd@infy.com', 'SUCCESS', 50, 'N', 12128);
INSERT INTO USER_TRANSACTION(USER_TRANSACTION_ID,AMOUNT,TRANSACTION_DATE_TIME,PAYMENT_TYPE_ID,REMARKS,INFO,TRANSACTION_STATUS,POINTS_EARNED,IS_REDEEMED, USER_ID) VALUES(1212028, 367.88, SYSDATE()-INTERVAL 1600 DAY, 4, 'C', 'money credited from bank', 'SUCCESS', 0, 'N', 12146);
INSERT INTO USER_TRANSACTION(USER_TRANSACTION_ID,AMOUNT,TRANSACTION_DATE_TIME,PAYMENT_TYPE_ID,REMARKS,INFO,TRANSACTION_STATUS,POINTS_EARNED,IS_REDEEMED, USER_ID) VALUES(1212029, 957.5, SYSDATE()-INTERVAL 1599 DAY, 4, 'C', 'money credited from bank', 'SUCCESS', 0, 'N', 12123);
INSERT INTO USER_TRANSACTION(USER_TRANSACTION_ID,AMOUNT,TRANSACTION_DATE_TIME,PAYMENT_TYPE_ID,REMARKS,INFO,TRANSACTION_STATUS,POINTS_EARNED,IS_REDEEMED, USER_ID) VALUES(1212030, 718.14, SYSDATE()-INTERVAL 1596 DAY, 6, 'D', 'money payed to matrix@infy.com', 'SUCCESS', 72, 'N', 12164);
INSERT INTO USER_TRANSACTION(USER_TRANSACTION_ID,AMOUNT,TRANSACTION_DATE_TIME,PAYMENT_TYPE_ID,REMARKS,INFO,TRANSACTION_STATUS,POINTS_EARNED,IS_REDEEMED, USER_ID) VALUES(1212032, 151.16, SYSDATE()-INTERVAL 1593 DAY, 4, 'C', 'money credited from bank', 'SUCCESS', 0, 'N', 12164);
INSERT INTO USER_TRANSACTION(USER_TRANSACTION_ID,AMOUNT,TRANSACTION_DATE_TIME,PAYMENT_TYPE_ID,REMARKS,INFO,TRANSACTION_STATUS,POINTS_EARNED,IS_REDEEMED, USER_ID) VALUES(1212033, 644.29, SYSDATE()-INTERVAL 1590 DAY, 3, 'D', 'money deposited to bank', 'SUCCESS', 0, 'N', 12154);
INSERT INTO USER_TRANSACTION(USER_TRANSACTION_ID,AMOUNT,TRANSACTION_DATE_TIME,PAYMENT_TYPE_ID,REMARKS,INFO,TRANSACTION_STATUS,POINTS_EARNED,IS_REDEEMED, USER_ID) VALUES(1212034, 9.16, SYSDATE()-INTERVAL 1588 DAY, 1, 'C', 'money recieved from youlanda@infy.com', 'SUCCESS', 0, 'N', 12137);
INSERT INTO USER_TRANSACTION(USER_TRANSACTION_ID,AMOUNT,TRANSACTION_DATE_TIME,PAYMENT_TYPE_ID,REMARKS,INFO,TRANSACTION_STATUS,POINTS_EARNED,IS_REDEEMED, USER_ID) VALUES(1212035, 9.16, SYSDATE()-INTERVAL 1588 DAY, 2, 'D', 'money sent to meaghan@infy.com', 'SUCCESS', 0, 'N', 12161);
INSERT INTO USER_TRANSACTION(USER_TRANSACTION_ID,AMOUNT,TRANSACTION_DATE_TIME,PAYMENT_TYPE_ID,REMARKS,INFO,TRANSACTION_STATUS,POINTS_EARNED,IS_REDEEMED, USER_ID) VALUES(1212036, 103.97, SYSDATE()-INTERVAL 1583 DAY, 3, 'D', 'money deposited to bank', 'SUCCESS', 0, 'N', 12136);
INSERT INTO USER_TRANSACTION(USER_TRANSACTION_ID,AMOUNT,TRANSACTION_DATE_TIME,PAYMENT_TYPE_ID,REMARKS,INFO,TRANSACTION_STATUS,POINTS_EARNED,IS_REDEEMED, USER_ID) VALUES(1212037, 29.52, SYSDATE()-INTERVAL 1579 DAY, 6, 'D', 'money payed to fissure@infy.com', 'SUCCESS', 3, 'N', 12143);
INSERT INTO USER_TRANSACTION(USER_TRANSACTION_ID,AMOUNT,TRANSACTION_DATE_TIME,PAYMENT_TYPE_ID,REMARKS,INFO,TRANSACTION_STATUS,POINTS_EARNED,IS_REDEEMED, USER_ID) VALUES(1212039, 156.02, SYSDATE()-INTERVAL 1576 DAY, 1, 'C', 'money recieved from veronika@infy.com', 'SUCCESS', 0, 'N', 12147);
INSERT INTO USER_TRANSACTION(USER_TRANSACTION_ID,AMOUNT,TRANSACTION_DATE_TIME,PAYMENT_TYPE_ID,REMARKS,INFO,TRANSACTION_STATUS,POINTS_EARNED,IS_REDEEMED, USER_ID) VALUES(1212040, 156.02, SYSDATE()-INTERVAL 1576 DAY, 2, 'D', 'money sent to chanel@infy.com', 'SUCCESS', 0, 'N', 12142);
INSERT INTO USER_TRANSACTION(USER_TRANSACTION_ID,AMOUNT,TRANSACTION_DATE_TIME,PAYMENT_TYPE_ID,REMARKS,INFO,TRANSACTION_STATUS,POINTS_EARNED,IS_REDEEMED, USER_ID) VALUES(1212041, 819.81, SYSDATE()-INTERVAL 1572 DAY, 4, 'C', 'money credited from bank', 'SUCCESS', 0, 'N', 12141);
INSERT INTO USER_TRANSACTION(USER_TRANSACTION_ID,AMOUNT,TRANSACTION_DATE_TIME,PAYMENT_TYPE_ID,REMARKS,INFO,TRANSACTION_STATUS,POINTS_EARNED,IS_REDEEMED, USER_ID) VALUES(1212042, 220.44, SYSDATE()-INTERVAL 1571 DAY, 1, 'C', 'money recieved from lavera@infy.com', 'SUCCESS', 0, 'N', 12170);
INSERT INTO USER_TRANSACTION(USER_TRANSACTION_ID,AMOUNT,TRANSACTION_DATE_TIME,PAYMENT_TYPE_ID,REMARKS,INFO,TRANSACTION_STATUS,POINTS_EARNED,IS_REDEEMED, USER_ID) VALUES(1212043, 220.44, SYSDATE()-INTERVAL 1571 DAY, 2, 'D', 'money sent to blair@infy.com', 'SUCCESS', 0, 'N', 12164);
INSERT INTO USER_TRANSACTION(USER_TRANSACTION_ID,AMOUNT,TRANSACTION_DATE_TIME,PAYMENT_TYPE_ID,REMARKS,INFO,TRANSACTION_STATUS,POINTS_EARNED,IS_REDEEMED, USER_ID) VALUES(1212044, 757.34, SYSDATE()-INTERVAL 1567 DAY, 4, 'C', 'money credited from bank', 'SUCCESS', 0, 'N', 12149);
INSERT INTO USER_TRANSACTION(USER_TRANSACTION_ID,AMOUNT,TRANSACTION_DATE_TIME,PAYMENT_TYPE_ID,REMARKS,INFO,TRANSACTION_STATUS,POINTS_EARNED,IS_REDEEMED, USER_ID) VALUES(1212045, 558.11, SYSDATE()-INTERVAL 1562 DAY, 4, 'C', 'money credited from bank', 'SUCCESS', 0, 'N', 12143);
INSERT INTO USER_TRANSACTION(USER_TRANSACTION_ID,AMOUNT,TRANSACTION_DATE_TIME,PAYMENT_TYPE_ID,REMARKS,INFO,TRANSACTION_STATUS,POINTS_EARNED,IS_REDEEMED, USER_ID) VALUES(1212046, 208.54, SYSDATE()-INTERVAL 1561 DAY, 1, 'C', 'money recieved from ezekiel@infy.com', 'SUCCESS', 0, 'N', 12167);
INSERT INTO USER_TRANSACTION(USER_TRANSACTION_ID,AMOUNT,TRANSACTION_DATE_TIME,PAYMENT_TYPE_ID,REMARKS,INFO,TRANSACTION_STATUS,POINTS_EARNED,IS_REDEEMED, USER_ID) VALUES(1212047, 208.54, SYSDATE()-INTERVAL 1561 DAY, 2, 'D', 'money sent to jina@infy.com', 'SUCCESS', 0, 'N', 12148);
INSERT INTO USER_TRANSACTION(USER_TRANSACTION_ID,AMOUNT,TRANSACTION_DATE_TIME,PAYMENT_TYPE_ID,REMARKS,INFO,TRANSACTION_STATUS,POINTS_EARNED,IS_REDEEMED, USER_ID) VALUES(1212048, 63.26, SYSDATE()-INTERVAL 1558 DAY, 4, 'C', 'money credited from bank', 'SUCCESS', 0, 'N', 12167);
INSERT INTO USER_TRANSACTION(USER_TRANSACTION_ID,AMOUNT,TRANSACTION_DATE_TIME,PAYMENT_TYPE_ID,REMARKS,INFO,TRANSACTION_STATUS,POINTS_EARNED,IS_REDEEMED, USER_ID) VALUES(1212049, 504.16, SYSDATE()-INTERVAL 1553 DAY, 2, 'D', 'money sent to alisha@infy.com', 'SUCCESS', 0, 'N', 12140);
INSERT INTO USER_TRANSACTION(USER_TRANSACTION_ID,AMOUNT,TRANSACTION_DATE_TIME,PAYMENT_TYPE_ID,REMARKS,INFO,TRANSACTION_STATUS,POINTS_EARNED,IS_REDEEMED, USER_ID) VALUES(1212050, 504.16, SYSDATE()-INTERVAL 1553 DAY, 1, 'C', 'money recieved from fletcher@infy.com', 'SUCCESS', 0, 'N', 12145);
INSERT INTO USER_TRANSACTION(USER_TRANSACTION_ID,AMOUNT,TRANSACTION_DATE_TIME,PAYMENT_TYPE_ID,REMARKS,INFO,TRANSACTION_STATUS,POINTS_EARNED,IS_REDEEMED, USER_ID) VALUES(1212051, 317.23, SYSDATE()-INTERVAL 1552 DAY, 1, 'C', 'money recieved from willow@infy.com', 'SUCCESS', 0, 'N', 12137);
INSERT INTO USER_TRANSACTION(USER_TRANSACTION_ID,AMOUNT,TRANSACTION_DATE_TIME,PAYMENT_TYPE_ID,REMARKS,INFO,TRANSACTION_STATUS,POINTS_EARNED,IS_REDEEMED, USER_ID) VALUES(1212052, 317.23, SYSDATE()-INTERVAL 1552 DAY, 2, 'D', 'money sent to meaghan@infy.com', 'SUCCESS', 0, 'N', 12149);
INSERT INTO USER_TRANSACTION(USER_TRANSACTION_ID,AMOUNT,TRANSACTION_DATE_TIME,PAYMENT_TYPE_ID,REMARKS,INFO,TRANSACTION_STATUS,POINTS_EARNED,IS_REDEEMED, USER_ID) VALUES(1212053, 227.23, SYSDATE()-INTERVAL 1547 DAY, 4, 'C', 'money credited from bank', 'SUCCESS', 0, 'N', 12127);
INSERT INTO USER_TRANSACTION(USER_TRANSACTION_ID,AMOUNT,TRANSACTION_DATE_TIME,PAYMENT_TYPE_ID,REMARKS,INFO,TRANSACTION_STATUS,POINTS_EARNED,IS_REDEEMED, USER_ID) VALUES(1212054, 999.96, SYSDATE()-INTERVAL 1544 DAY, 4, 'C', 'money credited from bank', 'SUCCESS', 0, 'N', 12133);
INSERT INTO USER_TRANSACTION(USER_TRANSACTION_ID,AMOUNT,TRANSACTION_DATE_TIME,PAYMENT_TYPE_ID,REMARKS,INFO,TRANSACTION_STATUS,POINTS_EARNED,IS_REDEEMED, USER_ID) VALUES(1212055, 311.33, SYSDATE()-INTERVAL 1543 DAY, 6, 'D', 'money payed to kahleedTel@infy.com', 'SUCCESS', 32, 'N', 12152);
INSERT INTO USER_TRANSACTION(USER_TRANSACTION_ID,AMOUNT,TRANSACTION_DATE_TIME,PAYMENT_TYPE_ID,REMARKS,INFO,TRANSACTION_STATUS,POINTS_EARNED,IS_REDEEMED, USER_ID) VALUES(1212057, 151.0, SYSDATE()-INTERVAL 1542 DAY, 4, 'C', 'money credited from bank', 'SUCCESS', 0, 'N', 12133);
INSERT INTO USER_TRANSACTION(USER_TRANSACTION_ID,AMOUNT,TRANSACTION_DATE_TIME,PAYMENT_TYPE_ID,REMARKS,INFO,TRANSACTION_STATUS,POINTS_EARNED,IS_REDEEMED, USER_ID) VALUES(1212058, 213.26, SYSDATE()-INTERVAL 1539 DAY, 1, 'C', 'money recieved from ernie@infy.com', 'SUCCESS', 0, 'N', 12134);
INSERT INTO USER_TRANSACTION(USER_TRANSACTION_ID,AMOUNT,TRANSACTION_DATE_TIME,PAYMENT_TYPE_ID,REMARKS,INFO,TRANSACTION_STATUS,POINTS_EARNED,IS_REDEEMED, USER_ID) VALUES(1212059, 213.26, SYSDATE()-INTERVAL 1539 DAY, 2, 'D', 'money sent to graciela@infy.com', 'SUCCESS', 0, 'N', 12153);
INSERT INTO USER_TRANSACTION(USER_TRANSACTION_ID,AMOUNT,TRANSACTION_DATE_TIME,PAYMENT_TYPE_ID,REMARKS,INFO,TRANSACTION_STATUS,POINTS_EARNED,IS_REDEEMED, USER_ID) VALUES(1212060, 77.01, SYSDATE()-INTERVAL 1536 DAY, 4, 'C', 'money credited from bank', 'SUCCESS', 0, 'N', 12145);
INSERT INTO USER_TRANSACTION(USER_TRANSACTION_ID,AMOUNT,TRANSACTION_DATE_TIME,PAYMENT_TYPE_ID,REMARKS,INFO,TRANSACTION_STATUS,POINTS_EARNED,IS_REDEEMED, USER_ID) VALUES(1212061, 3.25, SYSDATE()-INTERVAL 1535 DAY, 6, 'D', 'money payed to merComm@infy.com', 'SUCCESS', 1, 'N', 12153);
INSERT INTO USER_TRANSACTION(USER_TRANSACTION_ID,AMOUNT,TRANSACTION_DATE_TIME,PAYMENT_TYPE_ID,REMARKS,INFO,TRANSACTION_STATUS,POINTS_EARNED,IS_REDEEMED, USER_ID) VALUES(1212063, 387.12, SYSDATE()-INTERVAL 1534 DAY, 4, 'C', 'money credited from bank', 'SUCCESS', 0, 'N', 12141);
INSERT INTO USER_TRANSACTION(USER_TRANSACTION_ID,AMOUNT,TRANSACTION_DATE_TIME,PAYMENT_TYPE_ID,REMARKS,INFO,TRANSACTION_STATUS,POINTS_EARNED,IS_REDEEMED, USER_ID) VALUES(1212064, 515.55, SYSDATE()-INTERVAL 1531 DAY, 4, 'C', 'money credited from bank', 'SUCCESS', 0, 'N', 12134);
INSERT INTO USER_TRANSACTION(USER_TRANSACTION_ID,AMOUNT,TRANSACTION_DATE_TIME,PAYMENT_TYPE_ID,REMARKS,INFO,TRANSACTION_STATUS,POINTS_EARNED,IS_REDEEMED, USER_ID) VALUES(1212065, 373.85, SYSDATE()-INTERVAL 1526 DAY, 4, 'C', 'money credited from bank', 'SUCCESS', 0, 'N', 12153);
INSERT INTO USER_TRANSACTION(USER_TRANSACTION_ID,AMOUNT,TRANSACTION_DATE_TIME,PAYMENT_TYPE_ID,REMARKS,INFO,TRANSACTION_STATUS,POINTS_EARNED,IS_REDEEMED, USER_ID) VALUES(1212066, 792.78, SYSDATE()-INTERVAL 1523 DAY, 4, 'C', 'money credited from bank', 'SUCCESS', 0, 'N', 12147);
INSERT INTO USER_TRANSACTION(USER_TRANSACTION_ID,AMOUNT,TRANSACTION_DATE_TIME,PAYMENT_TYPE_ID,REMARKS,INFO,TRANSACTION_STATUS,POINTS_EARNED,IS_REDEEMED, USER_ID) VALUES(1212067, 296.11, SYSDATE()-INTERVAL 1519 DAY, 3, 'D', 'money deposited to bank', 'SUCCESS', 0, 'N', 12149);
INSERT INTO USER_TRANSACTION(USER_TRANSACTION_ID,AMOUNT,TRANSACTION_DATE_TIME,PAYMENT_TYPE_ID,REMARKS,INFO,TRANSACTION_STATUS,POINTS_EARNED,IS_REDEEMED, USER_ID) VALUES(1212068, 317.34, SYSDATE()-INTERVAL 1517 DAY, 2, 'D', 'money sent to abel@infy.com', 'SUCCESS', 0, 'N', 12134);
INSERT INTO USER_TRANSACTION(USER_TRANSACTION_ID,AMOUNT,TRANSACTION_DATE_TIME,PAYMENT_TYPE_ID,REMARKS,INFO,TRANSACTION_STATUS,POINTS_EARNED,IS_REDEEMED, USER_ID) VALUES(1212069, 317.34, SYSDATE()-INTERVAL 1517 DAY, 1, 'C', 'money recieved from graciela@infy.com', 'SUCCESS', 0, 'N', 12132);
INSERT INTO USER_TRANSACTION(USER_TRANSACTION_ID,AMOUNT,TRANSACTION_DATE_TIME,PAYMENT_TYPE_ID,REMARKS,INFO,TRANSACTION_STATUS,POINTS_EARNED,IS_REDEEMED, USER_ID) VALUES(1212070, 601.29, SYSDATE()-INTERVAL 1514 DAY, 4, 'C', 'money credited from bank', 'SUCCESS', 0, 'N', 12126);
INSERT INTO USER_TRANSACTION(USER_TRANSACTION_ID,AMOUNT,TRANSACTION_DATE_TIME,PAYMENT_TYPE_ID,REMARKS,INFO,TRANSACTION_STATUS,POINTS_EARNED,IS_REDEEMED, USER_ID) VALUES(1212071, 218.2, SYSDATE()-INTERVAL 1512 DAY, 6, 'D', 'money payed to sesComp@infy.com', 'SUCCESS', 22, 'N', 12128);
INSERT INTO USER_TRANSACTION(USER_TRANSACTION_ID,AMOUNT,TRANSACTION_DATE_TIME,PAYMENT_TYPE_ID,REMARKS,INFO,TRANSACTION_STATUS,POINTS_EARNED,IS_REDEEMED, USER_ID) VALUES(1212073, 784.2, SYSDATE()-INTERVAL 1511 DAY, 4, 'C', 'money credited from bank', 'SUCCESS', 0, 'N', 12154);
INSERT INTO USER_TRANSACTION(USER_TRANSACTION_ID,AMOUNT,TRANSACTION_DATE_TIME,PAYMENT_TYPE_ID,REMARKS,INFO,TRANSACTION_STATUS,POINTS_EARNED,IS_REDEEMED, USER_ID) VALUES(1212074, 178.95, SYSDATE()-INTERVAL 1510 DAY, 3, 'D', 'money deposited to bank', 'SUCCESS', 0, 'N', 12154);
INSERT INTO USER_TRANSACTION(USER_TRANSACTION_ID,AMOUNT,TRANSACTION_DATE_TIME,PAYMENT_TYPE_ID,REMARKS,INFO,TRANSACTION_STATUS,POINTS_EARNED,IS_REDEEMED, USER_ID) VALUES(1212075, 610.79, SYSDATE()-INTERVAL 1509 DAY, 4, 'C', 'money credited from bank', 'SUCCESS', 0, 'N', 12131);
INSERT INTO USER_TRANSACTION(USER_TRANSACTION_ID,AMOUNT,TRANSACTION_DATE_TIME,PAYMENT_TYPE_ID,REMARKS,INFO,TRANSACTION_STATUS,POINTS_EARNED,IS_REDEEMED, USER_ID) VALUES(1212076, 699.09, SYSDATE()-INTERVAL 1507 DAY, 2, 'D', 'money sent to fletcher@infy.com', 'SUCCESS', 0, 'N', 12154);
INSERT INTO USER_TRANSACTION(USER_TRANSACTION_ID,AMOUNT,TRANSACTION_DATE_TIME,PAYMENT_TYPE_ID,REMARKS,INFO,TRANSACTION_STATUS,POINTS_EARNED,IS_REDEEMED, USER_ID) VALUES(1212077, 699.09, SYSDATE()-INTERVAL 1507 DAY, 1, 'C', 'money recieved from albina@infy.com', 'SUCCESS', 0, 'N', 12140);
INSERT INTO USER_TRANSACTION(USER_TRANSACTION_ID,AMOUNT,TRANSACTION_DATE_TIME,PAYMENT_TYPE_ID,REMARKS,INFO,TRANSACTION_STATUS,POINTS_EARNED,IS_REDEEMED, USER_ID) VALUES(1212078, 213.2, SYSDATE()-INTERVAL 1506 DAY, 6, 'D', 'money payed to bshCorp@infy.com', 'SUCCESS', 22, 'N', 12133);
INSERT INTO USER_TRANSACTION(USER_TRANSACTION_ID,AMOUNT,TRANSACTION_DATE_TIME,PAYMENT_TYPE_ID,REMARKS,INFO,TRANSACTION_STATUS,POINTS_EARNED,IS_REDEEMED, USER_ID) VALUES(1212080, 440.14, SYSDATE()-INTERVAL 1504 DAY, 4, 'C', 'money credited from bank', 'SUCCESS', 0, 'N', 12138);
INSERT INTO USER_TRANSACTION(USER_TRANSACTION_ID,AMOUNT,TRANSACTION_DATE_TIME,PAYMENT_TYPE_ID,REMARKS,INFO,TRANSACTION_STATUS,POINTS_EARNED,IS_REDEEMED, USER_ID) VALUES(1212081, 99.13, SYSDATE()-INTERVAL 1503 DAY, 2, 'D', 'money sent to alishia@infy.com', 'SUCCESS', 0, 'N', 12134);
INSERT INTO USER_TRANSACTION(USER_TRANSACTION_ID,AMOUNT,TRANSACTION_DATE_TIME,PAYMENT_TYPE_ID,REMARKS,INFO,TRANSACTION_STATUS,POINTS_EARNED,IS_REDEEMED, USER_ID) VALUES(1212082, 99.13, SYSDATE()-INTERVAL 1503 DAY, 1, 'C', 'money recieved from graciela@infy.com', 'SUCCESS', 0, 'N', 12155);
INSERT INTO USER_TRANSACTION(USER_TRANSACTION_ID,AMOUNT,TRANSACTION_DATE_TIME,PAYMENT_TYPE_ID,REMARKS,INFO,TRANSACTION_STATUS,POINTS_EARNED,IS_REDEEMED, USER_ID) VALUES(1212083, 524.76, SYSDATE()-INTERVAL 1499 DAY, 4, 'C', 'money credited from bank', 'SUCCESS', 0, 'N', 12166);
INSERT INTO USER_TRANSACTION(USER_TRANSACTION_ID,AMOUNT,TRANSACTION_DATE_TIME,PAYMENT_TYPE_ID,REMARKS,INFO,TRANSACTION_STATUS,POINTS_EARNED,IS_REDEEMED, USER_ID) VALUES(1212084, 474.55, SYSDATE()-INTERVAL 1496 DAY, 6, 'D', 'money payed to damelCorp@infy.com', 'SUCCESS', 48, 'N', 12136);
INSERT INTO USER_TRANSACTION(USER_TRANSACTION_ID,AMOUNT,TRANSACTION_DATE_TIME,PAYMENT_TYPE_ID,REMARKS,INFO,TRANSACTION_STATUS,POINTS_EARNED,IS_REDEEMED, USER_ID) VALUES(1212086, 342.37, SYSDATE()-INTERVAL 1494 DAY, 3, 'D', 'money deposited to bank', 'SUCCESS', 0, 'N', 12141);
INSERT INTO USER_TRANSACTION(USER_TRANSACTION_ID,AMOUNT,TRANSACTION_DATE_TIME,PAYMENT_TYPE_ID,REMARKS,INFO,TRANSACTION_STATUS,POINTS_EARNED,IS_REDEEMED, USER_ID) VALUES(1212087, 885.03, SYSDATE()-INTERVAL 1493 DAY, 6, 'D', 'money payed to taiPower@infy.com', 'SUCCESS', 89, 'N', 12140);
INSERT INTO USER_TRANSACTION(USER_TRANSACTION_ID,AMOUNT,TRANSACTION_DATE_TIME,PAYMENT_TYPE_ID,REMARKS,INFO,TRANSACTION_STATUS,POINTS_EARNED,IS_REDEEMED, USER_ID) VALUES(1212089, 181.8, SYSDATE()-INTERVAL 1489 DAY, 3, 'D', 'money deposited to bank', 'SUCCESS', 0, 'N', 12123);
INSERT INTO USER_TRANSACTION(USER_TRANSACTION_ID,AMOUNT,TRANSACTION_DATE_TIME,PAYMENT_TYPE_ID,REMARKS,INFO,TRANSACTION_STATUS,POINTS_EARNED,IS_REDEEMED, USER_ID) VALUES(1212090, 93.9, SYSDATE()-INTERVAL 1485 DAY, 2, 'D', 'money sent to willard@infy.com', 'SUCCESS', 0, 'N', 12143);
INSERT INTO USER_TRANSACTION(USER_TRANSACTION_ID,AMOUNT,TRANSACTION_DATE_TIME,PAYMENT_TYPE_ID,REMARKS,INFO,TRANSACTION_STATUS,POINTS_EARNED,IS_REDEEMED, USER_ID) VALUES(1212091, 93.9, SYSDATE()-INTERVAL 1485 DAY, 1, 'C', 'money recieved from willard@infy.com', 'SUCCESS', 0, 'N', 12143);
INSERT INTO USER_TRANSACTION(USER_TRANSACTION_ID,AMOUNT,TRANSACTION_DATE_TIME,PAYMENT_TYPE_ID,REMARKS,INFO,TRANSACTION_STATUS,POINTS_EARNED,IS_REDEEMED, USER_ID) VALUES(1212092, 961.47, SYSDATE()-INTERVAL 1484 DAY, 4, 'C', 'money credited from bank', 'SUCCESS', 0, 'N', 12132);
INSERT INTO USER_TRANSACTION(USER_TRANSACTION_ID,AMOUNT,TRANSACTION_DATE_TIME,PAYMENT_TYPE_ID,REMARKS,INFO,TRANSACTION_STATUS,POINTS_EARNED,IS_REDEEMED, USER_ID) VALUES(1212093, 104.86, SYSDATE()-INTERVAL 1483 DAY, 1, 'C', 'money recieved from fletcher@infy.com', 'SUCCESS', 0, 'N', 12125);
INSERT INTO USER_TRANSACTION(USER_TRANSACTION_ID,AMOUNT,TRANSACTION_DATE_TIME,PAYMENT_TYPE_ID,REMARKS,INFO,TRANSACTION_STATUS,POINTS_EARNED,IS_REDEEMED, USER_ID) VALUES(1212094, 104.86, SYSDATE()-INTERVAL 1483 DAY, 2, 'D', 'money sent to donette@infy.com', 'SUCCESS', 0, 'N', 12140);
INSERT INTO USER_TRANSACTION(USER_TRANSACTION_ID,AMOUNT,TRANSACTION_DATE_TIME,PAYMENT_TYPE_ID,REMARKS,INFO,TRANSACTION_STATUS,POINTS_EARNED,IS_REDEEMED, USER_ID) VALUES(1212095, 247.07, SYSDATE()-INTERVAL 1482 DAY, 2, 'D', 'money sent to fatima@infy.com', 'SUCCESS', 0, 'N', 12138);
INSERT INTO USER_TRANSACTION(USER_TRANSACTION_ID,AMOUNT,TRANSACTION_DATE_TIME,PAYMENT_TYPE_ID,REMARKS,INFO,TRANSACTION_STATUS,POINTS_EARNED,IS_REDEEMED, USER_ID) VALUES(1212096, 247.07, SYSDATE()-INTERVAL 1482 DAY, 1, 'C', 'money recieved from gladys@infy.com', 'SUCCESS', 0, 'N', 12166);
INSERT INTO USER_TRANSACTION(USER_TRANSACTION_ID,AMOUNT,TRANSACTION_DATE_TIME,PAYMENT_TYPE_ID,REMARKS,INFO,TRANSACTION_STATUS,POINTS_EARNED,IS_REDEEMED, USER_ID) VALUES(1212097, 578.3, SYSDATE()-INTERVAL 1479 DAY, 6, 'D', 'money payed to cpg@infy.com', 'SUCCESS', 58, 'N', 12166);
INSERT INTO USER_TRANSACTION(USER_TRANSACTION_ID,AMOUNT,TRANSACTION_DATE_TIME,PAYMENT_TYPE_ID,REMARKS,INFO,TRANSACTION_STATUS,POINTS_EARNED,IS_REDEEMED, USER_ID) VALUES(1212100, 7.87, SYSDATE()-INTERVAL 1475 DAY, 4, 'C', 'money credited from bank', 'SUCCESS', 0, 'N', 12151);
INSERT INTO USER_TRANSACTION(USER_TRANSACTION_ID,AMOUNT,TRANSACTION_DATE_TIME,PAYMENT_TYPE_ID,REMARKS,INFO,TRANSACTION_STATUS,POINTS_EARNED,IS_REDEEMED, USER_ID) VALUES(1212101, 370.2, SYSDATE()-INTERVAL 1470 DAY, 4, 'C', 'money credited from bank', 'SUCCESS', 0, 'N', 12128);
INSERT INTO USER_TRANSACTION(USER_TRANSACTION_ID,AMOUNT,TRANSACTION_DATE_TIME,PAYMENT_TYPE_ID,REMARKS,INFO,TRANSACTION_STATUS,POINTS_EARNED,IS_REDEEMED, USER_ID) VALUES(1212102, 9.62, SYSDATE()-INTERVAL 1467 DAY, 3, 'D', 'money deposited to bank', 'SUCCESS', 0, 'N', 12155);
INSERT INTO USER_TRANSACTION(USER_TRANSACTION_ID,AMOUNT,TRANSACTION_DATE_TIME,PAYMENT_TYPE_ID,REMARKS,INFO,TRANSACTION_STATUS,POINTS_EARNED,IS_REDEEMED, USER_ID) VALUES(1212103, 118.15, SYSDATE()-INTERVAL 1464 DAY, 2, 'D', 'money sent to chanel@infy.com', 'SUCCESS', 0, 'N', 12167);
INSERT INTO USER_TRANSACTION(USER_TRANSACTION_ID,AMOUNT,TRANSACTION_DATE_TIME,PAYMENT_TYPE_ID,REMARKS,INFO,TRANSACTION_STATUS,POINTS_EARNED,IS_REDEEMED, USER_ID) VALUES(1212104, 118.15, SYSDATE()-INTERVAL 1464 DAY, 1, 'C', 'money recieved from jina@infy.com', 'SUCCESS', 0, 'N', 12147);
INSERT INTO USER_TRANSACTION(USER_TRANSACTION_ID,AMOUNT,TRANSACTION_DATE_TIME,PAYMENT_TYPE_ID,REMARKS,INFO,TRANSACTION_STATUS,POINTS_EARNED,IS_REDEEMED, USER_ID) VALUES(1212105, 289.17, SYSDATE()-INTERVAL 1459 DAY, 3, 'D', 'money deposited to bank', 'SUCCESS', 0, 'N', 12133);
INSERT INTO USER_TRANSACTION(USER_TRANSACTION_ID,AMOUNT,TRANSACTION_DATE_TIME,PAYMENT_TYPE_ID,REMARKS,INFO,TRANSACTION_STATUS,POINTS_EARNED,IS_REDEEMED, USER_ID) VALUES(1212106, 813.28, SYSDATE()-INTERVAL 1454 DAY, 4, 'C', 'money credited from bank', 'SUCCESS', 0, 'N', 12159);
INSERT INTO USER_TRANSACTION(USER_TRANSACTION_ID,AMOUNT,TRANSACTION_DATE_TIME,PAYMENT_TYPE_ID,REMARKS,INFO,TRANSACTION_STATUS,POINTS_EARNED,IS_REDEEMED, USER_ID) VALUES(1212107, 472.35, SYSDATE()-INTERVAL 1452 DAY, 2, 'D', 'money sent to emerson@infy.com', 'SUCCESS', 0, 'N', 12147);
INSERT INTO USER_TRANSACTION(USER_TRANSACTION_ID,AMOUNT,TRANSACTION_DATE_TIME,PAYMENT_TYPE_ID,REMARKS,INFO,TRANSACTION_STATUS,POINTS_EARNED,IS_REDEEMED, USER_ID) VALUES(1212108, 472.35, SYSDATE()-INTERVAL 1452 DAY, 1, 'C', 'money recieved from chanel@infy.com', 'SUCCESS', 0, 'N', 12169);
INSERT INTO USER_TRANSACTION(USER_TRANSACTION_ID,AMOUNT,TRANSACTION_DATE_TIME,PAYMENT_TYPE_ID,REMARKS,INFO,TRANSACTION_STATUS,POINTS_EARNED,IS_REDEEMED, USER_ID) VALUES(1212109, 5.42, SYSDATE()-INTERVAL 1448 DAY, 1, 'C', 'money recieved from bette@infy.com', 'SUCCESS', 0, 'N', 12125);
INSERT INTO USER_TRANSACTION(USER_TRANSACTION_ID,AMOUNT,TRANSACTION_DATE_TIME,PAYMENT_TYPE_ID,REMARKS,INFO,TRANSACTION_STATUS,POINTS_EARNED,IS_REDEEMED, USER_ID) VALUES(1212110, 5.42, SYSDATE()-INTERVAL 1448 DAY, 2, 'D', 'money sent to donette@infy.com', 'SUCCESS', 0, 'N', 12141);
INSERT INTO USER_TRANSACTION(USER_TRANSACTION_ID,AMOUNT,TRANSACTION_DATE_TIME,PAYMENT_TYPE_ID,REMARKS,INFO,TRANSACTION_STATUS,POINTS_EARNED,IS_REDEEMED, USER_ID) VALUES(1212111, 700.56, SYSDATE()-INTERVAL 1443 DAY, 4, 'C', 'money credited from bank', 'SUCCESS', 0, 'N', 12165);
INSERT INTO USER_TRANSACTION(USER_TRANSACTION_ID,AMOUNT,TRANSACTION_DATE_TIME,PAYMENT_TYPE_ID,REMARKS,INFO,TRANSACTION_STATUS,POINTS_EARNED,IS_REDEEMED, USER_ID) VALUES(1212112, 442.98, SYSDATE()-INTERVAL 1442 DAY, 2, 'D', 'money sent to rozella@infy.com', 'SUCCESS', 0, 'N', 12126);
INSERT INTO USER_TRANSACTION(USER_TRANSACTION_ID,AMOUNT,TRANSACTION_DATE_TIME,PAYMENT_TYPE_ID,REMARKS,INFO,TRANSACTION_STATUS,POINTS_EARNED,IS_REDEEMED, USER_ID) VALUES(1212113, 442.98, SYSDATE()-INTERVAL 1442 DAY, 1, 'C', 'money recieved from simona@infy.com', 'SUCCESS', 0, 'N', 12158);
INSERT INTO USER_TRANSACTION(USER_TRANSACTION_ID,AMOUNT,TRANSACTION_DATE_TIME,PAYMENT_TYPE_ID,REMARKS,INFO,TRANSACTION_STATUS,POINTS_EARNED,IS_REDEEMED, USER_ID) VALUES(1212114, 648.91, SYSDATE()-INTERVAL 1440 DAY, 6, 'D', 'money payed to qpcl@infy.com', 'SUCCESS', 65, 'N', 12133);
INSERT INTO USER_TRANSACTION(USER_TRANSACTION_ID,AMOUNT,TRANSACTION_DATE_TIME,PAYMENT_TYPE_ID,REMARKS,INFO,TRANSACTION_STATUS,POINTS_EARNED,IS_REDEEMED, USER_ID) VALUES(1212116, 71.64, SYSDATE()-INTERVAL 1436 DAY, 6, 'D', 'money payed to cpg@infy.com', 'SUCCESS', 8, 'N', 12133);
INSERT INTO USER_TRANSACTION(USER_TRANSACTION_ID,AMOUNT,TRANSACTION_DATE_TIME,PAYMENT_TYPE_ID,REMARKS,INFO,TRANSACTION_STATUS,POINTS_EARNED,IS_REDEEMED, USER_ID) VALUES(1212118, 458.51, SYSDATE()-INTERVAL 1433 DAY, 4, 'C', 'money credited from bank', 'SUCCESS', 0, 'N', 12132);
INSERT INTO USER_TRANSACTION(USER_TRANSACTION_ID,AMOUNT,TRANSACTION_DATE_TIME,PAYMENT_TYPE_ID,REMARKS,INFO,TRANSACTION_STATUS,POINTS_EARNED,IS_REDEEMED, USER_ID) VALUES(1212119, 311.13, SYSDATE()-INTERVAL 1428 DAY, 4, 'C', 'money credited from bank', 'SUCCESS', 0, 'N', 12125);
INSERT INTO USER_TRANSACTION(USER_TRANSACTION_ID,AMOUNT,TRANSACTION_DATE_TIME,PAYMENT_TYPE_ID,REMARKS,INFO,TRANSACTION_STATUS,POINTS_EARNED,IS_REDEEMED, USER_ID) VALUES(1212120, 428.67, SYSDATE()-INTERVAL 1425 DAY, 6, 'D', 'money payed to damelCorp@infy.com', 'SUCCESS', 43, 'N', 12123);
INSERT INTO USER_TRANSACTION(USER_TRANSACTION_ID,AMOUNT,TRANSACTION_DATE_TIME,PAYMENT_TYPE_ID,REMARKS,INFO,TRANSACTION_STATUS,POINTS_EARNED,IS_REDEEMED, USER_ID) VALUES(1212122, 129.87, SYSDATE()-INTERVAL 1421 DAY, 3, 'D', 'money deposited to bank', 'SUCCESS', 0, 'N', 12128);
INSERT INTO USER_TRANSACTION(USER_TRANSACTION_ID,AMOUNT,TRANSACTION_DATE_TIME,PAYMENT_TYPE_ID,REMARKS,INFO,TRANSACTION_STATUS,POINTS_EARNED,IS_REDEEMED, USER_ID) VALUES(1212123, 481.3, SYSDATE()-INTERVAL 1416 DAY, 3, 'D', 'money deposited to bank', 'SUCCESS', 0, 'N', 12153);
INSERT INTO USER_TRANSACTION(USER_TRANSACTION_ID,AMOUNT,TRANSACTION_DATE_TIME,PAYMENT_TYPE_ID,REMARKS,INFO,TRANSACTION_STATUS,POINTS_EARNED,IS_REDEEMED, USER_ID) VALUES(1212124, 736.22, SYSDATE()-INTERVAL 1414 DAY, 3, 'D', 'money deposited to bank', 'SUCCESS', 0, 'N', 12132);
INSERT INTO USER_TRANSACTION(USER_TRANSACTION_ID,AMOUNT,TRANSACTION_DATE_TIME,PAYMENT_TYPE_ID,REMARKS,INFO,TRANSACTION_STATUS,POINTS_EARNED,IS_REDEEMED, USER_ID) VALUES(1212125, 394.71, SYSDATE()-INTERVAL 1412 DAY, 4, 'C', 'money credited from bank', 'SUCCESS', 0, 'N', 12159);
INSERT INTO USER_TRANSACTION(USER_TRANSACTION_ID,AMOUNT,TRANSACTION_DATE_TIME,PAYMENT_TYPE_ID,REMARKS,INFO,TRANSACTION_STATUS,POINTS_EARNED,IS_REDEEMED, USER_ID) VALUES(1212126, 948.18, SYSDATE()-INTERVAL 1408 DAY, 4, 'C', 'money credited from bank', 'SUCCESS', 0, 'N', 12133);
INSERT INTO USER_TRANSACTION(USER_TRANSACTION_ID,AMOUNT,TRANSACTION_DATE_TIME,PAYMENT_TYPE_ID,REMARKS,INFO,TRANSACTION_STATUS,POINTS_EARNED,IS_REDEEMED, USER_ID) VALUES(1212127, 93.84, SYSDATE()-INTERVAL 1405 DAY, 4, 'C', 'money credited from bank', 'SUCCESS', 0, 'N', 12162);
INSERT INTO USER_TRANSACTION(USER_TRANSACTION_ID,AMOUNT,TRANSACTION_DATE_TIME,PAYMENT_TYPE_ID,REMARKS,INFO,TRANSACTION_STATUS,POINTS_EARNED,IS_REDEEMED, USER_ID) VALUES(1212129, 499.65, SYSDATE()-INTERVAL 1400 DAY, 3, 'D', 'money deposited to bank', 'SUCCESS', 0, 'N', 12133);
INSERT INTO USER_TRANSACTION(USER_TRANSACTION_ID,AMOUNT,TRANSACTION_DATE_TIME,PAYMENT_TYPE_ID,REMARKS,INFO,TRANSACTION_STATUS,POINTS_EARNED,IS_REDEEMED, USER_ID) VALUES(1212130, 695.51, SYSDATE()-INTERVAL 1395 DAY, 3, 'D', 'money deposited to bank', 'SUCCESS', 0, 'N', 12132);
INSERT INTO USER_TRANSACTION(USER_TRANSACTION_ID,AMOUNT,TRANSACTION_DATE_TIME,PAYMENT_TYPE_ID,REMARKS,INFO,TRANSACTION_STATUS,POINTS_EARNED,IS_REDEEMED, USER_ID) VALUES(1212131, 362.83, SYSDATE()-INTERVAL 1393 DAY, 4, 'C', 'money credited from bank', 'SUCCESS', 0, 'N', 12161);
INSERT INTO USER_TRANSACTION(USER_TRANSACTION_ID,AMOUNT,TRANSACTION_DATE_TIME,PAYMENT_TYPE_ID,REMARKS,INFO,TRANSACTION_STATUS,POINTS_EARNED,IS_REDEEMED, USER_ID) VALUES(1212132, 454.06, SYSDATE()-INTERVAL 1388 DAY, 4, 'C', 'money credited from bank', 'SUCCESS', 0, 'N', 12131);
INSERT INTO USER_TRANSACTION(USER_TRANSACTION_ID,AMOUNT,TRANSACTION_DATE_TIME,PAYMENT_TYPE_ID,REMARKS,INFO,TRANSACTION_STATUS,POINTS_EARNED,IS_REDEEMED, USER_ID) VALUES(1212133, 97.05, SYSDATE()-INTERVAL 1384 DAY, 2, 'D', 'money sent to chanel@infy.com', 'SUCCESS', 0, 'N', 12132);
INSERT INTO USER_TRANSACTION(USER_TRANSACTION_ID,AMOUNT,TRANSACTION_DATE_TIME,PAYMENT_TYPE_ID,REMARKS,INFO,TRANSACTION_STATUS,POINTS_EARNED,IS_REDEEMED, USER_ID) VALUES(1212134, 97.05, SYSDATE()-INTERVAL 1384 DAY, 1, 'C', 'money recieved from abel@infy.com', 'SUCCESS', 0, 'N', 12147);
INSERT INTO USER_TRANSACTION(USER_TRANSACTION_ID,AMOUNT,TRANSACTION_DATE_TIME,PAYMENT_TYPE_ID,REMARKS,INFO,TRANSACTION_STATUS,POINTS_EARNED,IS_REDEEMED, USER_ID) VALUES(1212135, 567.45, SYSDATE()-INTERVAL 1380 DAY, 3, 'D', 'money deposited to bank', 'SUCCESS', 0, 'N', 12147);
INSERT INTO USER_TRANSACTION(USER_TRANSACTION_ID,AMOUNT,TRANSACTION_DATE_TIME,PAYMENT_TYPE_ID,REMARKS,INFO,TRANSACTION_STATUS,POINTS_EARNED,IS_REDEEMED, USER_ID) VALUES(1212136, 309.12, SYSDATE()-INTERVAL 1378 DAY, 3, 'D', 'money deposited to bank', 'SUCCESS', 0, 'N', 12161);
INSERT INTO USER_TRANSACTION(USER_TRANSACTION_ID,AMOUNT,TRANSACTION_DATE_TIME,PAYMENT_TYPE_ID,REMARKS,INFO,TRANSACTION_STATUS,POINTS_EARNED,IS_REDEEMED, USER_ID) VALUES(1212137, 245.34, SYSDATE()-INTERVAL 1377 DAY, 3, 'D', 'money deposited to bank', 'SUCCESS', 0, 'N', 12123);
INSERT INTO USER_TRANSACTION(USER_TRANSACTION_ID,AMOUNT,TRANSACTION_DATE_TIME,PAYMENT_TYPE_ID,REMARKS,INFO,TRANSACTION_STATUS,POINTS_EARNED,IS_REDEEMED, USER_ID) VALUES(1212138, 342.32, SYSDATE()-INTERVAL 1372 DAY, 3, 'D', 'money deposited to bank', 'SUCCESS', 0, 'N', 12165);
INSERT INTO USER_TRANSACTION(USER_TRANSACTION_ID,AMOUNT,TRANSACTION_DATE_TIME,PAYMENT_TYPE_ID,REMARKS,INFO,TRANSACTION_STATUS,POINTS_EARNED,IS_REDEEMED, USER_ID) VALUES(1212139, 255.5, SYSDATE()-INTERVAL 1369 DAY, 4, 'C', 'money credited from bank', 'SUCCESS', 0, 'N', 12146);
INSERT INTO USER_TRANSACTION(USER_TRANSACTION_ID,AMOUNT,TRANSACTION_DATE_TIME,PAYMENT_TYPE_ID,REMARKS,INFO,TRANSACTION_STATUS,POINTS_EARNED,IS_REDEEMED, USER_ID) VALUES(1212140, 991.75, SYSDATE()-INTERVAL 1366 DAY, 4, 'C', 'money credited from bank', 'SUCCESS', 0, 'N', 12138);
INSERT INTO USER_TRANSACTION(USER_TRANSACTION_ID,AMOUNT,TRANSACTION_DATE_TIME,PAYMENT_TYPE_ID,REMARKS,INFO,TRANSACTION_STATUS,POINTS_EARNED,IS_REDEEMED, USER_ID) VALUES(1212141, 369.05, SYSDATE()-INTERVAL 1364 DAY, 4, 'C', 'money credited from bank', 'SUCCESS', 0, 'N', 12169);
INSERT INTO USER_TRANSACTION(USER_TRANSACTION_ID,AMOUNT,TRANSACTION_DATE_TIME,PAYMENT_TYPE_ID,REMARKS,INFO,TRANSACTION_STATUS,POINTS_EARNED,IS_REDEEMED, USER_ID) VALUES(1212142, 538.39, SYSDATE()-INTERVAL 1362 DAY, 4, 'C', 'money credited from bank', 'SUCCESS', 0, 'N', 12142);
INSERT INTO USER_TRANSACTION(USER_TRANSACTION_ID,AMOUNT,TRANSACTION_DATE_TIME,PAYMENT_TYPE_ID,REMARKS,INFO,TRANSACTION_STATUS,POINTS_EARNED,IS_REDEEMED, USER_ID) VALUES(1212143, 332.7, SYSDATE()-INTERVAL 1361 DAY, 4, 'C', 'money credited from bank', 'SUCCESS', 0, 'N', 12162);
INSERT INTO USER_TRANSACTION(USER_TRANSACTION_ID,AMOUNT,TRANSACTION_DATE_TIME,PAYMENT_TYPE_ID,REMARKS,INFO,TRANSACTION_STATUS,POINTS_EARNED,IS_REDEEMED, USER_ID) VALUES(1212145, 254.4, SYSDATE()-INTERVAL 1355 DAY, 6, 'D', 'money payed to kahleedTel@infy.com', 'SUCCESS', 26, 'N', 12165);
INSERT INTO USER_TRANSACTION(USER_TRANSACTION_ID,AMOUNT,TRANSACTION_DATE_TIME,PAYMENT_TYPE_ID,REMARKS,INFO,TRANSACTION_STATUS,POINTS_EARNED,IS_REDEEMED, USER_ID) VALUES(1212147, 359.11, SYSDATE()-INTERVAL 1350 DAY, 6, 'D', 'money payed to mossesTel@infy.com', 'SUCCESS', 36, 'N', 12143);
INSERT INTO USER_TRANSACTION(USER_TRANSACTION_ID,AMOUNT,TRANSACTION_DATE_TIME,PAYMENT_TYPE_ID,REMARKS,INFO,TRANSACTION_STATUS,POINTS_EARNED,IS_REDEEMED, USER_ID) VALUES(1212149, 444.26, SYSDATE()-INTERVAL 1346 DAY, 4, 'C', 'money credited from bank', 'SUCCESS', 0, 'N', 12156);
INSERT INTO USER_TRANSACTION(USER_TRANSACTION_ID,AMOUNT,TRANSACTION_DATE_TIME,PAYMENT_TYPE_ID,REMARKS,INFO,TRANSACTION_STATUS,POINTS_EARNED,IS_REDEEMED, USER_ID) VALUES(1212150, 674.04, SYSDATE()-INTERVAL 1342 DAY, 1, 'C', 'money recieved from valentine@infy.com', 'SUCCESS', 0, 'N', 12147);
INSERT INTO USER_TRANSACTION(USER_TRANSACTION_ID,AMOUNT,TRANSACTION_DATE_TIME,PAYMENT_TYPE_ID,REMARKS,INFO,TRANSACTION_STATUS,POINTS_EARNED,IS_REDEEMED, USER_ID) VALUES(1212151, 674.04, SYSDATE()-INTERVAL 1342 DAY, 2, 'D', 'money sent to chanel@infy.com', 'SUCCESS', 0, 'N', 12159);
INSERT INTO USER_TRANSACTION(USER_TRANSACTION_ID,AMOUNT,TRANSACTION_DATE_TIME,PAYMENT_TYPE_ID,REMARKS,INFO,TRANSACTION_STATUS,POINTS_EARNED,IS_REDEEMED, USER_ID) VALUES(1212152, 352.95, SYSDATE()-INTERVAL 1339 DAY, 3, 'D', 'money deposited to bank', 'SUCCESS', 0, 'N', 12125);
INSERT INTO USER_TRANSACTION(USER_TRANSACTION_ID,AMOUNT,TRANSACTION_DATE_TIME,PAYMENT_TYPE_ID,REMARKS,INFO,TRANSACTION_STATUS,POINTS_EARNED,IS_REDEEMED, USER_ID) VALUES(1212153, 249.82, SYSDATE()-INTERVAL 1335 DAY, 2, 'D', 'money sent to veronika@infy.com', 'SUCCESS', 0, 'N', 12128);
INSERT INTO USER_TRANSACTION(USER_TRANSACTION_ID,AMOUNT,TRANSACTION_DATE_TIME,PAYMENT_TYPE_ID,REMARKS,INFO,TRANSACTION_STATUS,POINTS_EARNED,IS_REDEEMED, USER_ID) VALUES(1212154, 249.82, SYSDATE()-INTERVAL 1335 DAY, 1, 'C', 'money recieved from leota@infy.com', 'SUCCESS', 0, 'N', 12142);
INSERT INTO USER_TRANSACTION(USER_TRANSACTION_ID,AMOUNT,TRANSACTION_DATE_TIME,PAYMENT_TYPE_ID,REMARKS,INFO,TRANSACTION_STATUS,POINTS_EARNED,IS_REDEEMED, USER_ID) VALUES(1212155, 981.25, SYSDATE()-INTERVAL 1331 DAY, 4, 'C', 'money credited from bank', 'SUCCESS', 0, 'N', 12161);
INSERT INTO USER_TRANSACTION(USER_TRANSACTION_ID,AMOUNT,TRANSACTION_DATE_TIME,PAYMENT_TYPE_ID,REMARKS,INFO,TRANSACTION_STATUS,POINTS_EARNED,IS_REDEEMED, USER_ID) VALUES(1212156, 34.47, SYSDATE()-INTERVAL 1329 DAY, 2, 'D', 'money sent to lavera@infy.com', 'SUCCESS', 0, 'N', 12152);
INSERT INTO USER_TRANSACTION(USER_TRANSACTION_ID,AMOUNT,TRANSACTION_DATE_TIME,PAYMENT_TYPE_ID,REMARKS,INFO,TRANSACTION_STATUS,POINTS_EARNED,IS_REDEEMED, USER_ID) VALUES(1212157, 34.47, SYSDATE()-INTERVAL 1329 DAY, 1, 'C', 'money recieved from francine@infy.com', 'SUCCESS', 0, 'N', 12164);
INSERT INTO USER_TRANSACTION(USER_TRANSACTION_ID,AMOUNT,TRANSACTION_DATE_TIME,PAYMENT_TYPE_ID,REMARKS,INFO,TRANSACTION_STATUS,POINTS_EARNED,IS_REDEEMED, USER_ID) VALUES(1212158, 995.84, SYSDATE()-INTERVAL 1326 DAY, 4, 'C', 'money credited from bank', 'SUCCESS', 0, 'N', 12152);
INSERT INTO USER_TRANSACTION(USER_TRANSACTION_ID,AMOUNT,TRANSACTION_DATE_TIME,PAYMENT_TYPE_ID,REMARKS,INFO,TRANSACTION_STATUS,POINTS_EARNED,IS_REDEEMED, USER_ID) VALUES(1212159, 377.76, SYSDATE()-INTERVAL 1324 DAY, 6, 'D', 'money payed to fhpLtd@infy.com', 'SUCCESS', 38, 'N', 12147);
INSERT INTO USER_TRANSACTION(USER_TRANSACTION_ID,AMOUNT,TRANSACTION_DATE_TIME,PAYMENT_TYPE_ID,REMARKS,INFO,TRANSACTION_STATUS,POINTS_EARNED,IS_REDEEMED, USER_ID) VALUES(1212162, 627.37, SYSDATE()-INTERVAL 1320 DAY, 4, 'C', 'money credited from bank', 'SUCCESS', 0, 'N', 12165);
INSERT INTO USER_TRANSACTION(USER_TRANSACTION_ID,AMOUNT,TRANSACTION_DATE_TIME,PAYMENT_TYPE_ID,REMARKS,INFO,TRANSACTION_STATUS,POINTS_EARNED,IS_REDEEMED, USER_ID) VALUES(1212163, 457.06, SYSDATE()-INTERVAL 1317 DAY, 4, 'C', 'money credited from bank', 'SUCCESS', 0, 'N', 12133);
INSERT INTO USER_TRANSACTION(USER_TRANSACTION_ID,AMOUNT,TRANSACTION_DATE_TIME,PAYMENT_TYPE_ID,REMARKS,INFO,TRANSACTION_STATUS,POINTS_EARNED,IS_REDEEMED, USER_ID) VALUES(1212164, 590.15, SYSDATE()-INTERVAL 1313 DAY, 4, 'C', 'money credited from bank', 'SUCCESS', 0, 'N', 12155);
INSERT INTO USER_TRANSACTION(USER_TRANSACTION_ID,AMOUNT,TRANSACTION_DATE_TIME,PAYMENT_TYPE_ID,REMARKS,INFO,TRANSACTION_STATUS,POINTS_EARNED,IS_REDEEMED, USER_ID) VALUES(1212165, 838.9, SYSDATE()-INTERVAL 1309 DAY, 4, 'C', 'money credited from bank', 'SUCCESS', 0, 'N', 12147);
INSERT INTO USER_TRANSACTION(USER_TRANSACTION_ID,AMOUNT,TRANSACTION_DATE_TIME,PAYMENT_TYPE_ID,REMARKS,INFO,TRANSACTION_STATUS,POINTS_EARNED,IS_REDEEMED, USER_ID) VALUES(1212166, 960.32, SYSDATE()-INTERVAL 1305 DAY, 4, 'C', 'money credited from bank', 'SUCCESS', 0, 'N', 12164);
INSERT INTO USER_TRANSACTION(USER_TRANSACTION_ID,AMOUNT,TRANSACTION_DATE_TIME,PAYMENT_TYPE_ID,REMARKS,INFO,TRANSACTION_STATUS,POINTS_EARNED,IS_REDEEMED, USER_ID) VALUES(1212168, 92.07, SYSDATE()-INTERVAL 1301 DAY, 6, 'D', 'money payed to titaniEnergy@infy.com', 'SUCCESS', 10, 'N', 12147);
INSERT INTO USER_TRANSACTION(USER_TRANSACTION_ID,AMOUNT,TRANSACTION_DATE_TIME,PAYMENT_TYPE_ID,REMARKS,INFO,TRANSACTION_STATUS,POINTS_EARNED,IS_REDEEMED, USER_ID) VALUES(1212170, 770.33, SYSDATE()-INTERVAL 1297 DAY, 3, 'D', 'money deposited to bank', 'SUCCESS', 0, 'N', 12152);
INSERT INTO USER_TRANSACTION(USER_TRANSACTION_ID,AMOUNT,TRANSACTION_DATE_TIME,PAYMENT_TYPE_ID,REMARKS,INFO,TRANSACTION_STATUS,POINTS_EARNED,IS_REDEEMED, USER_ID) VALUES(1212171, 66.43, SYSDATE()-INTERVAL 1294 DAY, 6, 'D', 'money payed to simbian@infy.com', 'SUCCESS', 7, 'N', 12166);
INSERT INTO USER_TRANSACTION(USER_TRANSACTION_ID,AMOUNT,TRANSACTION_DATE_TIME,PAYMENT_TYPE_ID,REMARKS,INFO,TRANSACTION_STATUS,POINTS_EARNED,IS_REDEEMED, USER_ID) VALUES(1212173, 8.3, SYSDATE()-INTERVAL 1289 DAY, 3, 'D', 'money deposited to bank', 'SUCCESS', 0, 'N', 12159);
INSERT INTO USER_TRANSACTION(USER_TRANSACTION_ID,AMOUNT,TRANSACTION_DATE_TIME,PAYMENT_TYPE_ID,REMARKS,INFO,TRANSACTION_STATUS,POINTS_EARNED,IS_REDEEMED, USER_ID) VALUES(1212174, 970.88, SYSDATE()-INTERVAL 1285 DAY, 4, 'C', 'money credited from bank', 'SUCCESS', 0, 'N', 12152);
INSERT INTO USER_TRANSACTION(USER_TRANSACTION_ID,AMOUNT,TRANSACTION_DATE_TIME,PAYMENT_TYPE_ID,REMARKS,INFO,TRANSACTION_STATUS,POINTS_EARNED,IS_REDEEMED, USER_ID) VALUES(1212175, 283.91, SYSDATE()-INTERVAL 1283 DAY, 6, 'D', 'money payed to titaniEnergy@infy.com', 'SUCCESS', 29, 'N', 12133);
INSERT INTO USER_TRANSACTION(USER_TRANSACTION_ID,AMOUNT,TRANSACTION_DATE_TIME,PAYMENT_TYPE_ID,REMARKS,INFO,TRANSACTION_STATUS,POINTS_EARNED,IS_REDEEMED, USER_ID) VALUES(1212177, 365.41, SYSDATE()-INTERVAL 1278 DAY, 4, 'C', 'money credited from bank', 'SUCCESS', 0, 'N', 12130);
INSERT INTO USER_TRANSACTION(USER_TRANSACTION_ID,AMOUNT,TRANSACTION_DATE_TIME,PAYMENT_TYPE_ID,REMARKS,INFO,TRANSACTION_STATUS,POINTS_EARNED,IS_REDEEMED, USER_ID) VALUES(1212178, 455.51, SYSDATE()-INTERVAL 1277 DAY, 4, 'C', 'money credited from bank', 'SUCCESS', 0, 'N', 12159);
INSERT INTO USER_TRANSACTION(USER_TRANSACTION_ID,AMOUNT,TRANSACTION_DATE_TIME,PAYMENT_TYPE_ID,REMARKS,INFO,TRANSACTION_STATUS,POINTS_EARNED,IS_REDEEMED, USER_ID) VALUES(1212179, 164.26, SYSDATE()-INTERVAL 1272 DAY, 3, 'D', 'money deposited to bank', 'SUCCESS', 0, 'N', 12131);
INSERT INTO USER_TRANSACTION(USER_TRANSACTION_ID,AMOUNT,TRANSACTION_DATE_TIME,PAYMENT_TYPE_ID,REMARKS,INFO,TRANSACTION_STATUS,POINTS_EARNED,IS_REDEEMED, USER_ID) VALUES(1212180, 451.66, SYSDATE()-INTERVAL 1268 DAY, 6, 'D', 'money payed to awWorks@infy.com', 'SUCCESS', 46, 'N', 12145);
INSERT INTO USER_TRANSACTION(USER_TRANSACTION_ID,AMOUNT,TRANSACTION_DATE_TIME,PAYMENT_TYPE_ID,REMARKS,INFO,TRANSACTION_STATUS,POINTS_EARNED,IS_REDEEMED, USER_ID) VALUES(1212183, 73.57, SYSDATE()-INTERVAL 1263 DAY, 6, 'D', 'money payed to iConnect@infy.com', 'SUCCESS', 8, 'N', 12149);
INSERT INTO USER_TRANSACTION(USER_TRANSACTION_ID,AMOUNT,TRANSACTION_DATE_TIME,PAYMENT_TYPE_ID,REMARKS,INFO,TRANSACTION_STATUS,POINTS_EARNED,IS_REDEEMED, USER_ID) VALUES(1212185, 790.63, SYSDATE()-INTERVAL 1262 DAY, 4, 'C', 'money credited from bank', 'SUCCESS', 0, 'N', 12162);
INSERT INTO USER_TRANSACTION(USER_TRANSACTION_ID,AMOUNT,TRANSACTION_DATE_TIME,PAYMENT_TYPE_ID,REMARKS,INFO,TRANSACTION_STATUS,POINTS_EARNED,IS_REDEEMED, USER_ID) VALUES(1212186, 57.74, SYSDATE()-INTERVAL 1261 DAY, 4, 'C', 'money credited from bank', 'SUCCESS', 0, 'N', 12148);
INSERT INTO USER_TRANSACTION(USER_TRANSACTION_ID,AMOUNT,TRANSACTION_DATE_TIME,PAYMENT_TYPE_ID,REMARKS,INFO,TRANSACTION_STATUS,POINTS_EARNED,IS_REDEEMED, USER_ID) VALUES(1212187, 167.17, SYSDATE()-INTERVAL 1257 DAY, 1, 'C', 'money recieved from lavera@infy.com', 'SUCCESS', 0, 'N', 12168);
INSERT INTO USER_TRANSACTION(USER_TRANSACTION_ID,AMOUNT,TRANSACTION_DATE_TIME,PAYMENT_TYPE_ID,REMARKS,INFO,TRANSACTION_STATUS,POINTS_EARNED,IS_REDEEMED, USER_ID) VALUES(1212188, 167.17, SYSDATE()-INTERVAL 1257 DAY, 2, 'D', 'money sent to kanisha@infy.com', 'SUCCESS', 0, 'N', 12164);
INSERT INTO USER_TRANSACTION(USER_TRANSACTION_ID,AMOUNT,TRANSACTION_DATE_TIME,PAYMENT_TYPE_ID,REMARKS,INFO,TRANSACTION_STATUS,POINTS_EARNED,IS_REDEEMED, USER_ID) VALUES(1212189, 213.42, SYSDATE()-INTERVAL 1256 DAY, 1, 'C', 'money recieved from blair@infy.com', 'SUCCESS', 0, 'N', 12157);
INSERT INTO USER_TRANSACTION(USER_TRANSACTION_ID,AMOUNT,TRANSACTION_DATE_TIME,PAYMENT_TYPE_ID,REMARKS,INFO,TRANSACTION_STATUS,POINTS_EARNED,IS_REDEEMED, USER_ID) VALUES(1212190, 213.42, SYSDATE()-INTERVAL 1256 DAY, 2, 'D', 'money sent to jose@infy.com', 'SUCCESS', 0, 'N', 12170);
INSERT INTO USER_TRANSACTION(USER_TRANSACTION_ID,AMOUNT,TRANSACTION_DATE_TIME,PAYMENT_TYPE_ID,REMARKS,INFO,TRANSACTION_STATUS,POINTS_EARNED,IS_REDEEMED, USER_ID) VALUES(1212191, 59.85, SYSDATE()-INTERVAL 1255 DAY, 6, 'D', 'money payed to cpg@infy.com', 'SUCCESS', 6, 'N', 12132);
INSERT INTO USER_TRANSACTION(USER_TRANSACTION_ID,AMOUNT,TRANSACTION_DATE_TIME,PAYMENT_TYPE_ID,REMARKS,INFO,TRANSACTION_STATUS,POINTS_EARNED,IS_REDEEMED, USER_ID) VALUES(1212194, 280.37, SYSDATE()-INTERVAL 1251 DAY, 4, 'C', 'money credited from bank', 'SUCCESS', 0, 'N', 12130);
INSERT INTO USER_TRANSACTION(USER_TRANSACTION_ID,AMOUNT,TRANSACTION_DATE_TIME,PAYMENT_TYPE_ID,REMARKS,INFO,TRANSACTION_STATUS,POINTS_EARNED,IS_REDEEMED, USER_ID) VALUES(1212195, 223.02, SYSDATE()-INTERVAL 1250 DAY, 2, 'D', 'money sent to art@infy.com', 'SUCCESS', 0, 'N', 12134);
INSERT INTO USER_TRANSACTION(USER_TRANSACTION_ID,AMOUNT,TRANSACTION_DATE_TIME,PAYMENT_TYPE_ID,REMARKS,INFO,TRANSACTION_STATUS,POINTS_EARNED,IS_REDEEMED, USER_ID) VALUES(1212196, 223.02, SYSDATE()-INTERVAL 1250 DAY, 1, 'C', 'money recieved from graciela@infy.com', 'SUCCESS', 0, 'N', 12123);
INSERT INTO USER_TRANSACTION(USER_TRANSACTION_ID,AMOUNT,TRANSACTION_DATE_TIME,PAYMENT_TYPE_ID,REMARKS,INFO,TRANSACTION_STATUS,POINTS_EARNED,IS_REDEEMED, USER_ID) VALUES(1212197, 598.86, SYSDATE()-INTERVAL 1248 DAY, 6, 'D', 'money payed to taiPower@infy.com', 'SUCCESS', 60, 'N', 12143);
INSERT INTO USER_TRANSACTION(USER_TRANSACTION_ID,AMOUNT,TRANSACTION_DATE_TIME,PAYMENT_TYPE_ID,REMARKS,INFO,TRANSACTION_STATUS,POINTS_EARNED,IS_REDEEMED, USER_ID) VALUES(1212199, 174.23, SYSDATE()-INTERVAL 1247 DAY, 4, 'C', 'money credited from bank', 'SUCCESS', 0, 'N', 12136);
INSERT INTO USER_TRANSACTION(USER_TRANSACTION_ID,AMOUNT,TRANSACTION_DATE_TIME,PAYMENT_TYPE_ID,REMARKS,INFO,TRANSACTION_STATUS,POINTS_EARNED,IS_REDEEMED, USER_ID) VALUES(1212200, 429.54, SYSDATE()-INTERVAL 1245 DAY, 6, 'D', 'money payed to taiPower@infy.com', 'SUCCESS', 43, 'N', 12162);
INSERT INTO USER_TRANSACTION(USER_TRANSACTION_ID,AMOUNT,TRANSACTION_DATE_TIME,PAYMENT_TYPE_ID,REMARKS,INFO,TRANSACTION_STATUS,POINTS_EARNED,IS_REDEEMED, USER_ID) VALUES(1212203, 712.87, SYSDATE()-INTERVAL 1236 DAY, 3, 'D', 'money deposited to bank', 'SUCCESS', 0, 'N', 12161);
INSERT INTO USER_TRANSACTION(USER_TRANSACTION_ID,AMOUNT,TRANSACTION_DATE_TIME,PAYMENT_TYPE_ID,REMARKS,INFO,TRANSACTION_STATUS,POINTS_EARNED,IS_REDEEMED, USER_ID) VALUES(1212204, 105.22, SYSDATE()-INTERVAL 1235 DAY, 3, 'D', 'money deposited to bank', 'SUCCESS', 0, 'N', 12159);
INSERT INTO USER_TRANSACTION(USER_TRANSACTION_ID,AMOUNT,TRANSACTION_DATE_TIME,PAYMENT_TYPE_ID,REMARKS,INFO,TRANSACTION_STATUS,POINTS_EARNED,IS_REDEEMED, USER_ID) VALUES(1212205, 319.87, SYSDATE()-INTERVAL 1231 DAY, 4, 'C', 'money credited from bank', 'SUCCESS', 0, 'N', 12132);
INSERT INTO USER_TRANSACTION(USER_TRANSACTION_ID,AMOUNT,TRANSACTION_DATE_TIME,PAYMENT_TYPE_ID,REMARKS,INFO,TRANSACTION_STATUS,POINTS_EARNED,IS_REDEEMED, USER_ID) VALUES(1212206, 76.37, SYSDATE()-INTERVAL 1229 DAY, 1, 'C', 'money recieved from dyan@infy.com', 'SUCCESS', 0, 'N', 12127);
INSERT INTO USER_TRANSACTION(USER_TRANSACTION_ID,AMOUNT,TRANSACTION_DATE_TIME,PAYMENT_TYPE_ID,REMARKS,INFO,TRANSACTION_STATUS,POINTS_EARNED,IS_REDEEMED, USER_ID) VALUES(1212207, 76.37, SYSDATE()-INTERVAL 1229 DAY, 2, 'D', 'money sent to mitsue@infy.com', 'SUCCESS', 0, 'N', 12162);
INSERT INTO USER_TRANSACTION(USER_TRANSACTION_ID,AMOUNT,TRANSACTION_DATE_TIME,PAYMENT_TYPE_ID,REMARKS,INFO,TRANSACTION_STATUS,POINTS_EARNED,IS_REDEEMED, USER_ID) VALUES(1212208, 400.01, SYSDATE()-INTERVAL 1227 DAY, 6, 'D', 'money payed to awWorks@infy.com', 'SUCCESS', 41, 'N', 12132);
INSERT INTO USER_TRANSACTION(USER_TRANSACTION_ID,AMOUNT,TRANSACTION_DATE_TIME,PAYMENT_TYPE_ID,REMARKS,INFO,TRANSACTION_STATUS,POINTS_EARNED,IS_REDEEMED, USER_ID) VALUES(1212210, 57.64, SYSDATE()-INTERVAL 1222 DAY, 4, 'C', 'money credited from bank', 'SUCCESS', 0, 'N', 12164);
INSERT INTO USER_TRANSACTION(USER_TRANSACTION_ID,AMOUNT,TRANSACTION_DATE_TIME,PAYMENT_TYPE_ID,REMARKS,INFO,TRANSACTION_STATUS,POINTS_EARNED,IS_REDEEMED, USER_ID) VALUES(1212211, 582.56, SYSDATE()-INTERVAL 1219 DAY, 4, 'C', 'money credited from bank', 'SUCCESS', 0, 'N', 12154);
INSERT INTO USER_TRANSACTION(USER_TRANSACTION_ID,AMOUNT,TRANSACTION_DATE_TIME,PAYMENT_TYPE_ID,REMARKS,INFO,TRANSACTION_STATUS,POINTS_EARNED,IS_REDEEMED, USER_ID) VALUES(1212212, 189.54, SYSDATE()-INTERVAL 1218 DAY, 4, 'C', 'money credited from bank', 'SUCCESS', 0, 'N', 12129);
INSERT INTO USER_TRANSACTION(USER_TRANSACTION_ID,AMOUNT,TRANSACTION_DATE_TIME,PAYMENT_TYPE_ID,REMARKS,INFO,TRANSACTION_STATUS,POINTS_EARNED,IS_REDEEMED, USER_ID) VALUES(1212213, 59.57, SYSDATE()-INTERVAL 1217 DAY, 1, 'C', 'money recieved from leota@infy.com', 'SUCCESS', 0, 'N', 12163);
INSERT INTO USER_TRANSACTION(USER_TRANSACTION_ID,AMOUNT,TRANSACTION_DATE_TIME,PAYMENT_TYPE_ID,REMARKS,INFO,TRANSACTION_STATUS,POINTS_EARNED,IS_REDEEMED, USER_ID) VALUES(1212214, 59.57, SYSDATE()-INTERVAL 1217 DAY, 2, 'D', 'money sent to roxane@infy.com', 'SUCCESS', 0, 'N', 12128);
INSERT INTO USER_TRANSACTION(USER_TRANSACTION_ID,AMOUNT,TRANSACTION_DATE_TIME,PAYMENT_TYPE_ID,REMARKS,INFO,TRANSACTION_STATUS,POINTS_EARNED,IS_REDEEMED, USER_ID) VALUES(1212215, 443.09, SYSDATE()-INTERVAL 1212 DAY, 4, 'C', 'money credited from bank', 'SUCCESS', 0, 'N', 12163);
INSERT INTO USER_TRANSACTION(USER_TRANSACTION_ID,AMOUNT,TRANSACTION_DATE_TIME,PAYMENT_TYPE_ID,REMARKS,INFO,TRANSACTION_STATUS,POINTS_EARNED,IS_REDEEMED, USER_ID) VALUES(1212216, 119.2, SYSDATE()-INTERVAL 1207 DAY, 1, 'C', 'money recieved from mitsue@infy.com', 'SUCCESS', 0, 'N', 12154);
INSERT INTO USER_TRANSACTION(USER_TRANSACTION_ID,AMOUNT,TRANSACTION_DATE_TIME,PAYMENT_TYPE_ID,REMARKS,INFO,TRANSACTION_STATUS,POINTS_EARNED,IS_REDEEMED, USER_ID) VALUES(1212217, 119.2, SYSDATE()-INTERVAL 1207 DAY, 2, 'D', 'money sent to albina@infy.com', 'SUCCESS', 0, 'N', 12127);
INSERT INTO USER_TRANSACTION(USER_TRANSACTION_ID,AMOUNT,TRANSACTION_DATE_TIME,PAYMENT_TYPE_ID,REMARKS,INFO,TRANSACTION_STATUS,POINTS_EARNED,IS_REDEEMED, USER_ID) VALUES(1212218, 175.19, SYSDATE()-INTERVAL 1203 DAY, 2, 'D', 'money sent to maryann@infy.com', 'SUCCESS', 0, 'N', 12162);
INSERT INTO USER_TRANSACTION(USER_TRANSACTION_ID,AMOUNT,TRANSACTION_DATE_TIME,PAYMENT_TYPE_ID,REMARKS,INFO,TRANSACTION_STATUS,POINTS_EARNED,IS_REDEEMED, USER_ID) VALUES(1212219, 175.19, SYSDATE()-INTERVAL 1203 DAY, 1, 'C', 'money recieved from dyan@infy.com', 'SUCCESS', 0, 'N', 12144);
INSERT INTO USER_TRANSACTION(USER_TRANSACTION_ID,AMOUNT,TRANSACTION_DATE_TIME,PAYMENT_TYPE_ID,REMARKS,INFO,TRANSACTION_STATUS,POINTS_EARNED,IS_REDEEMED, USER_ID) VALUES(1212220, 543.99, SYSDATE()-INTERVAL 1200 DAY, 3, 'D', 'money deposited to bank', 'SUCCESS', 0, 'N', 12154);
INSERT INTO USER_TRANSACTION(USER_TRANSACTION_ID,AMOUNT,TRANSACTION_DATE_TIME,PAYMENT_TYPE_ID,REMARKS,INFO,TRANSACTION_STATUS,POINTS_EARNED,IS_REDEEMED, USER_ID) VALUES(1212221, 949.95, SYSDATE()-INTERVAL 1199 DAY, 4, 'C', 'money credited from bank', 'SUCCESS', 0, 'N', 12155);
INSERT INTO USER_TRANSACTION(USER_TRANSACTION_ID,AMOUNT,TRANSACTION_DATE_TIME,PAYMENT_TYPE_ID,REMARKS,INFO,TRANSACTION_STATUS,POINTS_EARNED,IS_REDEEMED, USER_ID) VALUES(1212222, 252.25, SYSDATE()-INTERVAL 1196 DAY, 3, 'D', 'money deposited to bank', 'SUCCESS', 0, 'N', 12162);
INSERT INTO USER_TRANSACTION(USER_TRANSACTION_ID,AMOUNT,TRANSACTION_DATE_TIME,PAYMENT_TYPE_ID,REMARKS,INFO,TRANSACTION_STATUS,POINTS_EARNED,IS_REDEEMED, USER_ID) VALUES(1212224, 811.52, SYSDATE()-INTERVAL 1192 DAY, 4, 'C', 'money credited from bank', 'SUCCESS', 0, 'N', 12140);
INSERT INTO USER_TRANSACTION(USER_TRANSACTION_ID,AMOUNT,TRANSACTION_DATE_TIME,PAYMENT_TYPE_ID,REMARKS,INFO,TRANSACTION_STATUS,POINTS_EARNED,IS_REDEEMED, USER_ID) VALUES(1212225, 795.76, SYSDATE()-INTERVAL 1189 DAY, 4, 'C', 'money credited from bank', 'SUCCESS', 0, 'N', 12143);
INSERT INTO USER_TRANSACTION(USER_TRANSACTION_ID,AMOUNT,TRANSACTION_DATE_TIME,PAYMENT_TYPE_ID,REMARKS,INFO,TRANSACTION_STATUS,POINTS_EARNED,IS_REDEEMED, USER_ID) VALUES(1212226, 760.12, SYSDATE()-INTERVAL 1185 DAY, 4, 'C', 'money credited from bank', 'SUCCESS', 0, 'N', 12165);
INSERT INTO USER_TRANSACTION(USER_TRANSACTION_ID,AMOUNT,TRANSACTION_DATE_TIME,PAYMENT_TYPE_ID,REMARKS,INFO,TRANSACTION_STATUS,POINTS_EARNED,IS_REDEEMED, USER_ID) VALUES(1212227, 221.41, SYSDATE()-INTERVAL 1183 DAY, 1, 'C', 'money recieved from francine@infy.com', 'SUCCESS', 0, 'N', 12164);
INSERT INTO USER_TRANSACTION(USER_TRANSACTION_ID,AMOUNT,TRANSACTION_DATE_TIME,PAYMENT_TYPE_ID,REMARKS,INFO,TRANSACTION_STATUS,POINTS_EARNED,IS_REDEEMED, USER_ID) VALUES(1212228, 221.41, SYSDATE()-INTERVAL 1183 DAY, 2, 'D', 'money sent to lavera@infy.com', 'SUCCESS', 0, 'N', 12152);
INSERT INTO USER_TRANSACTION(USER_TRANSACTION_ID,AMOUNT,TRANSACTION_DATE_TIME,PAYMENT_TYPE_ID,REMARKS,INFO,TRANSACTION_STATUS,POINTS_EARNED,IS_REDEEMED, USER_ID) VALUES(1212229, 345.08, SYSDATE()-INTERVAL 1178 DAY, 1, 'C', 'money recieved from leota@infy.com', 'SUCCESS', 0, 'N', 12153);
INSERT INTO USER_TRANSACTION(USER_TRANSACTION_ID,AMOUNT,TRANSACTION_DATE_TIME,PAYMENT_TYPE_ID,REMARKS,INFO,TRANSACTION_STATUS,POINTS_EARNED,IS_REDEEMED, USER_ID) VALUES(1212230, 345.08, SYSDATE()-INTERVAL 1178 DAY, 2, 'D', 'money sent to ernie@infy.com', 'SUCCESS', 0, 'N', 12128);
INSERT INTO USER_TRANSACTION(USER_TRANSACTION_ID,AMOUNT,TRANSACTION_DATE_TIME,PAYMENT_TYPE_ID,REMARKS,INFO,TRANSACTION_STATUS,POINTS_EARNED,IS_REDEEMED, USER_ID) VALUES(1212231, 1.42, SYSDATE()-INTERVAL 1173 DAY, 3, 'D', 'money deposited to bank', 'SUCCESS', 0, 'N', 12125);
INSERT INTO USER_TRANSACTION(USER_TRANSACTION_ID,AMOUNT,TRANSACTION_DATE_TIME,PAYMENT_TYPE_ID,REMARKS,INFO,TRANSACTION_STATUS,POINTS_EARNED,IS_REDEEMED, USER_ID) VALUES(1212232, 69.72, SYSDATE()-INTERVAL 1168 DAY, 4, 'C', 'money credited from bank', 'SUCCESS', 0, 'N', 12135);
INSERT INTO USER_TRANSACTION(USER_TRANSACTION_ID,AMOUNT,TRANSACTION_DATE_TIME,PAYMENT_TYPE_ID,REMARKS,INFO,TRANSACTION_STATUS,POINTS_EARNED,IS_REDEEMED, USER_ID) VALUES(1212233, 798.29, SYSDATE()-INTERVAL 1167 DAY, 4, 'C', 'money credited from bank', 'SUCCESS', 0, 'N', 12144);
INSERT INTO USER_TRANSACTION(USER_TRANSACTION_ID,AMOUNT,TRANSACTION_DATE_TIME,PAYMENT_TYPE_ID,REMARKS,INFO,TRANSACTION_STATUS,POINTS_EARNED,IS_REDEEMED, USER_ID) VALUES(1212235, 621.44, SYSDATE()-INTERVAL 1159 DAY, 4, 'C', 'money credited from bank', 'SUCCESS', 0, 'N', 12141);
INSERT INTO USER_TRANSACTION(USER_TRANSACTION_ID,AMOUNT,TRANSACTION_DATE_TIME,PAYMENT_TYPE_ID,REMARKS,INFO,TRANSACTION_STATUS,POINTS_EARNED,IS_REDEEMED, USER_ID) VALUES(1212237, 443.03, SYSDATE()-INTERVAL 1155 DAY, 4, 'C', 'money credited from bank', 'SUCCESS', 0, 'N', 12148);
INSERT INTO USER_TRANSACTION(USER_TRANSACTION_ID,AMOUNT,TRANSACTION_DATE_TIME,PAYMENT_TYPE_ID,REMARKS,INFO,TRANSACTION_STATUS,POINTS_EARNED,IS_REDEEMED, USER_ID) VALUES(1212238, 642.66, SYSDATE()-INTERVAL 1151 DAY, 6, 'D', 'money payed to simbian@infy.com', 'SUCCESS', 65, 'N', 12130);
INSERT INTO USER_TRANSACTION(USER_TRANSACTION_ID,AMOUNT,TRANSACTION_DATE_TIME,PAYMENT_TYPE_ID,REMARKS,INFO,TRANSACTION_STATUS,POINTS_EARNED,IS_REDEEMED, USER_ID) VALUES(1212240, 932.93, SYSDATE()-INTERVAL 1147 DAY, 2, 'D', 'money sent to abel@infy.com', 'SUCCESS', 0, 'N', 12143);
INSERT INTO USER_TRANSACTION(USER_TRANSACTION_ID,AMOUNT,TRANSACTION_DATE_TIME,PAYMENT_TYPE_ID,REMARKS,INFO,TRANSACTION_STATUS,POINTS_EARNED,IS_REDEEMED, USER_ID) VALUES(1212241, 932.93, SYSDATE()-INTERVAL 1147 DAY, 1, 'C', 'money recieved from willard@infy.com', 'SUCCESS', 0, 'N', 12132);
INSERT INTO USER_TRANSACTION(USER_TRANSACTION_ID,AMOUNT,TRANSACTION_DATE_TIME,PAYMENT_TYPE_ID,REMARKS,INFO,TRANSACTION_STATUS,POINTS_EARNED,IS_REDEEMED, USER_ID) VALUES(1212242, 373.24, SYSDATE()-INTERVAL 1144 DAY, 4, 'C', 'money credited from bank', 'SUCCESS', 0, 'N', 12141);
INSERT INTO USER_TRANSACTION(USER_TRANSACTION_ID,AMOUNT,TRANSACTION_DATE_TIME,PAYMENT_TYPE_ID,REMARKS,INFO,TRANSACTION_STATUS,POINTS_EARNED,IS_REDEEMED, USER_ID) VALUES(1212243, 731.06, SYSDATE()-INTERVAL 1142 DAY, 2, 'D', 'money sent to solange@infy.com', 'SUCCESS', 0, 'N', 12152);
INSERT INTO USER_TRANSACTION(USER_TRANSACTION_ID,AMOUNT,TRANSACTION_DATE_TIME,PAYMENT_TYPE_ID,REMARKS,INFO,TRANSACTION_STATUS,POINTS_EARNED,IS_REDEEMED, USER_ID) VALUES(1212244, 731.06, SYSDATE()-INTERVAL 1142 DAY, 1, 'C', 'money recieved from francine@infy.com', 'SUCCESS', 0, 'N', 12156);
INSERT INTO USER_TRANSACTION(USER_TRANSACTION_ID,AMOUNT,TRANSACTION_DATE_TIME,PAYMENT_TYPE_ID,REMARKS,INFO,TRANSACTION_STATUS,POINTS_EARNED,IS_REDEEMED, USER_ID) VALUES(1212245, 503.19, SYSDATE()-INTERVAL 1140 DAY, 3, 'D', 'money deposited to bank', 'SUCCESS', 0, 'N', 12169);
INSERT INTO USER_TRANSACTION(USER_TRANSACTION_ID,AMOUNT,TRANSACTION_DATE_TIME,PAYMENT_TYPE_ID,REMARKS,INFO,TRANSACTION_STATUS,POINTS_EARNED,IS_REDEEMED, USER_ID) VALUES(1212246, 414.66, SYSDATE()-INTERVAL 1139 DAY, 4, 'C', 'money credited from bank', 'SUCCESS', 0, 'N', 12147);
INSERT INTO USER_TRANSACTION(USER_TRANSACTION_ID,AMOUNT,TRANSACTION_DATE_TIME,PAYMENT_TYPE_ID,REMARKS,INFO,TRANSACTION_STATUS,POINTS_EARNED,IS_REDEEMED, USER_ID) VALUES(1212247, 775.04, SYSDATE()-INTERVAL 1135 DAY, 1, 'C', 'money recieved from erick@infy.com', 'SUCCESS', 0, 'N', 12153);
INSERT INTO USER_TRANSACTION(USER_TRANSACTION_ID,AMOUNT,TRANSACTION_DATE_TIME,PAYMENT_TYPE_ID,REMARKS,INFO,TRANSACTION_STATUS,POINTS_EARNED,IS_REDEEMED, USER_ID) VALUES(1212248, 775.04, SYSDATE()-INTERVAL 1135 DAY, 2, 'D', 'money sent to ernie@infy.com', 'SUCCESS', 0, 'N', 12165);
INSERT INTO USER_TRANSACTION(USER_TRANSACTION_ID,AMOUNT,TRANSACTION_DATE_TIME,PAYMENT_TYPE_ID,REMARKS,INFO,TRANSACTION_STATUS,POINTS_EARNED,IS_REDEEMED, USER_ID) VALUES(1212249, 593.25, SYSDATE()-INTERVAL 1131 DAY, 2, 'D', 'money sent to kanisha@infy.com', 'SUCCESS', 0, 'N', 12164);
INSERT INTO USER_TRANSACTION(USER_TRANSACTION_ID,AMOUNT,TRANSACTION_DATE_TIME,PAYMENT_TYPE_ID,REMARKS,INFO,TRANSACTION_STATUS,POINTS_EARNED,IS_REDEEMED, USER_ID) VALUES(1212250, 593.25, SYSDATE()-INTERVAL 1131 DAY, 1, 'C', 'money recieved from lavera@infy.com', 'SUCCESS', 0, 'N', 12168);
INSERT INTO USER_TRANSACTION(USER_TRANSACTION_ID,AMOUNT,TRANSACTION_DATE_TIME,PAYMENT_TYPE_ID,REMARKS,INFO,TRANSACTION_STATUS,POINTS_EARNED,IS_REDEEMED, USER_ID) VALUES(1212251, 500.35, SYSDATE()-INTERVAL 1129 DAY, 6, 'D', 'money payed to gkaiNsons@infy.com', 'SUCCESS', 51, 'N', 12140);
INSERT INTO USER_TRANSACTION(USER_TRANSACTION_ID,AMOUNT,TRANSACTION_DATE_TIME,PAYMENT_TYPE_ID,REMARKS,INFO,TRANSACTION_STATUS,POINTS_EARNED,IS_REDEEMED, USER_ID) VALUES(1212253, 326.54, SYSDATE()-INTERVAL 1126 DAY, 2, 'D', 'money sent to maryann@infy.com', 'SUCCESS', 0, 'N', 12164);
INSERT INTO USER_TRANSACTION(USER_TRANSACTION_ID,AMOUNT,TRANSACTION_DATE_TIME,PAYMENT_TYPE_ID,REMARKS,INFO,TRANSACTION_STATUS,POINTS_EARNED,IS_REDEEMED, USER_ID) VALUES(1212254, 326.54, SYSDATE()-INTERVAL 1126 DAY, 1, 'C', 'money recieved from lavera@infy.com', 'SUCCESS', 0, 'N', 12144);
INSERT INTO USER_TRANSACTION(USER_TRANSACTION_ID,AMOUNT,TRANSACTION_DATE_TIME,PAYMENT_TYPE_ID,REMARKS,INFO,TRANSACTION_STATUS,POINTS_EARNED,IS_REDEEMED, USER_ID) VALUES(1212256, 313.45, SYSDATE()-INTERVAL 1118 DAY, 4, 'C', 'money credited from bank', 'SUCCESS', 0, 'N', 12149);
INSERT INTO USER_TRANSACTION(USER_TRANSACTION_ID,AMOUNT,TRANSACTION_DATE_TIME,PAYMENT_TYPE_ID,REMARKS,INFO,TRANSACTION_STATUS,POINTS_EARNED,IS_REDEEMED, USER_ID) VALUES(1212257, 544.8, SYSDATE()-INTERVAL 1117 DAY, 4, 'C', 'money credited from bank', 'SUCCESS', 0, 'N', 12152);
INSERT INTO USER_TRANSACTION(USER_TRANSACTION_ID,AMOUNT,TRANSACTION_DATE_TIME,PAYMENT_TYPE_ID,REMARKS,INFO,TRANSACTION_STATUS,POINTS_EARNED,IS_REDEEMED, USER_ID) VALUES(1212258, 152.03, SYSDATE()-INTERVAL 1112 DAY, 6, 'D', 'money payed to sesComp@infy.com', 'SUCCESS', 16, 'N', 12148);
INSERT INTO USER_TRANSACTION(USER_TRANSACTION_ID,AMOUNT,TRANSACTION_DATE_TIME,PAYMENT_TYPE_ID,REMARKS,INFO,TRANSACTION_STATUS,POINTS_EARNED,IS_REDEEMED, USER_ID) VALUES(1212260, 28.0, SYSDATE()-INTERVAL 1107 DAY, 1, 'C', 'money recieved from sage@infy.com', 'SUCCESS', 0, 'N', 12159);
INSERT INTO USER_TRANSACTION(USER_TRANSACTION_ID,AMOUNT,TRANSACTION_DATE_TIME,PAYMENT_TYPE_ID,REMARKS,INFO,TRANSACTION_STATUS,POINTS_EARNED,IS_REDEEMED, USER_ID) VALUES(1212261, 28.0, SYSDATE()-INTERVAL 1107 DAY, 2, 'D', 'money sent to valentine@infy.com', 'SUCCESS', 0, 'N', 12129);
INSERT INTO USER_TRANSACTION(USER_TRANSACTION_ID,AMOUNT,TRANSACTION_DATE_TIME,PAYMENT_TYPE_ID,REMARKS,INFO,TRANSACTION_STATUS,POINTS_EARNED,IS_REDEEMED, USER_ID) VALUES(1212262, 862.45, SYSDATE()-INTERVAL 1103 DAY, 2, 'D', 'money sent to dyan@infy.com', 'SUCCESS', 0, 'N', 12159);
INSERT INTO USER_TRANSACTION(USER_TRANSACTION_ID,AMOUNT,TRANSACTION_DATE_TIME,PAYMENT_TYPE_ID,REMARKS,INFO,TRANSACTION_STATUS,POINTS_EARNED,IS_REDEEMED, USER_ID) VALUES(1212263, 862.45, SYSDATE()-INTERVAL 1103 DAY, 1, 'C', 'money recieved from valentine@infy.com', 'SUCCESS', 0, 'N', 12162);
INSERT INTO USER_TRANSACTION(USER_TRANSACTION_ID,AMOUNT,TRANSACTION_DATE_TIME,PAYMENT_TYPE_ID,REMARKS,INFO,TRANSACTION_STATUS,POINTS_EARNED,IS_REDEEMED, USER_ID) VALUES(1212264, 543.37, SYSDATE()-INTERVAL 1099 DAY, 3, 'D', 'money deposited to bank', 'SUCCESS', 0, 'N', 12142);
INSERT INTO USER_TRANSACTION(USER_TRANSACTION_ID,AMOUNT,TRANSACTION_DATE_TIME,PAYMENT_TYPE_ID,REMARKS,INFO,TRANSACTION_STATUS,POINTS_EARNED,IS_REDEEMED, USER_ID) VALUES(1212265, 308.61, SYSDATE()-INTERVAL 1095 DAY, 2, 'D', 'money sent to cammy@infy.com', 'SUCCESS', 0, 'N', 12144);
INSERT INTO USER_TRANSACTION(USER_TRANSACTION_ID,AMOUNT,TRANSACTION_DATE_TIME,PAYMENT_TYPE_ID,REMARKS,INFO,TRANSACTION_STATUS,POINTS_EARNED,IS_REDEEMED, USER_ID) VALUES(1212266, 308.61, SYSDATE()-INTERVAL 1095 DAY, 1, 'C', 'money recieved from maryann@infy.com', 'SUCCESS', 0, 'N', 12135);
INSERT INTO USER_TRANSACTION(USER_TRANSACTION_ID,AMOUNT,TRANSACTION_DATE_TIME,PAYMENT_TYPE_ID,REMARKS,INFO,TRANSACTION_STATUS,POINTS_EARNED,IS_REDEEMED, USER_ID) VALUES(1212267, 227.29, SYSDATE()-INTERVAL 1092 DAY, 2, 'D', 'money sent to erick@infy.com', 'SUCCESS', 0, 'N', 12159);
INSERT INTO USER_TRANSACTION(USER_TRANSACTION_ID,AMOUNT,TRANSACTION_DATE_TIME,PAYMENT_TYPE_ID,REMARKS,INFO,TRANSACTION_STATUS,POINTS_EARNED,IS_REDEEMED, USER_ID) VALUES(1212268, 227.29, SYSDATE()-INTERVAL 1092 DAY, 1, 'C', 'money recieved from valentine@infy.com', 'SUCCESS', 0, 'N', 12165);
INSERT INTO USER_TRANSACTION(USER_TRANSACTION_ID,AMOUNT,TRANSACTION_DATE_TIME,PAYMENT_TYPE_ID,REMARKS,INFO,TRANSACTION_STATUS,POINTS_EARNED,IS_REDEEMED, USER_ID) VALUES(1212269, 692.99, SYSDATE()-INTERVAL 1090 DAY, 4, 'C', 'money credited from bank', 'SUCCESS', 0, 'N', 12146);
INSERT INTO USER_TRANSACTION(USER_TRANSACTION_ID,AMOUNT,TRANSACTION_DATE_TIME,PAYMENT_TYPE_ID,REMARKS,INFO,TRANSACTION_STATUS,POINTS_EARNED,IS_REDEEMED, USER_ID) VALUES(1212270, 86.88, SYSDATE()-INTERVAL 1086 DAY, 6, 'D', 'money payed to gkaiNsons@infy.com', 'SUCCESS', 9, 'N', 12137);
INSERT INTO USER_TRANSACTION(USER_TRANSACTION_ID,AMOUNT,TRANSACTION_DATE_TIME,PAYMENT_TYPE_ID,REMARKS,INFO,TRANSACTION_STATUS,POINTS_EARNED,IS_REDEEMED, USER_ID) VALUES(1212273, 682.48, SYSDATE()-INTERVAL 1084 DAY, 4, 'C', 'money credited from bank', 'SUCCESS', 0, 'N', 12151);
INSERT INTO USER_TRANSACTION(USER_TRANSACTION_ID,AMOUNT,TRANSACTION_DATE_TIME,PAYMENT_TYPE_ID,REMARKS,INFO,TRANSACTION_STATUS,POINTS_EARNED,IS_REDEEMED, USER_ID) VALUES(1212274, 827.39, SYSDATE()-INTERVAL 1083 DAY, 3, 'D', 'money deposited to bank', 'SUCCESS', 0, 'N', 12156);
INSERT INTO USER_TRANSACTION(USER_TRANSACTION_ID,AMOUNT,TRANSACTION_DATE_TIME,PAYMENT_TYPE_ID,REMARKS,INFO,TRANSACTION_STATUS,POINTS_EARNED,IS_REDEEMED, USER_ID) VALUES(1212276, 392.62, SYSDATE()-INTERVAL 1075 DAY, 4, 'C', 'money credited from bank', 'SUCCESS', 0, 'N', 12126);
INSERT INTO USER_TRANSACTION(USER_TRANSACTION_ID,AMOUNT,TRANSACTION_DATE_TIME,PAYMENT_TYPE_ID,REMARKS,INFO,TRANSACTION_STATUS,POINTS_EARNED,IS_REDEEMED, USER_ID) VALUES(1212277, 405.28, SYSDATE()-INTERVAL 1073 DAY, 4, 'C', 'money credited from bank', 'SUCCESS', 0, 'N', 12129);
INSERT INTO USER_TRANSACTION(USER_TRANSACTION_ID,AMOUNT,TRANSACTION_DATE_TIME,PAYMENT_TYPE_ID,REMARKS,INFO,TRANSACTION_STATUS,POINTS_EARNED,IS_REDEEMED, USER_ID) VALUES(1212278, 800.02, SYSDATE()-INTERVAL 1069 DAY, 6, 'D', 'money payed to hibrisIn@infy.com', 'SUCCESS', 81, 'N', 12165);
INSERT INTO USER_TRANSACTION(USER_TRANSACTION_ID,AMOUNT,TRANSACTION_DATE_TIME,PAYMENT_TYPE_ID,REMARKS,INFO,TRANSACTION_STATUS,POINTS_EARNED,IS_REDEEMED, USER_ID) VALUES(1212280, 452.02, SYSDATE()-INTERVAL 1066 DAY, 3, 'D', 'money deposited to bank', 'SUCCESS', 0, 'N', 12151);
INSERT INTO USER_TRANSACTION(USER_TRANSACTION_ID,AMOUNT,TRANSACTION_DATE_TIME,PAYMENT_TYPE_ID,REMARKS,INFO,TRANSACTION_STATUS,POINTS_EARNED,IS_REDEEMED, USER_ID) VALUES(1212281, 59.25, SYSDATE()-INTERVAL 1062 DAY, 4, 'C', 'money credited from bank', 'SUCCESS', 0, 'N', 12128);
INSERT INTO USER_TRANSACTION(USER_TRANSACTION_ID,AMOUNT,TRANSACTION_DATE_TIME,PAYMENT_TYPE_ID,REMARKS,INFO,TRANSACTION_STATUS,POINTS_EARNED,IS_REDEEMED, USER_ID) VALUES(1212282, 30.28, SYSDATE()-INTERVAL 1058 DAY, 4, 'C', 'money credited from bank', 'SUCCESS', 0, 'N', 12141);
INSERT INTO USER_TRANSACTION(USER_TRANSACTION_ID,AMOUNT,TRANSACTION_DATE_TIME,PAYMENT_TYPE_ID,REMARKS,INFO,TRANSACTION_STATUS,POINTS_EARNED,IS_REDEEMED, USER_ID) VALUES(1212283, 987.35, SYSDATE()-INTERVAL 1055 DAY, 4, 'C', 'money credited from bank', 'SUCCESS', 0, 'N', 12140);
INSERT INTO USER_TRANSACTION(USER_TRANSACTION_ID,AMOUNT,TRANSACTION_DATE_TIME,PAYMENT_TYPE_ID,REMARKS,INFO,TRANSACTION_STATUS,POINTS_EARNED,IS_REDEEMED, USER_ID) VALUES(1212284, 156.03, SYSDATE()-INTERVAL 1054 DAY, 1, 'C', 'money recieved from fletcher@infy.com', 'SUCCESS', 0, 'N', 12129);
INSERT INTO USER_TRANSACTION(USER_TRANSACTION_ID,AMOUNT,TRANSACTION_DATE_TIME,PAYMENT_TYPE_ID,REMARKS,INFO,TRANSACTION_STATUS,POINTS_EARNED,IS_REDEEMED, USER_ID) VALUES(1212285, 156.03, SYSDATE()-INTERVAL 1054 DAY, 2, 'D', 'money sent to sage@infy.com', 'SUCCESS', 0, 'N', 12140);
INSERT INTO USER_TRANSACTION(USER_TRANSACTION_ID,AMOUNT,TRANSACTION_DATE_TIME,PAYMENT_TYPE_ID,REMARKS,INFO,TRANSACTION_STATUS,POINTS_EARNED,IS_REDEEMED, USER_ID) VALUES(1212286, 296.25, SYSDATE()-INTERVAL 1051 DAY, 4, 'C', 'money credited from bank', 'SUCCESS', 0, 'N', 12163);
INSERT INTO USER_TRANSACTION(USER_TRANSACTION_ID,AMOUNT,TRANSACTION_DATE_TIME,PAYMENT_TYPE_ID,REMARKS,INFO,TRANSACTION_STATUS,POINTS_EARNED,IS_REDEEMED, USER_ID) VALUES(1212288, 547.6, SYSDATE()-INTERVAL 1044 DAY, 4, 'C', 'money credited from bank', 'SUCCESS', 0, 'N', 12157);
INSERT INTO USER_TRANSACTION(USER_TRANSACTION_ID,AMOUNT,TRANSACTION_DATE_TIME,PAYMENT_TYPE_ID,REMARKS,INFO,TRANSACTION_STATUS,POINTS_EARNED,IS_REDEEMED, USER_ID) VALUES(1212289, 24.64, SYSDATE()-INTERVAL 1039 DAY, 3, 'D', 'money deposited to bank', 'SUCCESS', 0, 'N', 12135);
INSERT INTO USER_TRANSACTION(USER_TRANSACTION_ID,AMOUNT,TRANSACTION_DATE_TIME,PAYMENT_TYPE_ID,REMARKS,INFO,TRANSACTION_STATUS,POINTS_EARNED,IS_REDEEMED, USER_ID) VALUES(1212291, 26.68, SYSDATE()-INTERVAL 1034 DAY, 4, 'C', 'money credited from bank', 'SUCCESS', 0, 'N', 12170);
INSERT INTO USER_TRANSACTION(USER_TRANSACTION_ID,AMOUNT,TRANSACTION_DATE_TIME,PAYMENT_TYPE_ID,REMARKS,INFO,TRANSACTION_STATUS,POINTS_EARNED,IS_REDEEMED, USER_ID) VALUES(1212292, 737.7, SYSDATE()-INTERVAL 1030 DAY, 4, 'C', 'money credited from bank', 'SUCCESS', 0, 'N', 12124);
INSERT INTO USER_TRANSACTION(USER_TRANSACTION_ID,AMOUNT,TRANSACTION_DATE_TIME,PAYMENT_TYPE_ID,REMARKS,INFO,TRANSACTION_STATUS,POINTS_EARNED,IS_REDEEMED, USER_ID) VALUES(1212295, 410.49, SYSDATE()-INTERVAL 1025 DAY, 4, 'C', 'money credited from bank', 'SUCCESS', 0, 'N', 12140);
INSERT INTO USER_TRANSACTION(USER_TRANSACTION_ID,AMOUNT,TRANSACTION_DATE_TIME,PAYMENT_TYPE_ID,REMARKS,INFO,TRANSACTION_STATUS,POINTS_EARNED,IS_REDEEMED, USER_ID) VALUES(1212296, 288.88, SYSDATE()-INTERVAL 1021 DAY, 2, 'D', 'money sent to willow@infy.com', 'SUCCESS', 0, 'N', 12141);
INSERT INTO USER_TRANSACTION(USER_TRANSACTION_ID,AMOUNT,TRANSACTION_DATE_TIME,PAYMENT_TYPE_ID,REMARKS,INFO,TRANSACTION_STATUS,POINTS_EARNED,IS_REDEEMED, USER_ID) VALUES(1212297, 288.88, SYSDATE()-INTERVAL 1021 DAY, 1, 'C', 'money recieved from bette@infy.com', 'SUCCESS', 0, 'N', 12149);
INSERT INTO USER_TRANSACTION(USER_TRANSACTION_ID,AMOUNT,TRANSACTION_DATE_TIME,PAYMENT_TYPE_ID,REMARKS,INFO,TRANSACTION_STATUS,POINTS_EARNED,IS_REDEEMED, USER_ID) VALUES(1212298, 82.11, SYSDATE()-INTERVAL 1017 DAY, 1, 'C', 'money recieved from rozella@infy.com', 'SUCCESS', 0, 'N', 12157);
INSERT INTO USER_TRANSACTION(USER_TRANSACTION_ID,AMOUNT,TRANSACTION_DATE_TIME,PAYMENT_TYPE_ID,REMARKS,INFO,TRANSACTION_STATUS,POINTS_EARNED,IS_REDEEMED, USER_ID) VALUES(1212299, 82.11, SYSDATE()-INTERVAL 1017 DAY, 2, 'D', 'money sent to jose@infy.com', 'SUCCESS', 0, 'N', 12158);
INSERT INTO USER_TRANSACTION(USER_TRANSACTION_ID,AMOUNT,TRANSACTION_DATE_TIME,PAYMENT_TYPE_ID,REMARKS,INFO,TRANSACTION_STATUS,POINTS_EARNED,IS_REDEEMED, USER_ID) VALUES(1212300, 193.08, SYSDATE()-INTERVAL 1015 DAY, 6, 'D', 'money payed to damelCorp@infy.com', 'SUCCESS', 20, 'N', 12136);
INSERT INTO USER_TRANSACTION(USER_TRANSACTION_ID,AMOUNT,TRANSACTION_DATE_TIME,PAYMENT_TYPE_ID,REMARKS,INFO,TRANSACTION_STATUS,POINTS_EARNED,IS_REDEEMED, USER_ID) VALUES(1212302, 446.27, SYSDATE()-INTERVAL 1011 DAY, 6, 'D', 'money payed to harmonyInt@infy.com', 'SUCCESS', 45, 'N', 12163);
INSERT INTO USER_TRANSACTION(USER_TRANSACTION_ID,AMOUNT,TRANSACTION_DATE_TIME,PAYMENT_TYPE_ID,REMARKS,INFO,TRANSACTION_STATUS,POINTS_EARNED,IS_REDEEMED, USER_ID) VALUES(1212304, 60.52, SYSDATE()-INTERVAL 1008 DAY, 3, 'D', 'money deposited to bank', 'SUCCESS', 0, 'N', 12140);
INSERT INTO USER_TRANSACTION(USER_TRANSACTION_ID,AMOUNT,TRANSACTION_DATE_TIME,PAYMENT_TYPE_ID,REMARKS,INFO,TRANSACTION_STATUS,POINTS_EARNED,IS_REDEEMED, USER_ID) VALUES(1212305, 143.13, SYSDATE()-INTERVAL 1003 DAY, 1, 'C', 'money recieved from mitsue@infy.com', 'SUCCESS', 0, 'N', 12142);
INSERT INTO USER_TRANSACTION(USER_TRANSACTION_ID,AMOUNT,TRANSACTION_DATE_TIME,PAYMENT_TYPE_ID,REMARKS,INFO,TRANSACTION_STATUS,POINTS_EARNED,IS_REDEEMED, USER_ID) VALUES(1212306, 143.13, SYSDATE()-INTERVAL 1003 DAY, 2, 'D', 'money sent to veronika@infy.com', 'SUCCESS', 0, 'N', 12127);
INSERT INTO USER_TRANSACTION(USER_TRANSACTION_ID,AMOUNT,TRANSACTION_DATE_TIME,PAYMENT_TYPE_ID,REMARKS,INFO,TRANSACTION_STATUS,POINTS_EARNED,IS_REDEEMED, USER_ID) VALUES(1212307, 142.34, SYSDATE()-INTERVAL 998 DAY, 2, 'D', 'money sent to fatima@infy.com', 'SUCCESS', 0, 'N', 12165);
INSERT INTO USER_TRANSACTION(USER_TRANSACTION_ID,AMOUNT,TRANSACTION_DATE_TIME,PAYMENT_TYPE_ID,REMARKS,INFO,TRANSACTION_STATUS,POINTS_EARNED,IS_REDEEMED, USER_ID) VALUES(1212308, 142.34, SYSDATE()-INTERVAL 998 DAY, 1, 'C', 'money recieved from erick@infy.com', 'SUCCESS', 0, 'N', 12166);
INSERT INTO USER_TRANSACTION(USER_TRANSACTION_ID,AMOUNT,TRANSACTION_DATE_TIME,PAYMENT_TYPE_ID,REMARKS,INFO,TRANSACTION_STATUS,POINTS_EARNED,IS_REDEEMED, USER_ID) VALUES(1212309, 478.62, SYSDATE()-INTERVAL 995 DAY, 1, 'C', 'money recieved from gladys@infy.com', 'SUCCESS', 0, 'N', 12143);
INSERT INTO USER_TRANSACTION(USER_TRANSACTION_ID,AMOUNT,TRANSACTION_DATE_TIME,PAYMENT_TYPE_ID,REMARKS,INFO,TRANSACTION_STATUS,POINTS_EARNED,IS_REDEEMED, USER_ID) VALUES(1212310, 478.62, SYSDATE()-INTERVAL 995 DAY, 2, 'D', 'money sent to willard@infy.com', 'SUCCESS', 0, 'N', 12138);
INSERT INTO USER_TRANSACTION(USER_TRANSACTION_ID,AMOUNT,TRANSACTION_DATE_TIME,PAYMENT_TYPE_ID,REMARKS,INFO,TRANSACTION_STATUS,POINTS_EARNED,IS_REDEEMED, USER_ID) VALUES(1212312, 702.4, SYSDATE()-INTERVAL 992 DAY, 4, 'C', 'money credited from bank', 'SUCCESS', 0, 'N', 12144);
INSERT INTO USER_TRANSACTION(USER_TRANSACTION_ID,AMOUNT,TRANSACTION_DATE_TIME,PAYMENT_TYPE_ID,REMARKS,INFO,TRANSACTION_STATUS,POINTS_EARNED,IS_REDEEMED, USER_ID) VALUES(1212313, 169.42, SYSDATE()-INTERVAL 990 DAY, 1, 'C', 'money recieved from sage@infy.com', 'SUCCESS', 0, 'N', 12137);
INSERT INTO USER_TRANSACTION(USER_TRANSACTION_ID,AMOUNT,TRANSACTION_DATE_TIME,PAYMENT_TYPE_ID,REMARKS,INFO,TRANSACTION_STATUS,POINTS_EARNED,IS_REDEEMED, USER_ID) VALUES(1212314, 169.42, SYSDATE()-INTERVAL 990 DAY, 2, 'D', 'money sent to meaghan@infy.com', 'SUCCESS', 0, 'N', 12129);
INSERT INTO USER_TRANSACTION(USER_TRANSACTION_ID,AMOUNT,TRANSACTION_DATE_TIME,PAYMENT_TYPE_ID,REMARKS,INFO,TRANSACTION_STATUS,POINTS_EARNED,IS_REDEEMED, USER_ID) VALUES(1212315, 631.14, SYSDATE()-INTERVAL 985 DAY, 4, 'C', 'money credited from bank', 'SUCCESS', 0, 'N', 12154);
INSERT INTO USER_TRANSACTION(USER_TRANSACTION_ID,AMOUNT,TRANSACTION_DATE_TIME,PAYMENT_TYPE_ID,REMARKS,INFO,TRANSACTION_STATUS,POINTS_EARNED,IS_REDEEMED, USER_ID) VALUES(1212316, 847.14, SYSDATE()-INTERVAL 981 DAY, 1, 'C', 'money recieved from fletcher@infy.com', 'SUCCESS', 0, 'N', 12155);
INSERT INTO USER_TRANSACTION(USER_TRANSACTION_ID,AMOUNT,TRANSACTION_DATE_TIME,PAYMENT_TYPE_ID,REMARKS,INFO,TRANSACTION_STATUS,POINTS_EARNED,IS_REDEEMED, USER_ID) VALUES(1212317, 847.14, SYSDATE()-INTERVAL 981 DAY, 2, 'D', 'money sent to alishia@infy.com', 'SUCCESS', 0, 'N', 12140);
INSERT INTO USER_TRANSACTION(USER_TRANSACTION_ID,AMOUNT,TRANSACTION_DATE_TIME,PAYMENT_TYPE_ID,REMARKS,INFO,TRANSACTION_STATUS,POINTS_EARNED,IS_REDEEMED, USER_ID) VALUES(1212319, 149.52, SYSDATE()-INTERVAL 977 DAY, 3, 'D', 'money deposited to bank', 'SUCCESS', 0, 'N', 12157);
INSERT INTO USER_TRANSACTION(USER_TRANSACTION_ID,AMOUNT,TRANSACTION_DATE_TIME,PAYMENT_TYPE_ID,REMARKS,INFO,TRANSACTION_STATUS,POINTS_EARNED,IS_REDEEMED, USER_ID) VALUES(1212320, 855.2, SYSDATE()-INTERVAL 973 DAY, 6, 'D', 'money payed to neCorp@infy.com', 'SUCCESS', 86, 'N', 12132);
INSERT INTO USER_TRANSACTION(USER_TRANSACTION_ID,AMOUNT,TRANSACTION_DATE_TIME,PAYMENT_TYPE_ID,REMARKS,INFO,TRANSACTION_STATUS,POINTS_EARNED,IS_REDEEMED, USER_ID) VALUES(1212322, 628.15, SYSDATE()-INTERVAL 968 DAY, 3, 'D', 'money deposited to bank', 'SUCCESS', 0, 'N', 12133);
INSERT INTO USER_TRANSACTION(USER_TRANSACTION_ID,AMOUNT,TRANSACTION_DATE_TIME,PAYMENT_TYPE_ID,REMARKS,INFO,TRANSACTION_STATUS,POINTS_EARNED,IS_REDEEMED, USER_ID) VALUES(1212323, 785.7, SYSDATE()-INTERVAL 965 DAY, 3, 'D', 'money deposited to bank', 'SUCCESS', 0, 'N', 12146);
INSERT INTO USER_TRANSACTION(USER_TRANSACTION_ID,AMOUNT,TRANSACTION_DATE_TIME,PAYMENT_TYPE_ID,REMARKS,INFO,TRANSACTION_STATUS,POINTS_EARNED,IS_REDEEMED, USER_ID) VALUES(1212324, 249.21, SYSDATE()-INTERVAL 963 DAY, 3, 'D', 'money deposited to bank', 'SUCCESS', 0, 'N', 12157);
INSERT INTO USER_TRANSACTION(USER_TRANSACTION_ID,AMOUNT,TRANSACTION_DATE_TIME,PAYMENT_TYPE_ID,REMARKS,INFO,TRANSACTION_STATUS,POINTS_EARNED,IS_REDEEMED, USER_ID) VALUES(1212325, 609.8, SYSDATE()-INTERVAL 961 DAY, 6, 'D', 'money payed to fhpLtd@infy.com', 'SUCCESS', 61, 'N', 12168);
INSERT INTO USER_TRANSACTION(USER_TRANSACTION_ID,AMOUNT,TRANSACTION_DATE_TIME,PAYMENT_TYPE_ID,REMARKS,INFO,TRANSACTION_STATUS,POINTS_EARNED,IS_REDEEMED, USER_ID) VALUES(1212327, 764.89, SYSDATE()-INTERVAL 959 DAY, 6, 'D', 'money payed to awWorks@infy.com', 'SUCCESS', 77, 'N', 12155);
INSERT INTO USER_TRANSACTION(USER_TRANSACTION_ID,AMOUNT,TRANSACTION_DATE_TIME,PAYMENT_TYPE_ID,REMARKS,INFO,TRANSACTION_STATUS,POINTS_EARNED,IS_REDEEMED, USER_ID) VALUES(1212329, 18.31, SYSDATE()-INTERVAL 958 DAY, 6, 'D', 'money payed to qpcl@infy.com', 'SUCCESS', 2, 'N', 12155);
INSERT INTO USER_TRANSACTION(USER_TRANSACTION_ID,AMOUNT,TRANSACTION_DATE_TIME,PAYMENT_TYPE_ID,REMARKS,INFO,TRANSACTION_STATUS,POINTS_EARNED,IS_REDEEMED, USER_ID) VALUES(1212331, 266.54, SYSDATE()-INTERVAL 955 DAY, 2, 'D', 'money sent to alishia@infy.com', 'SUCCESS', 0, 'N', 12162);
INSERT INTO USER_TRANSACTION(USER_TRANSACTION_ID,AMOUNT,TRANSACTION_DATE_TIME,PAYMENT_TYPE_ID,REMARKS,INFO,TRANSACTION_STATUS,POINTS_EARNED,IS_REDEEMED, USER_ID) VALUES(1212332, 266.54, SYSDATE()-INTERVAL 955 DAY, 1, 'C', 'money recieved from dyan@infy.com', 'SUCCESS', 0, 'N', 12155);
INSERT INTO USER_TRANSACTION(USER_TRANSACTION_ID,AMOUNT,TRANSACTION_DATE_TIME,PAYMENT_TYPE_ID,REMARKS,INFO,TRANSACTION_STATUS,POINTS_EARNED,IS_REDEEMED, USER_ID) VALUES(1212333, 126.81, SYSDATE()-INTERVAL 953 DAY, 1, 'C', 'money recieved from maryann@infy.com', 'SUCCESS', 0, 'N', 12156);
INSERT INTO USER_TRANSACTION(USER_TRANSACTION_ID,AMOUNT,TRANSACTION_DATE_TIME,PAYMENT_TYPE_ID,REMARKS,INFO,TRANSACTION_STATUS,POINTS_EARNED,IS_REDEEMED, USER_ID) VALUES(1212334, 126.81, SYSDATE()-INTERVAL 953 DAY, 2, 'D', 'money sent to solange@infy.com', 'SUCCESS', 0, 'N', 12144);
INSERT INTO USER_TRANSACTION(USER_TRANSACTION_ID,AMOUNT,TRANSACTION_DATE_TIME,PAYMENT_TYPE_ID,REMARKS,INFO,TRANSACTION_STATUS,POINTS_EARNED,IS_REDEEMED, USER_ID) VALUES(1212335, 72.07, SYSDATE()-INTERVAL 948 DAY, 4, 'C', 'money credited from bank', 'SUCCESS', 0, 'N', 12123);
INSERT INTO USER_TRANSACTION(USER_TRANSACTION_ID,AMOUNT,TRANSACTION_DATE_TIME,PAYMENT_TYPE_ID,REMARKS,INFO,TRANSACTION_STATUS,POINTS_EARNED,IS_REDEEMED, USER_ID) VALUES(1212336, 920.76, SYSDATE()-INTERVAL 947 DAY, 4, 'C', 'money credited from bank', 'SUCCESS', 0, 'N', 12136);
INSERT INTO USER_TRANSACTION(USER_TRANSACTION_ID,AMOUNT,TRANSACTION_DATE_TIME,PAYMENT_TYPE_ID,REMARKS,INFO,TRANSACTION_STATUS,POINTS_EARNED,IS_REDEEMED, USER_ID) VALUES(1212337, 732.56, SYSDATE()-INTERVAL 943 DAY, 3, 'D', 'money deposited to bank', 'SUCCESS', 0, 'N', 12141);
INSERT INTO USER_TRANSACTION(USER_TRANSACTION_ID,AMOUNT,TRANSACTION_DATE_TIME,PAYMENT_TYPE_ID,REMARKS,INFO,TRANSACTION_STATUS,POINTS_EARNED,IS_REDEEMED, USER_ID) VALUES(1212338, 664.62, SYSDATE()-INTERVAL 940 DAY, 4, 'C', 'money credited from bank', 'SUCCESS', 0, 'N', 12125);
INSERT INTO USER_TRANSACTION(USER_TRANSACTION_ID,AMOUNT,TRANSACTION_DATE_TIME,PAYMENT_TYPE_ID,REMARKS,INFO,TRANSACTION_STATUS,POINTS_EARNED,IS_REDEEMED, USER_ID) VALUES(1212340, 954.33, SYSDATE()-INTERVAL 933 DAY, 4, 'C', 'money credited from bank', 'SUCCESS', 0, 'N', 12150);
INSERT INTO USER_TRANSACTION(USER_TRANSACTION_ID,AMOUNT,TRANSACTION_DATE_TIME,PAYMENT_TYPE_ID,REMARKS,INFO,TRANSACTION_STATUS,POINTS_EARNED,IS_REDEEMED, USER_ID) VALUES(1212341, 347.07, SYSDATE()-INTERVAL 931 DAY, 1, 'C', 'money recieved from youlanda@infy.com', 'SUCCESS', 0, 'N', 12137);
INSERT INTO USER_TRANSACTION(USER_TRANSACTION_ID,AMOUNT,TRANSACTION_DATE_TIME,PAYMENT_TYPE_ID,REMARKS,INFO,TRANSACTION_STATUS,POINTS_EARNED,IS_REDEEMED, USER_ID) VALUES(1212342, 347.07, SYSDATE()-INTERVAL 931 DAY, 2, 'D', 'money sent to meaghan@infy.com', 'SUCCESS', 0, 'N', 12161);
INSERT INTO USER_TRANSACTION(USER_TRANSACTION_ID,AMOUNT,TRANSACTION_DATE_TIME,PAYMENT_TYPE_ID,REMARKS,INFO,TRANSACTION_STATUS,POINTS_EARNED,IS_REDEEMED, USER_ID) VALUES(1212343, 347.63, SYSDATE()-INTERVAL 928 DAY, 2, 'D', 'money sent to bette@infy.com', 'SUCCESS', 0, 'N', 12157);
INSERT INTO USER_TRANSACTION(USER_TRANSACTION_ID,AMOUNT,TRANSACTION_DATE_TIME,PAYMENT_TYPE_ID,REMARKS,INFO,TRANSACTION_STATUS,POINTS_EARNED,IS_REDEEMED, USER_ID) VALUES(1212344, 347.63, SYSDATE()-INTERVAL 928 DAY, 1, 'C', 'money recieved from jose@infy.com', 'SUCCESS', 0, 'N', 12141);
INSERT INTO USER_TRANSACTION(USER_TRANSACTION_ID,AMOUNT,TRANSACTION_DATE_TIME,PAYMENT_TYPE_ID,REMARKS,INFO,TRANSACTION_STATUS,POINTS_EARNED,IS_REDEEMED, USER_ID) VALUES(1212345, 403.09, SYSDATE()-INTERVAL 927 DAY, 4, 'C', 'money credited from bank', 'SUCCESS', 0, 'N', 12133);
INSERT INTO USER_TRANSACTION(USER_TRANSACTION_ID,AMOUNT,TRANSACTION_DATE_TIME,PAYMENT_TYPE_ID,REMARKS,INFO,TRANSACTION_STATUS,POINTS_EARNED,IS_REDEEMED, USER_ID) VALUES(1212346, 440.15, SYSDATE()-INTERVAL 925 DAY, 2, 'D', 'money sent to sage@infy.com', 'SUCCESS', 0, 'N', 12155);
INSERT INTO USER_TRANSACTION(USER_TRANSACTION_ID,AMOUNT,TRANSACTION_DATE_TIME,PAYMENT_TYPE_ID,REMARKS,INFO,TRANSACTION_STATUS,POINTS_EARNED,IS_REDEEMED, USER_ID) VALUES(1212347, 440.15, SYSDATE()-INTERVAL 925 DAY, 1, 'C', 'money recieved from alishia@infy.com', 'SUCCESS', 0, 'N', 12129);
INSERT INTO USER_TRANSACTION(USER_TRANSACTION_ID,AMOUNT,TRANSACTION_DATE_TIME,PAYMENT_TYPE_ID,REMARKS,INFO,TRANSACTION_STATUS,POINTS_EARNED,IS_REDEEMED, USER_ID) VALUES(1212348, 507.21, SYSDATE()-INTERVAL 922 DAY, 4, 'C', 'money credited from bank', 'SUCCESS', 0, 'N', 12157);
INSERT INTO USER_TRANSACTION(USER_TRANSACTION_ID,AMOUNT,TRANSACTION_DATE_TIME,PAYMENT_TYPE_ID,REMARKS,INFO,TRANSACTION_STATUS,POINTS_EARNED,IS_REDEEMED, USER_ID) VALUES(1212349, 219.7, SYSDATE()-INTERVAL 921 DAY, 1, 'C', 'money recieved from emerson@infy.com', 'SUCCESS', 0, 'N', 12164);
INSERT INTO USER_TRANSACTION(USER_TRANSACTION_ID,AMOUNT,TRANSACTION_DATE_TIME,PAYMENT_TYPE_ID,REMARKS,INFO,TRANSACTION_STATUS,POINTS_EARNED,IS_REDEEMED, USER_ID) VALUES(1212350, 219.7, SYSDATE()-INTERVAL 921 DAY, 2, 'D', 'money sent to lavera@infy.com', 'SUCCESS', 0, 'N', 12169);
INSERT INTO USER_TRANSACTION(USER_TRANSACTION_ID,AMOUNT,TRANSACTION_DATE_TIME,PAYMENT_TYPE_ID,REMARKS,INFO,TRANSACTION_STATUS,POINTS_EARNED,IS_REDEEMED, USER_ID) VALUES(1212351, 820.15, SYSDATE()-INTERVAL 919 DAY, 4, 'C', 'money credited from bank', 'SUCCESS', 0, 'N', 12129);
INSERT INTO USER_TRANSACTION(USER_TRANSACTION_ID,AMOUNT,TRANSACTION_DATE_TIME,PAYMENT_TYPE_ID,REMARKS,INFO,TRANSACTION_STATUS,POINTS_EARNED,IS_REDEEMED, USER_ID) VALUES(1212352, 775.04, SYSDATE()-INTERVAL 915 DAY, 4, 'C', 'money credited from bank', 'SUCCESS', 0, 'N', 12124);
INSERT INTO USER_TRANSACTION(USER_TRANSACTION_ID,AMOUNT,TRANSACTION_DATE_TIME,PAYMENT_TYPE_ID,REMARKS,INFO,TRANSACTION_STATUS,POINTS_EARNED,IS_REDEEMED, USER_ID) VALUES(1212353, 606.75, SYSDATE()-INTERVAL 910 DAY, 3, 'D', 'money deposited to bank', 'SUCCESS', 0, 'N', 12144);
INSERT INTO USER_TRANSACTION(USER_TRANSACTION_ID,AMOUNT,TRANSACTION_DATE_TIME,PAYMENT_TYPE_ID,REMARKS,INFO,TRANSACTION_STATUS,POINTS_EARNED,IS_REDEEMED, USER_ID) VALUES(1212354, 496.3, SYSDATE()-INTERVAL 908 DAY, 1, 'C', 'money recieved from minna@infy.com', 'SUCCESS', 0, 'N', 12128);
INSERT INTO USER_TRANSACTION(USER_TRANSACTION_ID,AMOUNT,TRANSACTION_DATE_TIME,PAYMENT_TYPE_ID,REMARKS,INFO,TRANSACTION_STATUS,POINTS_EARNED,IS_REDEEMED, USER_ID) VALUES(1212355, 496.3, SYSDATE()-INTERVAL 908 DAY, 2, 'D', 'money sent to leota@infy.com', 'SUCCESS', 0, 'N', 12131);
INSERT INTO USER_TRANSACTION(USER_TRANSACTION_ID,AMOUNT,TRANSACTION_DATE_TIME,PAYMENT_TYPE_ID,REMARKS,INFO,TRANSACTION_STATUS,POINTS_EARNED,IS_REDEEMED, USER_ID) VALUES(1212357, 541.76, SYSDATE()-INTERVAL 900 DAY, 3, 'D', 'money deposited to bank', 'SUCCESS', 0, 'N', 12153);
INSERT INTO USER_TRANSACTION(USER_TRANSACTION_ID,AMOUNT,TRANSACTION_DATE_TIME,PAYMENT_TYPE_ID,REMARKS,INFO,TRANSACTION_STATUS,POINTS_EARNED,IS_REDEEMED, USER_ID) VALUES(1212358, 241.2, SYSDATE()-INTERVAL 898 DAY, 4, 'C', 'money credited from bank', 'SUCCESS', 0, 'N', 12162);
INSERT INTO USER_TRANSACTION(USER_TRANSACTION_ID,AMOUNT,TRANSACTION_DATE_TIME,PAYMENT_TYPE_ID,REMARKS,INFO,TRANSACTION_STATUS,POINTS_EARNED,IS_REDEEMED, USER_ID) VALUES(1212359, 39.81, SYSDATE()-INTERVAL 893 DAY, 1, 'C', 'money recieved from bette@infy.com', 'SUCCESS', 0, 'N', 12168);
INSERT INTO USER_TRANSACTION(USER_TRANSACTION_ID,AMOUNT,TRANSACTION_DATE_TIME,PAYMENT_TYPE_ID,REMARKS,INFO,TRANSACTION_STATUS,POINTS_EARNED,IS_REDEEMED, USER_ID) VALUES(1212360, 39.81, SYSDATE()-INTERVAL 893 DAY, 2, 'D', 'money sent to kanisha@infy.com', 'SUCCESS', 0, 'N', 12141);
INSERT INTO USER_TRANSACTION(USER_TRANSACTION_ID,AMOUNT,TRANSACTION_DATE_TIME,PAYMENT_TYPE_ID,REMARKS,INFO,TRANSACTION_STATUS,POINTS_EARNED,IS_REDEEMED, USER_ID) VALUES(1212361, 137.99, SYSDATE()-INTERVAL 888 DAY, 6, 'D', 'money payed to awWorks@infy.com', 'SUCCESS', 14, 'N', 12141);
INSERT INTO USER_TRANSACTION(USER_TRANSACTION_ID,AMOUNT,TRANSACTION_DATE_TIME,PAYMENT_TYPE_ID,REMARKS,INFO,TRANSACTION_STATUS,POINTS_EARNED,IS_REDEEMED, USER_ID) VALUES(1212363, 356.89, SYSDATE()-INTERVAL 885 DAY, 6, 'D', 'money payed to awWorks@infy.com', 'SUCCESS', 36, 'N', 12141);
INSERT INTO USER_TRANSACTION(USER_TRANSACTION_ID,AMOUNT,TRANSACTION_DATE_TIME,PAYMENT_TYPE_ID,REMARKS,INFO,TRANSACTION_STATUS,POINTS_EARNED,IS_REDEEMED, USER_ID) VALUES(1212366, 254.41, SYSDATE()-INTERVAL 879 DAY, 3, 'D', 'money deposited to bank', 'SUCCESS', 0, 'N', 12129);
INSERT INTO USER_TRANSACTION(USER_TRANSACTION_ID,AMOUNT,TRANSACTION_DATE_TIME,PAYMENT_TYPE_ID,REMARKS,INFO,TRANSACTION_STATUS,POINTS_EARNED,IS_REDEEMED, USER_ID) VALUES(1212367, 92.01, SYSDATE()-INTERVAL 877 DAY, 2, 'D', 'money sent to abel@infy.com', 'SUCCESS', 0, 'N', 12128);
INSERT INTO USER_TRANSACTION(USER_TRANSACTION_ID,AMOUNT,TRANSACTION_DATE_TIME,PAYMENT_TYPE_ID,REMARKS,INFO,TRANSACTION_STATUS,POINTS_EARNED,IS_REDEEMED, USER_ID) VALUES(1212368, 92.01, SYSDATE()-INTERVAL 877 DAY, 1, 'C', 'money recieved from leota@infy.com', 'SUCCESS', 0, 'N', 12132);
INSERT INTO USER_TRANSACTION(USER_TRANSACTION_ID,AMOUNT,TRANSACTION_DATE_TIME,PAYMENT_TYPE_ID,REMARKS,INFO,TRANSACTION_STATUS,POINTS_EARNED,IS_REDEEMED, USER_ID) VALUES(1212369, 503.55, SYSDATE()-INTERVAL 876 DAY, 4, 'C', 'money credited from bank', 'SUCCESS', 0, 'N', 12146);
INSERT INTO USER_TRANSACTION(USER_TRANSACTION_ID,AMOUNT,TRANSACTION_DATE_TIME,PAYMENT_TYPE_ID,REMARKS,INFO,TRANSACTION_STATUS,POINTS_EARNED,IS_REDEEMED, USER_ID) VALUES(1212370, 777.84, SYSDATE()-INTERVAL 875 DAY, 4, 'C', 'money credited from bank', 'SUCCESS', 0, 'N', 12146);
INSERT INTO USER_TRANSACTION(USER_TRANSACTION_ID,AMOUNT,TRANSACTION_DATE_TIME,PAYMENT_TYPE_ID,REMARKS,INFO,TRANSACTION_STATUS,POINTS_EARNED,IS_REDEEMED, USER_ID) VALUES(1212371, 95.98, SYSDATE()-INTERVAL 870 DAY, 1, 'C', 'money recieved from gladys@infy.com', 'SUCCESS', 0, 'N', 12141);
INSERT INTO USER_TRANSACTION(USER_TRANSACTION_ID,AMOUNT,TRANSACTION_DATE_TIME,PAYMENT_TYPE_ID,REMARKS,INFO,TRANSACTION_STATUS,POINTS_EARNED,IS_REDEEMED, USER_ID) VALUES(1212372, 95.98, SYSDATE()-INTERVAL 870 DAY, 2, 'D', 'money sent to bette@infy.com', 'SUCCESS', 0, 'N', 12138);
INSERT INTO USER_TRANSACTION(USER_TRANSACTION_ID,AMOUNT,TRANSACTION_DATE_TIME,PAYMENT_TYPE_ID,REMARKS,INFO,TRANSACTION_STATUS,POINTS_EARNED,IS_REDEEMED, USER_ID) VALUES(1212373, 548.12, SYSDATE()-INTERVAL 868 DAY, 3, 'D', 'money deposited to bank', 'SUCCESS', 0, 'N', 12142);
INSERT INTO USER_TRANSACTION(USER_TRANSACTION_ID,AMOUNT,TRANSACTION_DATE_TIME,PAYMENT_TYPE_ID,REMARKS,INFO,TRANSACTION_STATUS,POINTS_EARNED,IS_REDEEMED, USER_ID) VALUES(1212374, 198.2, SYSDATE()-INTERVAL 866 DAY, 4, 'C', 'money credited from bank', 'SUCCESS', 0, 'N', 12156);
INSERT INTO USER_TRANSACTION(USER_TRANSACTION_ID,AMOUNT,TRANSACTION_DATE_TIME,PAYMENT_TYPE_ID,REMARKS,INFO,TRANSACTION_STATUS,POINTS_EARNED,IS_REDEEMED, USER_ID) VALUES(1212375, 581.76, SYSDATE()-INTERVAL 864 DAY, 4, 'C', 'money credited from bank', 'SUCCESS', 0, 'N', 12162);
INSERT INTO USER_TRANSACTION(USER_TRANSACTION_ID,AMOUNT,TRANSACTION_DATE_TIME,PAYMENT_TYPE_ID,REMARKS,INFO,TRANSACTION_STATUS,POINTS_EARNED,IS_REDEEMED, USER_ID) VALUES(1212376, 99.76, SYSDATE()-INTERVAL 861 DAY, 4, 'C', 'money credited from bank', 'SUCCESS', 0, 'N', 12128);
INSERT INTO USER_TRANSACTION(USER_TRANSACTION_ID,AMOUNT,TRANSACTION_DATE_TIME,PAYMENT_TYPE_ID,REMARKS,INFO,TRANSACTION_STATUS,POINTS_EARNED,IS_REDEEMED, USER_ID) VALUES(1212377, 740.86, SYSDATE()-INTERVAL 856 DAY, 6, 'D', 'money payed to iConnect@infy.com', 'SUCCESS', 75, 'N', 12150);
INSERT INTO USER_TRANSACTION(USER_TRANSACTION_ID,AMOUNT,TRANSACTION_DATE_TIME,PAYMENT_TYPE_ID,REMARKS,INFO,TRANSACTION_STATUS,POINTS_EARNED,IS_REDEEMED, USER_ID) VALUES(1212379, 492.97, SYSDATE()-INTERVAL 854 DAY, 4, 'C', 'money credited from bank', 'SUCCESS', 0, 'N', 12126);
INSERT INTO USER_TRANSACTION(USER_TRANSACTION_ID,AMOUNT,TRANSACTION_DATE_TIME,PAYMENT_TYPE_ID,REMARKS,INFO,TRANSACTION_STATUS,POINTS_EARNED,IS_REDEEMED, USER_ID) VALUES(1212380, 466.61, SYSDATE()-INTERVAL 850 DAY, 3, 'D', 'money deposited to bank', 'SUCCESS', 0, 'N', 12126);
INSERT INTO USER_TRANSACTION(USER_TRANSACTION_ID,AMOUNT,TRANSACTION_DATE_TIME,PAYMENT_TYPE_ID,REMARKS,INFO,TRANSACTION_STATUS,POINTS_EARNED,IS_REDEEMED, USER_ID) VALUES(1212381, 847.74, SYSDATE()-INTERVAL 847 DAY, 3, 'D', 'money deposited to bank', 'SUCCESS', 0, 'N', 12154);
INSERT INTO USER_TRANSACTION(USER_TRANSACTION_ID,AMOUNT,TRANSACTION_DATE_TIME,PAYMENT_TYPE_ID,REMARKS,INFO,TRANSACTION_STATUS,POINTS_EARNED,IS_REDEEMED, USER_ID) VALUES(1212382, 379.6, SYSDATE()-INTERVAL 845 DAY, 1, 'C', 'money recieved from bette@infy.com', 'SUCCESS', 0, 'N', 12150);
INSERT INTO USER_TRANSACTION(USER_TRANSACTION_ID,AMOUNT,TRANSACTION_DATE_TIME,PAYMENT_TYPE_ID,REMARKS,INFO,TRANSACTION_STATUS,POINTS_EARNED,IS_REDEEMED, USER_ID) VALUES(1212383, 379.6, SYSDATE()-INTERVAL 845 DAY, 2, 'D', 'money sent to bernardo@infy.com', 'SUCCESS', 0, 'N', 12141);
INSERT INTO USER_TRANSACTION(USER_TRANSACTION_ID,AMOUNT,TRANSACTION_DATE_TIME,PAYMENT_TYPE_ID,REMARKS,INFO,TRANSACTION_STATUS,POINTS_EARNED,IS_REDEEMED, USER_ID) VALUES(1212384, 820.46, SYSDATE()-INTERVAL 844 DAY, 4, 'C', 'money credited from bank', 'SUCCESS', 0, 'N', 12140);
INSERT INTO USER_TRANSACTION(USER_TRANSACTION_ID,AMOUNT,TRANSACTION_DATE_TIME,PAYMENT_TYPE_ID,REMARKS,INFO,TRANSACTION_STATUS,POINTS_EARNED,IS_REDEEMED, USER_ID) VALUES(1212385, 61.59, SYSDATE()-INTERVAL 843 DAY, 2, 'D', 'money sent to veronika@infy.com', 'SUCCESS', 0, 'N', 12140);
INSERT INTO USER_TRANSACTION(USER_TRANSACTION_ID,AMOUNT,TRANSACTION_DATE_TIME,PAYMENT_TYPE_ID,REMARKS,INFO,TRANSACTION_STATUS,POINTS_EARNED,IS_REDEEMED, USER_ID) VALUES(1212386, 61.59, SYSDATE()-INTERVAL 843 DAY, 1, 'C', 'money recieved from fletcher@infy.com', 'SUCCESS', 0, 'N', 12142);
INSERT INTO USER_TRANSACTION(USER_TRANSACTION_ID,AMOUNT,TRANSACTION_DATE_TIME,PAYMENT_TYPE_ID,REMARKS,INFO,TRANSACTION_STATUS,POINTS_EARNED,IS_REDEEMED, USER_ID) VALUES(1212388, 944.98, SYSDATE()-INTERVAL 840 DAY, 4, 'C', 'money credited from bank', 'SUCCESS', 0, 'N', 12152);
INSERT INTO USER_TRANSACTION(USER_TRANSACTION_ID,AMOUNT,TRANSACTION_DATE_TIME,PAYMENT_TYPE_ID,REMARKS,INFO,TRANSACTION_STATUS,POINTS_EARNED,IS_REDEEMED, USER_ID) VALUES(1212389, 839.33, SYSDATE()-INTERVAL 835 DAY, 4, 'C', 'money credited from bank', 'SUCCESS', 0, 'N', 12141);
INSERT INTO USER_TRANSACTION(USER_TRANSACTION_ID,AMOUNT,TRANSACTION_DATE_TIME,PAYMENT_TYPE_ID,REMARKS,INFO,TRANSACTION_STATUS,POINTS_EARNED,IS_REDEEMED, USER_ID) VALUES(1212390, 76.83, SYSDATE()-INTERVAL 833 DAY, 1, 'C', 'money recieved from bernardo@infy.com', 'SUCCESS', 0, 'N', 12169);
INSERT INTO USER_TRANSACTION(USER_TRANSACTION_ID,AMOUNT,TRANSACTION_DATE_TIME,PAYMENT_TYPE_ID,REMARKS,INFO,TRANSACTION_STATUS,POINTS_EARNED,IS_REDEEMED, USER_ID) VALUES(1212391, 76.83, SYSDATE()-INTERVAL 833 DAY, 2, 'D', 'money sent to emerson@infy.com', 'SUCCESS', 0, 'N', 12150);
INSERT INTO USER_TRANSACTION(USER_TRANSACTION_ID,AMOUNT,TRANSACTION_DATE_TIME,PAYMENT_TYPE_ID,REMARKS,INFO,TRANSACTION_STATUS,POINTS_EARNED,IS_REDEEMED, USER_ID) VALUES(1212392, 465.83, SYSDATE()-INTERVAL 832 DAY, 2, 'D', 'money sent to sage@infy.com', 'SUCCESS', 0, 'N', 12141);
INSERT INTO USER_TRANSACTION(USER_TRANSACTION_ID,AMOUNT,TRANSACTION_DATE_TIME,PAYMENT_TYPE_ID,REMARKS,INFO,TRANSACTION_STATUS,POINTS_EARNED,IS_REDEEMED, USER_ID) VALUES(1212393, 465.83, SYSDATE()-INTERVAL 832 DAY, 1, 'C', 'money recieved from bette@infy.com', 'SUCCESS', 0, 'N', 12129);
INSERT INTO USER_TRANSACTION(USER_TRANSACTION_ID,AMOUNT,TRANSACTION_DATE_TIME,PAYMENT_TYPE_ID,REMARKS,INFO,TRANSACTION_STATUS,POINTS_EARNED,IS_REDEEMED, USER_ID) VALUES(1212394, 665.32, SYSDATE()-INTERVAL 829 DAY, 6, 'D', 'money payed to wwcInc@infy.com', 'SUCCESS', 67, 'N', 12128);
INSERT INTO USER_TRANSACTION(USER_TRANSACTION_ID,AMOUNT,TRANSACTION_DATE_TIME,PAYMENT_TYPE_ID,REMARKS,INFO,TRANSACTION_STATUS,POINTS_EARNED,IS_REDEEMED, USER_ID) VALUES(1212396, 48.01, SYSDATE()-INTERVAL 825 DAY, 4, 'C', 'money credited from bank', 'SUCCESS', 0, 'N', 12169);
INSERT INTO USER_TRANSACTION(USER_TRANSACTION_ID,AMOUNT,TRANSACTION_DATE_TIME,PAYMENT_TYPE_ID,REMARKS,INFO,TRANSACTION_STATUS,POINTS_EARNED,IS_REDEEMED, USER_ID) VALUES(1212397, 466.58, SYSDATE()-INTERVAL 822 DAY, 2, 'D', 'money sent to meaghan@infy.com', 'SUCCESS', 0, 'N', 12147);
INSERT INTO USER_TRANSACTION(USER_TRANSACTION_ID,AMOUNT,TRANSACTION_DATE_TIME,PAYMENT_TYPE_ID,REMARKS,INFO,TRANSACTION_STATUS,POINTS_EARNED,IS_REDEEMED, USER_ID) VALUES(1212398, 466.58, SYSDATE()-INTERVAL 822 DAY, 1, 'C', 'money recieved from chanel@infy.com', 'SUCCESS', 0, 'N', 12137);
INSERT INTO USER_TRANSACTION(USER_TRANSACTION_ID,AMOUNT,TRANSACTION_DATE_TIME,PAYMENT_TYPE_ID,REMARKS,INFO,TRANSACTION_STATUS,POINTS_EARNED,IS_REDEEMED, USER_ID) VALUES(1212399, 698.22, SYSDATE()-INTERVAL 817 DAY, 2, 'D', 'money sent to emerson@infy.com', 'SUCCESS', 0, 'N', 12137);
INSERT INTO USER_TRANSACTION(USER_TRANSACTION_ID,AMOUNT,TRANSACTION_DATE_TIME,PAYMENT_TYPE_ID,REMARKS,INFO,TRANSACTION_STATUS,POINTS_EARNED,IS_REDEEMED, USER_ID) VALUES(1212400, 698.22, SYSDATE()-INTERVAL 817 DAY, 1, 'C', 'money recieved from meaghan@infy.com', 'SUCCESS', 0, 'N', 12169);
INSERT INTO USER_TRANSACTION(USER_TRANSACTION_ID,AMOUNT,TRANSACTION_DATE_TIME,PAYMENT_TYPE_ID,REMARKS,INFO,TRANSACTION_STATUS,POINTS_EARNED,IS_REDEEMED, USER_ID) VALUES(1212401, 249.61, SYSDATE()-INTERVAL 816 DAY, 4, 'C', 'money credited from bank', 'SUCCESS', 0, 'N', 12164);
INSERT INTO USER_TRANSACTION(USER_TRANSACTION_ID,AMOUNT,TRANSACTION_DATE_TIME,PAYMENT_TYPE_ID,REMARKS,INFO,TRANSACTION_STATUS,POINTS_EARNED,IS_REDEEMED, USER_ID) VALUES(1212402, 973.82, SYSDATE()-INTERVAL 812 DAY, 4, 'C', 'money credited from bank', 'SUCCESS', 0, 'N', 12147);
INSERT INTO USER_TRANSACTION(USER_TRANSACTION_ID,AMOUNT,TRANSACTION_DATE_TIME,PAYMENT_TYPE_ID,REMARKS,INFO,TRANSACTION_STATUS,POINTS_EARNED,IS_REDEEMED, USER_ID) VALUES(1212403, 573.43, SYSDATE()-INTERVAL 810 DAY, 3, 'D', 'money deposited to bank', 'SUCCESS', 0, 'N', 12140);
INSERT INTO USER_TRANSACTION(USER_TRANSACTION_ID,AMOUNT,TRANSACTION_DATE_TIME,PAYMENT_TYPE_ID,REMARKS,INFO,TRANSACTION_STATUS,POINTS_EARNED,IS_REDEEMED, USER_ID) VALUES(1212404, 429.49, SYSDATE()-INTERVAL 807 DAY, 6, 'D', 'money payed to taiPower@infy.com', 'SUCCESS', 43, 'N', 12164);
INSERT INTO USER_TRANSACTION(USER_TRANSACTION_ID,AMOUNT,TRANSACTION_DATE_TIME,PAYMENT_TYPE_ID,REMARKS,INFO,TRANSACTION_STATUS,POINTS_EARNED,IS_REDEEMED, USER_ID) VALUES(1212406, 437.11, SYSDATE()-INTERVAL 802 DAY, 6, 'D', 'money payed to gkaiNsons@infy.com', 'SUCCESS', 44, 'N', 12157);
INSERT INTO USER_TRANSACTION(USER_TRANSACTION_ID,AMOUNT,TRANSACTION_DATE_TIME,PAYMENT_TYPE_ID,REMARKS,INFO,TRANSACTION_STATUS,POINTS_EARNED,IS_REDEEMED, USER_ID) VALUES(1212408, 3.23, SYSDATE()-INTERVAL 797 DAY, 6, 'D', 'money payed to awWorks@infy.com', 'SUCCESS', 1, 'N', 12150);
INSERT INTO USER_TRANSACTION(USER_TRANSACTION_ID,AMOUNT,TRANSACTION_DATE_TIME,PAYMENT_TYPE_ID,REMARKS,INFO,TRANSACTION_STATUS,POINTS_EARNED,IS_REDEEMED, USER_ID) VALUES(1212410, 297.89, SYSDATE()-INTERVAL 794 DAY, 2, 'D', 'money sent to ezekiel@infy.com', 'SUCCESS', 0, 'N', 12123);
INSERT INTO USER_TRANSACTION(USER_TRANSACTION_ID,AMOUNT,TRANSACTION_DATE_TIME,PAYMENT_TYPE_ID,REMARKS,INFO,TRANSACTION_STATUS,POINTS_EARNED,IS_REDEEMED, USER_ID) VALUES(1212411, 297.89, SYSDATE()-INTERVAL 794 DAY, 1, 'C', 'money recieved from art@infy.com', 'SUCCESS', 0, 'N', 12148);
INSERT INTO USER_TRANSACTION(USER_TRANSACTION_ID,AMOUNT,TRANSACTION_DATE_TIME,PAYMENT_TYPE_ID,REMARKS,INFO,TRANSACTION_STATUS,POINTS_EARNED,IS_REDEEMED, USER_ID) VALUES(1212412, 645.03, SYSDATE()-INTERVAL 792 DAY, 3, 'D', 'money deposited to bank', 'SUCCESS', 0, 'N', 12136);
INSERT INTO USER_TRANSACTION(USER_TRANSACTION_ID,AMOUNT,TRANSACTION_DATE_TIME,PAYMENT_TYPE_ID,REMARKS,INFO,TRANSACTION_STATUS,POINTS_EARNED,IS_REDEEMED, USER_ID) VALUES(1212414, 863.09, SYSDATE()-INTERVAL 787 DAY, 2, 'D', 'money sent to alisha@infy.com', 'SUCCESS', 0, 'N', 12152);
INSERT INTO USER_TRANSACTION(USER_TRANSACTION_ID,AMOUNT,TRANSACTION_DATE_TIME,PAYMENT_TYPE_ID,REMARKS,INFO,TRANSACTION_STATUS,POINTS_EARNED,IS_REDEEMED, USER_ID) VALUES(1212415, 863.09, SYSDATE()-INTERVAL 787 DAY, 1, 'C', 'money recieved from francine@infy.com', 'SUCCESS', 0, 'N', 12145);
INSERT INTO USER_TRANSACTION(USER_TRANSACTION_ID,AMOUNT,TRANSACTION_DATE_TIME,PAYMENT_TYPE_ID,REMARKS,INFO,TRANSACTION_STATUS,POINTS_EARNED,IS_REDEEMED, USER_ID) VALUES(1212416, 143.33, SYSDATE()-INTERVAL 782 DAY, 6, 'D', 'money payed to wwcInc@infy.com', 'SUCCESS', 15, 'N', 12129);
INSERT INTO USER_TRANSACTION(USER_TRANSACTION_ID,AMOUNT,TRANSACTION_DATE_TIME,PAYMENT_TYPE_ID,REMARKS,INFO,TRANSACTION_STATUS,POINTS_EARNED,IS_REDEEMED, USER_ID) VALUES(1212418, 667.19, SYSDATE()-INTERVAL 779 DAY, 1, 'C', 'money recieved from alisha@infy.com', 'SUCCESS', 0, 'N', 12157);
INSERT INTO USER_TRANSACTION(USER_TRANSACTION_ID,AMOUNT,TRANSACTION_DATE_TIME,PAYMENT_TYPE_ID,REMARKS,INFO,TRANSACTION_STATUS,POINTS_EARNED,IS_REDEEMED, USER_ID) VALUES(1212419, 667.19, SYSDATE()-INTERVAL 779 DAY, 2, 'D', 'money sent to jose@infy.com', 'SUCCESS', 0, 'N', 12145);
INSERT INTO USER_TRANSACTION(USER_TRANSACTION_ID,AMOUNT,TRANSACTION_DATE_TIME,PAYMENT_TYPE_ID,REMARKS,INFO,TRANSACTION_STATUS,POINTS_EARNED,IS_REDEEMED, USER_ID) VALUES(1212421, 408.8, SYSDATE()-INTERVAL 774 DAY, 4, 'C', 'money credited from bank', 'SUCCESS', 0, 'N', 12127);
INSERT INTO USER_TRANSACTION(USER_TRANSACTION_ID,AMOUNT,TRANSACTION_DATE_TIME,PAYMENT_TYPE_ID,REMARKS,INFO,TRANSACTION_STATUS,POINTS_EARNED,IS_REDEEMED, USER_ID) VALUES(1212422, 332.41, SYSDATE()-INTERVAL 771 DAY, 6, 'D', 'money payed to fissure@infy.com', 'SUCCESS', 34, 'N', 12146);
INSERT INTO USER_TRANSACTION(USER_TRANSACTION_ID,AMOUNT,TRANSACTION_DATE_TIME,PAYMENT_TYPE_ID,REMARKS,INFO,TRANSACTION_STATUS,POINTS_EARNED,IS_REDEEMED, USER_ID) VALUES(1212424, 984.45, SYSDATE()-INTERVAL 766 DAY, 6, 'D', 'money payed to harmonyInt@infy.com', 'SUCCESS', 99, 'N', 12124);
INSERT INTO USER_TRANSACTION(USER_TRANSACTION_ID,AMOUNT,TRANSACTION_DATE_TIME,PAYMENT_TYPE_ID,REMARKS,INFO,TRANSACTION_STATUS,POINTS_EARNED,IS_REDEEMED, USER_ID) VALUES(1212426, 126.34, SYSDATE()-INTERVAL 764 DAY, 4, 'C', 'money credited from bank', 'SUCCESS', 0, 'N', 12161);
INSERT INTO USER_TRANSACTION(USER_TRANSACTION_ID,AMOUNT,TRANSACTION_DATE_TIME,PAYMENT_TYPE_ID,REMARKS,INFO,TRANSACTION_STATUS,POINTS_EARNED,IS_REDEEMED, USER_ID) VALUES(1212427, 719.4, SYSDATE()-INTERVAL 763 DAY, 3, 'D', 'money deposited to bank', 'SUCCESS', 0, 'N', 12129);
INSERT INTO USER_TRANSACTION(USER_TRANSACTION_ID,AMOUNT,TRANSACTION_DATE_TIME,PAYMENT_TYPE_ID,REMARKS,INFO,TRANSACTION_STATUS,POINTS_EARNED,IS_REDEEMED, USER_ID) VALUES(1212428, 533.82, SYSDATE()-INTERVAL 761 DAY, 4, 'C', 'money credited from bank', 'SUCCESS', 0, 'N', 12158);
INSERT INTO USER_TRANSACTION(USER_TRANSACTION_ID,AMOUNT,TRANSACTION_DATE_TIME,PAYMENT_TYPE_ID,REMARKS,INFO,TRANSACTION_STATUS,POINTS_EARNED,IS_REDEEMED, USER_ID) VALUES(1212429, 301.82, SYSDATE()-INTERVAL 757 DAY, 4, 'C', 'money credited from bank', 'SUCCESS', 0, 'N', 12148);
INSERT INTO USER_TRANSACTION(USER_TRANSACTION_ID,AMOUNT,TRANSACTION_DATE_TIME,PAYMENT_TYPE_ID,REMARKS,INFO,TRANSACTION_STATUS,POINTS_EARNED,IS_REDEEMED, USER_ID) VALUES(1212430, 313.23, SYSDATE()-INTERVAL 752 DAY, 3, 'D', 'money deposited to bank', 'SUCCESS', 0, 'N', 12125);
INSERT INTO USER_TRANSACTION(USER_TRANSACTION_ID,AMOUNT,TRANSACTION_DATE_TIME,PAYMENT_TYPE_ID,REMARKS,INFO,TRANSACTION_STATUS,POINTS_EARNED,IS_REDEEMED, USER_ID) VALUES(1212431, 771.62, SYSDATE()-INTERVAL 747 DAY, 3, 'D', 'money deposited to bank', 'SUCCESS', 0, 'N', 12129);
INSERT INTO USER_TRANSACTION(USER_TRANSACTION_ID,AMOUNT,TRANSACTION_DATE_TIME,PAYMENT_TYPE_ID,REMARKS,INFO,TRANSACTION_STATUS,POINTS_EARNED,IS_REDEEMED, USER_ID) VALUES(1212432, 149.7, SYSDATE()-INTERVAL 746 DAY, 6, 'D', 'money payed to bshCorp@infy.com', 'SUCCESS', 15, 'N', 12150);
INSERT INTO USER_TRANSACTION(USER_TRANSACTION_ID,AMOUNT,TRANSACTION_DATE_TIME,PAYMENT_TYPE_ID,REMARKS,INFO,TRANSACTION_STATUS,POINTS_EARNED,IS_REDEEMED, USER_ID) VALUES(1212434, 498.5, SYSDATE()-INTERVAL 741 DAY, 4, 'C', 'money credited from bank', 'SUCCESS', 0, 'N', 12126);
INSERT INTO USER_TRANSACTION(USER_TRANSACTION_ID,AMOUNT,TRANSACTION_DATE_TIME,PAYMENT_TYPE_ID,REMARKS,INFO,TRANSACTION_STATUS,POINTS_EARNED,IS_REDEEMED, USER_ID) VALUES(1212435, 633.09, SYSDATE()-INTERVAL 738 DAY, 4, 'C', 'money credited from bank', 'SUCCESS', 0, 'N', 12127);
INSERT INTO USER_TRANSACTION(USER_TRANSACTION_ID,AMOUNT,TRANSACTION_DATE_TIME,PAYMENT_TYPE_ID,REMARKS,INFO,TRANSACTION_STATUS,POINTS_EARNED,IS_REDEEMED, USER_ID) VALUES(1212436, 587.93, SYSDATE()-INTERVAL 733 DAY, 4, 'C', 'money credited from bank', 'SUCCESS', 0, 'N', 12142);
INSERT INTO USER_TRANSACTION(USER_TRANSACTION_ID,AMOUNT,TRANSACTION_DATE_TIME,PAYMENT_TYPE_ID,REMARKS,INFO,TRANSACTION_STATUS,POINTS_EARNED,IS_REDEEMED, USER_ID) VALUES(1212437, 367.64, SYSDATE()-INTERVAL 732 DAY, 2, 'D', 'money sent to josephine@infy.com', 'SUCCESS', 0, 'N', 12148);
INSERT INTO USER_TRANSACTION(USER_TRANSACTION_ID,AMOUNT,TRANSACTION_DATE_TIME,PAYMENT_TYPE_ID,REMARKS,INFO,TRANSACTION_STATUS,POINTS_EARNED,IS_REDEEMED, USER_ID) VALUES(1212438, 367.64, SYSDATE()-INTERVAL 732 DAY, 1, 'C', 'money recieved from ezekiel@infy.com', 'SUCCESS', 0, 'N', 12122);
INSERT INTO USER_TRANSACTION(USER_TRANSACTION_ID,AMOUNT,TRANSACTION_DATE_TIME,PAYMENT_TYPE_ID,REMARKS,INFO,TRANSACTION_STATUS,POINTS_EARNED,IS_REDEEMED, USER_ID) VALUES(1212439, 921.22, SYSDATE()-INTERVAL 731 DAY, 4, 'C', 'money credited from bank', 'SUCCESS', 0, 'N', 12143);
INSERT INTO USER_TRANSACTION(USER_TRANSACTION_ID,AMOUNT,TRANSACTION_DATE_TIME,PAYMENT_TYPE_ID,REMARKS,INFO,TRANSACTION_STATUS,POINTS_EARNED,IS_REDEEMED, USER_ID) VALUES(1212443, 189.04, SYSDATE()-INTERVAL 717 DAY, 6, 'D', 'money payed to kahleedTel@infy.com', 'SUCCESS', 19, 'N', 12124);
INSERT INTO USER_TRANSACTION(USER_TRANSACTION_ID,AMOUNT,TRANSACTION_DATE_TIME,PAYMENT_TYPE_ID,REMARKS,INFO,TRANSACTION_STATUS,POINTS_EARNED,IS_REDEEMED, USER_ID) VALUES(1212445, 284.85, SYSDATE()-INTERVAL 713 DAY, 6, 'D', 'money payed to mossesTel@infy.com', 'SUCCESS', 29, 'N', 12147);
INSERT INTO USER_TRANSACTION(USER_TRANSACTION_ID,AMOUNT,TRANSACTION_DATE_TIME,PAYMENT_TYPE_ID,REMARKS,INFO,TRANSACTION_STATUS,POINTS_EARNED,IS_REDEEMED, USER_ID) VALUES(1212447, 273.37, SYSDATE()-INTERVAL 710 DAY, 3, 'D', 'money deposited to bank', 'SUCCESS', 0, 'N', 12158);
INSERT INTO USER_TRANSACTION(USER_TRANSACTION_ID,AMOUNT,TRANSACTION_DATE_TIME,PAYMENT_TYPE_ID,REMARKS,INFO,TRANSACTION_STATUS,POINTS_EARNED,IS_REDEEMED, USER_ID) VALUES(1212448, 847.81, SYSDATE()-INTERVAL 707 DAY, 2, 'D', 'money sent to solange@infy.com', 'SUCCESS', 0, 'N', 12126);
INSERT INTO USER_TRANSACTION(USER_TRANSACTION_ID,AMOUNT,TRANSACTION_DATE_TIME,PAYMENT_TYPE_ID,REMARKS,INFO,TRANSACTION_STATUS,POINTS_EARNED,IS_REDEEMED, USER_ID) VALUES(1212449, 847.81, SYSDATE()-INTERVAL 707 DAY, 1, 'C', 'money recieved from simona@infy.com', 'SUCCESS', 0, 'N', 12156);
INSERT INTO USER_TRANSACTION(USER_TRANSACTION_ID,AMOUNT,TRANSACTION_DATE_TIME,PAYMENT_TYPE_ID,REMARKS,INFO,TRANSACTION_STATUS,POINTS_EARNED,IS_REDEEMED, USER_ID) VALUES(1212450, 319.0, SYSDATE()-INTERVAL 706 DAY, 3, 'D', 'money deposited to bank', 'SUCCESS', 0, 'N', 12124);
INSERT INTO USER_TRANSACTION(USER_TRANSACTION_ID,AMOUNT,TRANSACTION_DATE_TIME,PAYMENT_TYPE_ID,REMARKS,INFO,TRANSACTION_STATUS,POINTS_EARNED,IS_REDEEMED, USER_ID) VALUES(1212453, 88.58, SYSDATE()-INTERVAL 700 DAY, 2, 'D', 'money sent to simona@infy.com', 'SUCCESS', 0, 'N', 12159);
INSERT INTO USER_TRANSACTION(USER_TRANSACTION_ID,AMOUNT,TRANSACTION_DATE_TIME,PAYMENT_TYPE_ID,REMARKS,INFO,TRANSACTION_STATUS,POINTS_EARNED,IS_REDEEMED, USER_ID) VALUES(1212454, 88.58, SYSDATE()-INTERVAL 700 DAY, 1, 'C', 'money recieved from valentine@infy.com', 'SUCCESS', 0, 'N', 12126);
INSERT INTO USER_TRANSACTION(USER_TRANSACTION_ID,AMOUNT,TRANSACTION_DATE_TIME,PAYMENT_TYPE_ID,REMARKS,INFO,TRANSACTION_STATUS,POINTS_EARNED,IS_REDEEMED, USER_ID) VALUES(1212455, 667.61, SYSDATE()-INTERVAL 695 DAY, 4, 'C', 'money credited from bank', 'SUCCESS', 0, 'N', 12148);
INSERT INTO USER_TRANSACTION(USER_TRANSACTION_ID,AMOUNT,TRANSACTION_DATE_TIME,PAYMENT_TYPE_ID,REMARKS,INFO,TRANSACTION_STATUS,POINTS_EARNED,IS_REDEEMED, USER_ID) VALUES(1212456, 31.83, SYSDATE()-INTERVAL 693 DAY, 4, 'C', 'money credited from bank', 'SUCCESS', 0, 'N', 12169);
INSERT INTO USER_TRANSACTION(USER_TRANSACTION_ID,AMOUNT,TRANSACTION_DATE_TIME,PAYMENT_TYPE_ID,REMARKS,INFO,TRANSACTION_STATUS,POINTS_EARNED,IS_REDEEMED, USER_ID) VALUES(1212457, 28.14, SYSDATE()-INTERVAL 688 DAY, 4, 'C', 'money credited from bank', 'SUCCESS', 0, 'N', 12136);
INSERT INTO USER_TRANSACTION(USER_TRANSACTION_ID,AMOUNT,TRANSACTION_DATE_TIME,PAYMENT_TYPE_ID,REMARKS,INFO,TRANSACTION_STATUS,POINTS_EARNED,IS_REDEEMED, USER_ID) VALUES(1212458, 817.84, SYSDATE()-INTERVAL 686 DAY, 3, 'D', 'money deposited to bank', 'SUCCESS', 0, 'N', 12157);
INSERT INTO USER_TRANSACTION(USER_TRANSACTION_ID,AMOUNT,TRANSACTION_DATE_TIME,PAYMENT_TYPE_ID,REMARKS,INFO,TRANSACTION_STATUS,POINTS_EARNED,IS_REDEEMED, USER_ID) VALUES(1212459, 493.58, SYSDATE()-INTERVAL 683 DAY, 3, 'D', 'money deposited to bank', 'SUCCESS', 0, 'N', 12138);
INSERT INTO USER_TRANSACTION(USER_TRANSACTION_ID,AMOUNT,TRANSACTION_DATE_TIME,PAYMENT_TYPE_ID,REMARKS,INFO,TRANSACTION_STATUS,POINTS_EARNED,IS_REDEEMED, USER_ID) VALUES(1212460, 36.15, SYSDATE()-INTERVAL 678 DAY, 6, 'D', 'money payed to taiPower@infy.com', 'SUCCESS', 4, 'N', 12123);
INSERT INTO USER_TRANSACTION(USER_TRANSACTION_ID,AMOUNT,TRANSACTION_DATE_TIME,PAYMENT_TYPE_ID,REMARKS,INFO,TRANSACTION_STATUS,POINTS_EARNED,IS_REDEEMED, USER_ID) VALUES(1212463, 79.56, SYSDATE()-INTERVAL 673 DAY, 6, 'D', 'money payed to damelCorp@infy.com', 'SUCCESS', 8, 'N', 12163);
INSERT INTO USER_TRANSACTION(USER_TRANSACTION_ID,AMOUNT,TRANSACTION_DATE_TIME,PAYMENT_TYPE_ID,REMARKS,INFO,TRANSACTION_STATUS,POINTS_EARNED,IS_REDEEMED, USER_ID) VALUES(1212465, 320.51, SYSDATE()-INTERVAL 672 DAY, 3, 'D', 'money deposited to bank', 'SUCCESS', 0, 'N', 12142);
INSERT INTO USER_TRANSACTION(USER_TRANSACTION_ID,AMOUNT,TRANSACTION_DATE_TIME,PAYMENT_TYPE_ID,REMARKS,INFO,TRANSACTION_STATUS,POINTS_EARNED,IS_REDEEMED, USER_ID) VALUES(1212466, 648.06, SYSDATE()-INTERVAL 670 DAY, 4, 'C', 'money credited from bank', 'SUCCESS', 0, 'N', 12149);
INSERT INTO USER_TRANSACTION(USER_TRANSACTION_ID,AMOUNT,TRANSACTION_DATE_TIME,PAYMENT_TYPE_ID,REMARKS,INFO,TRANSACTION_STATUS,POINTS_EARNED,IS_REDEEMED, USER_ID) VALUES(1212467, 439.96, SYSDATE()-INTERVAL 669 DAY, 6, 'D', 'money payed to simbian@infy.com', 'SUCCESS', 44, 'N', 12141);
INSERT INTO USER_TRANSACTION(USER_TRANSACTION_ID,AMOUNT,TRANSACTION_DATE_TIME,PAYMENT_TYPE_ID,REMARKS,INFO,TRANSACTION_STATUS,POINTS_EARNED,IS_REDEEMED, USER_ID) VALUES(1212470, 523.77, SYSDATE()-INTERVAL 662 DAY, 4, 'C', 'money credited from bank', 'SUCCESS', 0, 'N', 12163);
INSERT INTO USER_TRANSACTION(USER_TRANSACTION_ID,AMOUNT,TRANSACTION_DATE_TIME,PAYMENT_TYPE_ID,REMARKS,INFO,TRANSACTION_STATUS,POINTS_EARNED,IS_REDEEMED, USER_ID) VALUES(1212471, 753.41, SYSDATE()-INTERVAL 659 DAY, 4, 'C', 'money credited from bank', 'SUCCESS', 0, 'N', 12169);
INSERT INTO USER_TRANSACTION(USER_TRANSACTION_ID,AMOUNT,TRANSACTION_DATE_TIME,PAYMENT_TYPE_ID,REMARKS,INFO,TRANSACTION_STATUS,POINTS_EARNED,IS_REDEEMED, USER_ID) VALUES(1212472, 948.32, SYSDATE()-INTERVAL 655 DAY, 4, 'C', 'money credited from bank', 'SUCCESS', 0, 'N', 12137);
INSERT INTO USER_TRANSACTION(USER_TRANSACTION_ID,AMOUNT,TRANSACTION_DATE_TIME,PAYMENT_TYPE_ID,REMARKS,INFO,TRANSACTION_STATUS,POINTS_EARNED,IS_REDEEMED, USER_ID) VALUES(1212473, 408.67, SYSDATE()-INTERVAL 652 DAY, 4, 'C', 'money credited from bank', 'SUCCESS', 0, 'N', 12141);
INSERT INTO USER_TRANSACTION(USER_TRANSACTION_ID,AMOUNT,TRANSACTION_DATE_TIME,PAYMENT_TYPE_ID,REMARKS,INFO,TRANSACTION_STATUS,POINTS_EARNED,IS_REDEEMED, USER_ID) VALUES(1212474, 904.77, SYSDATE()-INTERVAL 650 DAY, 3, 'D', 'money deposited to bank', 'SUCCESS', 0, 'N', 12143);
INSERT INTO USER_TRANSACTION(USER_TRANSACTION_ID,AMOUNT,TRANSACTION_DATE_TIME,PAYMENT_TYPE_ID,REMARKS,INFO,TRANSACTION_STATUS,POINTS_EARNED,IS_REDEEMED, USER_ID) VALUES(1212475, 35.09, SYSDATE()-INTERVAL 645 DAY, 4, 'C', 'money credited from bank', 'SUCCESS', 0, 'N', 12138);
INSERT INTO USER_TRANSACTION(USER_TRANSACTION_ID,AMOUNT,TRANSACTION_DATE_TIME,PAYMENT_TYPE_ID,REMARKS,INFO,TRANSACTION_STATUS,POINTS_EARNED,IS_REDEEMED, USER_ID) VALUES(1212477, 480.96, SYSDATE()-INTERVAL 641 DAY, 2, 'D', 'money sent to leota@infy.com', 'SUCCESS', 0, 'N', 12140);
INSERT INTO USER_TRANSACTION(USER_TRANSACTION_ID,AMOUNT,TRANSACTION_DATE_TIME,PAYMENT_TYPE_ID,REMARKS,INFO,TRANSACTION_STATUS,POINTS_EARNED,IS_REDEEMED, USER_ID) VALUES(1212478, 480.96, SYSDATE()-INTERVAL 641 DAY, 1, 'C', 'money recieved from fletcher@infy.com', 'SUCCESS', 0, 'N', 12128);
INSERT INTO USER_TRANSACTION(USER_TRANSACTION_ID,AMOUNT,TRANSACTION_DATE_TIME,PAYMENT_TYPE_ID,REMARKS,INFO,TRANSACTION_STATUS,POINTS_EARNED,IS_REDEEMED, USER_ID) VALUES(1212479, 862.8, SYSDATE()-INTERVAL 639 DAY, 6, 'D', 'money payed to hibrisIn@infy.com', 'SUCCESS', 87, 'N', 12169);
INSERT INTO USER_TRANSACTION(USER_TRANSACTION_ID,AMOUNT,TRANSACTION_DATE_TIME,PAYMENT_TYPE_ID,REMARKS,INFO,TRANSACTION_STATUS,POINTS_EARNED,IS_REDEEMED, USER_ID) VALUES(1212481, 694.09, SYSDATE()-INTERVAL 638 DAY, 2, 'D', 'money sent to alishia@infy.com', 'SUCCESS', 0, 'N', 12169);
INSERT INTO USER_TRANSACTION(USER_TRANSACTION_ID,AMOUNT,TRANSACTION_DATE_TIME,PAYMENT_TYPE_ID,REMARKS,INFO,TRANSACTION_STATUS,POINTS_EARNED,IS_REDEEMED, USER_ID) VALUES(1212482, 694.09, SYSDATE()-INTERVAL 638 DAY, 1, 'C', 'money recieved from emerson@infy.com', 'SUCCESS', 0, 'N', 12155);
INSERT INTO USER_TRANSACTION(USER_TRANSACTION_ID,AMOUNT,TRANSACTION_DATE_TIME,PAYMENT_TYPE_ID,REMARKS,INFO,TRANSACTION_STATUS,POINTS_EARNED,IS_REDEEMED, USER_ID) VALUES(1212484, 352.93, SYSDATE()-INTERVAL 628 DAY, 4, 'C', 'money credited from bank', 'SUCCESS', 0, 'N', 12121);
INSERT INTO USER_TRANSACTION(USER_TRANSACTION_ID,AMOUNT,TRANSACTION_DATE_TIME,PAYMENT_TYPE_ID,REMARKS,INFO,TRANSACTION_STATUS,POINTS_EARNED,IS_REDEEMED, USER_ID) VALUES(1212485, 237.06, SYSDATE()-INTERVAL 627 DAY, 3, 'D', 'money deposited to bank', 'SUCCESS', 0, 'N', 12122);
INSERT INTO USER_TRANSACTION(USER_TRANSACTION_ID,AMOUNT,TRANSACTION_DATE_TIME,PAYMENT_TYPE_ID,REMARKS,INFO,TRANSACTION_STATUS,POINTS_EARNED,IS_REDEEMED, USER_ID) VALUES(1212486, 723.26, SYSDATE()-INTERVAL 624 DAY, 6, 'D', 'money payed to hibrisIn@infy.com', 'SUCCESS', 73, 'N', 12147);
INSERT INTO USER_TRANSACTION(USER_TRANSACTION_ID,AMOUNT,TRANSACTION_DATE_TIME,PAYMENT_TYPE_ID,REMARKS,INFO,TRANSACTION_STATUS,POINTS_EARNED,IS_REDEEMED, USER_ID) VALUES(1212489, 768.89, SYSDATE()-INTERVAL 621 DAY, 4, 'C', 'money credited from bank', 'SUCCESS', 0, 'N', 12140);
INSERT INTO USER_TRANSACTION(USER_TRANSACTION_ID,AMOUNT,TRANSACTION_DATE_TIME,PAYMENT_TYPE_ID,REMARKS,INFO,TRANSACTION_STATUS,POINTS_EARNED,IS_REDEEMED, USER_ID) VALUES(1212491, 123.19, SYSDATE()-INTERVAL 615 DAY, 4, 'C', 'money credited from bank', 'SUCCESS', 0, 'N', 12140);
INSERT INTO USER_TRANSACTION(USER_TRANSACTION_ID,AMOUNT,TRANSACTION_DATE_TIME,PAYMENT_TYPE_ID,REMARKS,INFO,TRANSACTION_STATUS,POINTS_EARNED,IS_REDEEMED, USER_ID) VALUES(1212492, 536.52, SYSDATE()-INTERVAL 613 DAY, 4, 'C', 'money credited from bank', 'SUCCESS', 0, 'N', 12163);
INSERT INTO USER_TRANSACTION(USER_TRANSACTION_ID,AMOUNT,TRANSACTION_DATE_TIME,PAYMENT_TYPE_ID,REMARKS,INFO,TRANSACTION_STATUS,POINTS_EARNED,IS_REDEEMED, USER_ID) VALUES(1212494, 462.92, SYSDATE()-INTERVAL 608 DAY, 4, 'C', 'money credited from bank', 'SUCCESS', 0, 'N', 12169);
INSERT INTO USER_TRANSACTION(USER_TRANSACTION_ID,AMOUNT,TRANSACTION_DATE_TIME,PAYMENT_TYPE_ID,REMARKS,INFO,TRANSACTION_STATUS,POINTS_EARNED,IS_REDEEMED, USER_ID) VALUES(1212495, 862.01, SYSDATE()-INTERVAL 607 DAY, 1, 'C', 'money recieved from roxane@infy.com', 'SUCCESS', 0, 'N', 12153);
INSERT INTO USER_TRANSACTION(USER_TRANSACTION_ID,AMOUNT,TRANSACTION_DATE_TIME,PAYMENT_TYPE_ID,REMARKS,INFO,TRANSACTION_STATUS,POINTS_EARNED,IS_REDEEMED, USER_ID) VALUES(1212496, 862.01, SYSDATE()-INTERVAL 607 DAY, 2, 'D', 'money sent to ernie@infy.com', 'SUCCESS', 0, 'N', 12163);
INSERT INTO USER_TRANSACTION(USER_TRANSACTION_ID,AMOUNT,TRANSACTION_DATE_TIME,PAYMENT_TYPE_ID,REMARKS,INFO,TRANSACTION_STATUS,POINTS_EARNED,IS_REDEEMED, USER_ID) VALUES(1212497, 407.68, SYSDATE()-INTERVAL 606 DAY, 3, 'D', 'money deposited to bank', 'SUCCESS', 0, 'N', 12148);
INSERT INTO USER_TRANSACTION(USER_TRANSACTION_ID,AMOUNT,TRANSACTION_DATE_TIME,PAYMENT_TYPE_ID,REMARKS,INFO,TRANSACTION_STATUS,POINTS_EARNED,IS_REDEEMED, USER_ID) VALUES(1212498, 236.28, SYSDATE()-INTERVAL 604 DAY, 3, 'D', 'money deposited to bank', 'SUCCESS', 0, 'N', 12144);
INSERT INTO USER_TRANSACTION(USER_TRANSACTION_ID,AMOUNT,TRANSACTION_DATE_TIME,PAYMENT_TYPE_ID,REMARKS,INFO,TRANSACTION_STATUS,POINTS_EARNED,IS_REDEEMED, USER_ID) VALUES(1212499, 44.12, SYSDATE()-INTERVAL 599 DAY, 4, 'C', 'money credited from bank', 'SUCCESS', 0, 'N', 12158);
INSERT INTO USER_TRANSACTION(USER_TRANSACTION_ID,AMOUNT,TRANSACTION_DATE_TIME,PAYMENT_TYPE_ID,REMARKS,INFO,TRANSACTION_STATUS,POINTS_EARNED,IS_REDEEMED, USER_ID) VALUES(1212500, 924.4, SYSDATE()-INTERVAL 596 DAY, 4, 'C', 'money credited from bank', 'SUCCESS', 0, 'N', 12124);
INSERT INTO USER_TRANSACTION(USER_TRANSACTION_ID,AMOUNT,TRANSACTION_DATE_TIME,PAYMENT_TYPE_ID,REMARKS,INFO,TRANSACTION_STATUS,POINTS_EARNED,IS_REDEEMED, USER_ID) VALUES(1212501, 715.44, SYSDATE()-INTERVAL 592 DAY, 4, 'C', 'money credited from bank', 'SUCCESS', 0, 'N', 12165);
INSERT INTO USER_TRANSACTION(USER_TRANSACTION_ID,AMOUNT,TRANSACTION_DATE_TIME,PAYMENT_TYPE_ID,REMARKS,INFO,TRANSACTION_STATUS,POINTS_EARNED,IS_REDEEMED, USER_ID) VALUES(1212502, 822.89, SYSDATE()-INTERVAL 590 DAY, 4, 'C', 'money credited from bank', 'SUCCESS', 0, 'N', 12138);
INSERT INTO USER_TRANSACTION(USER_TRANSACTION_ID,AMOUNT,TRANSACTION_DATE_TIME,PAYMENT_TYPE_ID,REMARKS,INFO,TRANSACTION_STATUS,POINTS_EARNED,IS_REDEEMED, USER_ID) VALUES(1212503, 274.37, SYSDATE()-INTERVAL 589 DAY, 2, 'D', 'money sent to alishia@infy.com', 'SUCCESS', 0, 'N', 12152);
INSERT INTO USER_TRANSACTION(USER_TRANSACTION_ID,AMOUNT,TRANSACTION_DATE_TIME,PAYMENT_TYPE_ID,REMARKS,INFO,TRANSACTION_STATUS,POINTS_EARNED,IS_REDEEMED, USER_ID) VALUES(1212504, 274.37, SYSDATE()-INTERVAL 589 DAY, 1, 'C', 'money recieved from francine@infy.com', 'SUCCESS', 0, 'N', 12155);
INSERT INTO USER_TRANSACTION(USER_TRANSACTION_ID,AMOUNT,TRANSACTION_DATE_TIME,PAYMENT_TYPE_ID,REMARKS,INFO,TRANSACTION_STATUS,POINTS_EARNED,IS_REDEEMED, USER_ID) VALUES(1212505, 311.72, SYSDATE()-INTERVAL 588 DAY, 1, 'C', 'money recieved from ernie@infy.com', 'SUCCESS', 0, 'N', 12135);
INSERT INTO USER_TRANSACTION(USER_TRANSACTION_ID,AMOUNT,TRANSACTION_DATE_TIME,PAYMENT_TYPE_ID,REMARKS,INFO,TRANSACTION_STATUS,POINTS_EARNED,IS_REDEEMED, USER_ID) VALUES(1212506, 311.72, SYSDATE()-INTERVAL 588 DAY, 2, 'D', 'money sent to cammy@infy.com', 'SUCCESS', 0, 'N', 12153);
INSERT INTO USER_TRANSACTION(USER_TRANSACTION_ID,AMOUNT,TRANSACTION_DATE_TIME,PAYMENT_TYPE_ID,REMARKS,INFO,TRANSACTION_STATUS,POINTS_EARNED,IS_REDEEMED, USER_ID) VALUES(1212507, 121.27, SYSDATE()-INTERVAL 587 DAY, 1, 'C', 'money recieved from willow@infy.com', 'SUCCESS', 0, 'N', 12157);
INSERT INTO USER_TRANSACTION(USER_TRANSACTION_ID,AMOUNT,TRANSACTION_DATE_TIME,PAYMENT_TYPE_ID,REMARKS,INFO,TRANSACTION_STATUS,POINTS_EARNED,IS_REDEEMED, USER_ID) VALUES(1212508, 121.27, SYSDATE()-INTERVAL 587 DAY, 2, 'D', 'money sent to jose@infy.com', 'SUCCESS', 0, 'N', 12149);
INSERT INTO USER_TRANSACTION(USER_TRANSACTION_ID,AMOUNT,TRANSACTION_DATE_TIME,PAYMENT_TYPE_ID,REMARKS,INFO,TRANSACTION_STATUS,POINTS_EARNED,IS_REDEEMED, USER_ID) VALUES(1212509, 787.63, SYSDATE()-INTERVAL 582 DAY, 4, 'C', 'money credited from bank', 'SUCCESS', 0, 'N', 12145);
INSERT INTO USER_TRANSACTION(USER_TRANSACTION_ID,AMOUNT,TRANSACTION_DATE_TIME,PAYMENT_TYPE_ID,REMARKS,INFO,TRANSACTION_STATUS,POINTS_EARNED,IS_REDEEMED, USER_ID) VALUES(1212510, 789.91, SYSDATE()-INTERVAL 581 DAY, 4, 'C', 'money credited from bank', 'SUCCESS', 0, 'N', 12145);
INSERT INTO USER_TRANSACTION(USER_TRANSACTION_ID,AMOUNT,TRANSACTION_DATE_TIME,PAYMENT_TYPE_ID,REMARKS,INFO,TRANSACTION_STATUS,POINTS_EARNED,IS_REDEEMED, USER_ID) VALUES(1212511, 112.35, SYSDATE()-INTERVAL 577 DAY, 4, 'C', 'money credited from bank', 'SUCCESS', 0, 'N', 12165);
INSERT INTO USER_TRANSACTION(USER_TRANSACTION_ID,AMOUNT,TRANSACTION_DATE_TIME,PAYMENT_TYPE_ID,REMARKS,INFO,TRANSACTION_STATUS,POINTS_EARNED,IS_REDEEMED, USER_ID) VALUES(1212512, 773.73, SYSDATE()-INTERVAL 575 DAY, 4, 'C', 'money credited from bank', 'SUCCESS', 0, 'N', 12140);
INSERT INTO USER_TRANSACTION(USER_TRANSACTION_ID,AMOUNT,TRANSACTION_DATE_TIME,PAYMENT_TYPE_ID,REMARKS,INFO,TRANSACTION_STATUS,POINTS_EARNED,IS_REDEEMED, USER_ID) VALUES(1212513, 784.26, SYSDATE()-INTERVAL 571 DAY, 3, 'D', 'money deposited to bank', 'SUCCESS', 0, 'N', 12147);
INSERT INTO USER_TRANSACTION(USER_TRANSACTION_ID,AMOUNT,TRANSACTION_DATE_TIME,PAYMENT_TYPE_ID,REMARKS,INFO,TRANSACTION_STATUS,POINTS_EARNED,IS_REDEEMED, USER_ID) VALUES(1212514, 485.15, SYSDATE()-INTERVAL 570 DAY, 1, 'C', 'money recieved from willow@infy.com', 'SUCCESS', 0, 'N', 12139);
INSERT INTO USER_TRANSACTION(USER_TRANSACTION_ID,AMOUNT,TRANSACTION_DATE_TIME,PAYMENT_TYPE_ID,REMARKS,INFO,TRANSACTION_STATUS,POINTS_EARNED,IS_REDEEMED, USER_ID) VALUES(1212515, 485.15, SYSDATE()-INTERVAL 570 DAY, 2, 'D', 'money sent to yuki@infy.com', 'SUCCESS', 0, 'N', 12149);
INSERT INTO USER_TRANSACTION(USER_TRANSACTION_ID,AMOUNT,TRANSACTION_DATE_TIME,PAYMENT_TYPE_ID,REMARKS,INFO,TRANSACTION_STATUS,POINTS_EARNED,IS_REDEEMED, USER_ID) VALUES(1212516, 879.3, SYSDATE()-INTERVAL 567 DAY, 4, 'C', 'money credited from bank', 'SUCCESS', 0, 'N', 12125);
INSERT INTO USER_TRANSACTION(USER_TRANSACTION_ID,AMOUNT,TRANSACTION_DATE_TIME,PAYMENT_TYPE_ID,REMARKS,INFO,TRANSACTION_STATUS,POINTS_EARNED,IS_REDEEMED, USER_ID) VALUES(1212517, 55.91, SYSDATE()-INTERVAL 565 DAY, 4, 'C', 'money credited from bank', 'SUCCESS', 0, 'N', 12138);
INSERT INTO USER_TRANSACTION(USER_TRANSACTION_ID,AMOUNT,TRANSACTION_DATE_TIME,PAYMENT_TYPE_ID,REMARKS,INFO,TRANSACTION_STATUS,POINTS_EARNED,IS_REDEEMED, USER_ID) VALUES(1212518, 741.4, SYSDATE()-INTERVAL 563 DAY, 4, 'C', 'money credited from bank', 'SUCCESS', 0, 'N', 12158);
INSERT INTO USER_TRANSACTION(USER_TRANSACTION_ID,AMOUNT,TRANSACTION_DATE_TIME,PAYMENT_TYPE_ID,REMARKS,INFO,TRANSACTION_STATUS,POINTS_EARNED,IS_REDEEMED, USER_ID) VALUES(1212519, 646.62, SYSDATE()-INTERVAL 558 DAY, 4, 'C', 'money credited from bank', 'SUCCESS', 0, 'N', 12166);
INSERT INTO USER_TRANSACTION(USER_TRANSACTION_ID,AMOUNT,TRANSACTION_DATE_TIME,PAYMENT_TYPE_ID,REMARKS,INFO,TRANSACTION_STATUS,POINTS_EARNED,IS_REDEEMED, USER_ID) VALUES(1212520, 199.09, SYSDATE()-INTERVAL 553 DAY, 3, 'D', 'money deposited to bank', 'SUCCESS', 0, 'N', 12158);
INSERT INTO USER_TRANSACTION(USER_TRANSACTION_ID,AMOUNT,TRANSACTION_DATE_TIME,PAYMENT_TYPE_ID,REMARKS,INFO,TRANSACTION_STATUS,POINTS_EARNED,IS_REDEEMED, USER_ID) VALUES(1212521, 63.2, SYSDATE()-INTERVAL 551 DAY, 4, 'C', 'money credited from bank', 'SUCCESS', 0, 'N', 12161);
INSERT INTO USER_TRANSACTION(USER_TRANSACTION_ID,AMOUNT,TRANSACTION_DATE_TIME,PAYMENT_TYPE_ID,REMARKS,INFO,TRANSACTION_STATUS,POINTS_EARNED,IS_REDEEMED, USER_ID) VALUES(1212522, 52.78, SYSDATE()-INTERVAL 546 DAY, 1, 'C', 'money recieved from josephine@infy.com', 'SUCCESS', 0, 'N', 12126);
INSERT INTO USER_TRANSACTION(USER_TRANSACTION_ID,AMOUNT,TRANSACTION_DATE_TIME,PAYMENT_TYPE_ID,REMARKS,INFO,TRANSACTION_STATUS,POINTS_EARNED,IS_REDEEMED, USER_ID) VALUES(1212523, 52.78, SYSDATE()-INTERVAL 546 DAY, 2, 'D', 'money sent to simona@infy.com', 'SUCCESS', 0, 'N', 12122);
INSERT INTO USER_TRANSACTION(USER_TRANSACTION_ID,AMOUNT,TRANSACTION_DATE_TIME,PAYMENT_TYPE_ID,REMARKS,INFO,TRANSACTION_STATUS,POINTS_EARNED,IS_REDEEMED, USER_ID) VALUES(1212524, 839.8, SYSDATE()-INTERVAL 543 DAY, 4, 'C', 'money credited from bank', 'SUCCESS', 0, 'N', 12121);
INSERT INTO USER_TRANSACTION(USER_TRANSACTION_ID,AMOUNT,TRANSACTION_DATE_TIME,PAYMENT_TYPE_ID,REMARKS,INFO,TRANSACTION_STATUS,POINTS_EARNED,IS_REDEEMED, USER_ID) VALUES(1212526, 642.24, SYSDATE()-INTERVAL 533 DAY, 3, 'D', 'money deposited to bank', 'SUCCESS', 0, 'N', 12140);
INSERT INTO USER_TRANSACTION(USER_TRANSACTION_ID,AMOUNT,TRANSACTION_DATE_TIME,PAYMENT_TYPE_ID,REMARKS,INFO,TRANSACTION_STATUS,POINTS_EARNED,IS_REDEEMED, USER_ID) VALUES(1212527, 709.83, SYSDATE()-INTERVAL 532 DAY, 4, 'C', 'money credited from bank', 'SUCCESS', 0, 'N', 12140);
INSERT INTO USER_TRANSACTION(USER_TRANSACTION_ID,AMOUNT,TRANSACTION_DATE_TIME,PAYMENT_TYPE_ID,REMARKS,INFO,TRANSACTION_STATUS,POINTS_EARNED,IS_REDEEMED, USER_ID) VALUES(1212528, 946.73, SYSDATE()-INTERVAL 530 DAY, 4, 'C', 'money credited from bank', 'SUCCESS', 0, 'N', 12148);
INSERT INTO USER_TRANSACTION(USER_TRANSACTION_ID,AMOUNT,TRANSACTION_DATE_TIME,PAYMENT_TYPE_ID,REMARKS,INFO,TRANSACTION_STATUS,POINTS_EARNED,IS_REDEEMED, USER_ID) VALUES(1212529, 404.3, SYSDATE()-INTERVAL 525 DAY, 4, 'C', 'money credited from bank', 'SUCCESS', 0, 'N', 12137);
INSERT INTO USER_TRANSACTION(USER_TRANSACTION_ID,AMOUNT,TRANSACTION_DATE_TIME,PAYMENT_TYPE_ID,REMARKS,INFO,TRANSACTION_STATUS,POINTS_EARNED,IS_REDEEMED, USER_ID) VALUES(1212530, 208.13, SYSDATE()-INTERVAL 523 DAY, 4, 'C', 'money credited from bank', 'SUCCESS', 0, 'N', 12159);
INSERT INTO USER_TRANSACTION(USER_TRANSACTION_ID,AMOUNT,TRANSACTION_DATE_TIME,PAYMENT_TYPE_ID,REMARKS,INFO,TRANSACTION_STATUS,POINTS_EARNED,IS_REDEEMED, USER_ID) VALUES(1212531, 227.65, SYSDATE()-INTERVAL 518 DAY, 6, 'D', 'money payed to gkaiNsons@infy.com', 'SUCCESS', 23, 'N', 12137);
INSERT INTO USER_TRANSACTION(USER_TRANSACTION_ID,AMOUNT,TRANSACTION_DATE_TIME,PAYMENT_TYPE_ID,REMARKS,INFO,TRANSACTION_STATUS,POINTS_EARNED,IS_REDEEMED, USER_ID) VALUES(1212533, 739.37, SYSDATE()-INTERVAL 516 DAY, 1, 'C', 'money recieved from lenna@infy.com', 'SUCCESS', 0, 'N', 12150);
INSERT INTO USER_TRANSACTION(USER_TRANSACTION_ID,AMOUNT,TRANSACTION_DATE_TIME,PAYMENT_TYPE_ID,REMARKS,INFO,TRANSACTION_STATUS,POINTS_EARNED,IS_REDEEMED, USER_ID) VALUES(1212534, 739.37, SYSDATE()-INTERVAL 516 DAY, 2, 'D', 'money sent to bernardo@infy.com', 'SUCCESS', 0, 'N', 12124);
INSERT INTO USER_TRANSACTION(USER_TRANSACTION_ID,AMOUNT,TRANSACTION_DATE_TIME,PAYMENT_TYPE_ID,REMARKS,INFO,TRANSACTION_STATUS,POINTS_EARNED,IS_REDEEMED, USER_ID) VALUES(1212535, 212.61, SYSDATE()-INTERVAL 515 DAY, 1, 'C', 'money recieved from mattie@infy.com', 'SUCCESS', 0, 'N', 12146);
INSERT INTO USER_TRANSACTION(USER_TRANSACTION_ID,AMOUNT,TRANSACTION_DATE_TIME,PAYMENT_TYPE_ID,REMARKS,INFO,TRANSACTION_STATUS,POINTS_EARNED,IS_REDEEMED, USER_ID) VALUES(1212536, 212.61, SYSDATE()-INTERVAL 515 DAY, 2, 'D', 'money sent to allene@infy.com', 'SUCCESS', 0, 'N', 12136);
INSERT INTO USER_TRANSACTION(USER_TRANSACTION_ID,AMOUNT,TRANSACTION_DATE_TIME,PAYMENT_TYPE_ID,REMARKS,INFO,TRANSACTION_STATUS,POINTS_EARNED,IS_REDEEMED, USER_ID) VALUES(1212537, 57.43, SYSDATE()-INTERVAL 512 DAY, 4, 'C', 'money credited from bank', 'SUCCESS', 0, 'N', 12139);
INSERT INTO USER_TRANSACTION(USER_TRANSACTION_ID,AMOUNT,TRANSACTION_DATE_TIME,PAYMENT_TYPE_ID,REMARKS,INFO,TRANSACTION_STATUS,POINTS_EARNED,IS_REDEEMED, USER_ID) VALUES(1212538, 478.81, SYSDATE()-INTERVAL 509 DAY, 4, 'C', 'money credited from bank', 'SUCCESS', 0, 'N', 12160);
INSERT INTO USER_TRANSACTION(USER_TRANSACTION_ID,AMOUNT,TRANSACTION_DATE_TIME,PAYMENT_TYPE_ID,REMARKS,INFO,TRANSACTION_STATUS,POINTS_EARNED,IS_REDEEMED, USER_ID) VALUES(1212539, 626.81, SYSDATE()-INTERVAL 506 DAY, 6, 'D', 'money payed to cpg@infy.com', 'SUCCESS', 63, 'N', 12146);
INSERT INTO USER_TRANSACTION(USER_TRANSACTION_ID,AMOUNT,TRANSACTION_DATE_TIME,PAYMENT_TYPE_ID,REMARKS,INFO,TRANSACTION_STATUS,POINTS_EARNED,IS_REDEEMED, USER_ID) VALUES(1212541, 259.48, SYSDATE()-INTERVAL 502 DAY, 3, 'D', 'money deposited to bank', 'SUCCESS', 0, 'N', 12164);
INSERT INTO USER_TRANSACTION(USER_TRANSACTION_ID,AMOUNT,TRANSACTION_DATE_TIME,PAYMENT_TYPE_ID,REMARKS,INFO,TRANSACTION_STATUS,POINTS_EARNED,IS_REDEEMED, USER_ID) VALUES(1212542, 259.46, SYSDATE()-INTERVAL 498 DAY, 4, 'C', 'money credited from bank', 'SUCCESS', 0, 'N', 12133);
INSERT INTO USER_TRANSACTION(USER_TRANSACTION_ID,AMOUNT,TRANSACTION_DATE_TIME,PAYMENT_TYPE_ID,REMARKS,INFO,TRANSACTION_STATUS,POINTS_EARNED,IS_REDEEMED, USER_ID) VALUES(1212543, 541.5, SYSDATE()-INTERVAL 494 DAY, 4, 'C', 'money credited from bank', 'SUCCESS', 0, 'N', 12130);
INSERT INTO USER_TRANSACTION(USER_TRANSACTION_ID,AMOUNT,TRANSACTION_DATE_TIME,PAYMENT_TYPE_ID,REMARKS,INFO,TRANSACTION_STATUS,POINTS_EARNED,IS_REDEEMED, USER_ID) VALUES(1212545, 731.85, SYSDATE()-INTERVAL 490 DAY, 4, 'C', 'money credited from bank', 'SUCCESS', 0, 'N', 12130);
INSERT INTO USER_TRANSACTION(USER_TRANSACTION_ID,AMOUNT,TRANSACTION_DATE_TIME,PAYMENT_TYPE_ID,REMARKS,INFO,TRANSACTION_STATUS,POINTS_EARNED,IS_REDEEMED, USER_ID) VALUES(1212547, 302.14, SYSDATE()-INTERVAL 486 DAY, 2, 'D', 'money sent to lenna@infy.com', 'SUCCESS', 0, 'N', 12148);
INSERT INTO USER_TRANSACTION(USER_TRANSACTION_ID,AMOUNT,TRANSACTION_DATE_TIME,PAYMENT_TYPE_ID,REMARKS,INFO,TRANSACTION_STATUS,POINTS_EARNED,IS_REDEEMED, USER_ID) VALUES(1212548, 302.14, SYSDATE()-INTERVAL 486 DAY, 1, 'C', 'money recieved from ezekiel@infy.com', 'SUCCESS', 0, 'N', 12124);
INSERT INTO USER_TRANSACTION(USER_TRANSACTION_ID,AMOUNT,TRANSACTION_DATE_TIME,PAYMENT_TYPE_ID,REMARKS,INFO,TRANSACTION_STATUS,POINTS_EARNED,IS_REDEEMED, USER_ID) VALUES(1212549, 839.7, SYSDATE()-INTERVAL 485 DAY, 1, 'C', 'money recieved from ernie@infy.com', 'SUCCESS', 0, 'N', 12127);
INSERT INTO USER_TRANSACTION(USER_TRANSACTION_ID,AMOUNT,TRANSACTION_DATE_TIME,PAYMENT_TYPE_ID,REMARKS,INFO,TRANSACTION_STATUS,POINTS_EARNED,IS_REDEEMED, USER_ID) VALUES(1212550, 839.7, SYSDATE()-INTERVAL 485 DAY, 2, 'D', 'money sent to mitsue@infy.com', 'SUCCESS', 0, 'N', 12153);
INSERT INTO USER_TRANSACTION(USER_TRANSACTION_ID,AMOUNT,TRANSACTION_DATE_TIME,PAYMENT_TYPE_ID,REMARKS,INFO,TRANSACTION_STATUS,POINTS_EARNED,IS_REDEEMED, USER_ID) VALUES(1212551, 874.65, SYSDATE()-INTERVAL 482 DAY, 2, 'D', 'money sent to erick@infy.com', 'SUCCESS', 0, 'N', 12146);
INSERT INTO USER_TRANSACTION(USER_TRANSACTION_ID,AMOUNT,TRANSACTION_DATE_TIME,PAYMENT_TYPE_ID,REMARKS,INFO,TRANSACTION_STATUS,POINTS_EARNED,IS_REDEEMED, USER_ID) VALUES(1212552, 874.65, SYSDATE()-INTERVAL 482 DAY, 1, 'C', 'money recieved from allene@infy.com', 'SUCCESS', 0, 'N', 12165);
INSERT INTO USER_TRANSACTION(USER_TRANSACTION_ID,AMOUNT,TRANSACTION_DATE_TIME,PAYMENT_TYPE_ID,REMARKS,INFO,TRANSACTION_STATUS,POINTS_EARNED,IS_REDEEMED, USER_ID) VALUES(1212553, 535.82, SYSDATE()-INTERVAL 479 DAY, 3, 'D', 'money deposited to bank', 'SUCCESS', 0, 'N', 12163);
INSERT INTO USER_TRANSACTION(USER_TRANSACTION_ID,AMOUNT,TRANSACTION_DATE_TIME,PAYMENT_TYPE_ID,REMARKS,INFO,TRANSACTION_STATUS,POINTS_EARNED,IS_REDEEMED, USER_ID) VALUES(1212554, 560.54, SYSDATE()-INTERVAL 475 DAY, 6, 'D', 'money payed to kahleedTel@infy.com', 'SUCCESS', 57, 'N', 12137);
INSERT INTO USER_TRANSACTION(USER_TRANSACTION_ID,AMOUNT,TRANSACTION_DATE_TIME,PAYMENT_TYPE_ID,REMARKS,INFO,TRANSACTION_STATUS,POINTS_EARNED,IS_REDEEMED, USER_ID) VALUES(1212556, 903.49, SYSDATE()-INTERVAL 470 DAY, 1, 'C', 'money recieved from meaghan@infy.com', 'SUCCESS', 0, 'N', 12121);
INSERT INTO USER_TRANSACTION(USER_TRANSACTION_ID,AMOUNT,TRANSACTION_DATE_TIME,PAYMENT_TYPE_ID,REMARKS,INFO,TRANSACTION_STATUS,POINTS_EARNED,IS_REDEEMED, USER_ID) VALUES(1212557, 903.49, SYSDATE()-INTERVAL 470 DAY, 2, 'D', 'money sent to james@infy.com', 'SUCCESS', 0, 'N', 12137);
INSERT INTO USER_TRANSACTION(USER_TRANSACTION_ID,AMOUNT,TRANSACTION_DATE_TIME,PAYMENT_TYPE_ID,REMARKS,INFO,TRANSACTION_STATUS,POINTS_EARNED,IS_REDEEMED, USER_ID) VALUES(1212558, 79.05, SYSDATE()-INTERVAL 465 DAY, 6, 'D', 'money payed to simbian@infy.com', 'SUCCESS', 8, 'N', 12137);
INSERT INTO USER_TRANSACTION(USER_TRANSACTION_ID,AMOUNT,TRANSACTION_DATE_TIME,PAYMENT_TYPE_ID,REMARKS,INFO,TRANSACTION_STATUS,POINTS_EARNED,IS_REDEEMED, USER_ID) VALUES(1212561, 445.91, SYSDATE()-INTERVAL 458 DAY, 2, 'D', 'money sent to cammy@infy.com', 'SUCCESS', 0, 'N', 12156);
INSERT INTO USER_TRANSACTION(USER_TRANSACTION_ID,AMOUNT,TRANSACTION_DATE_TIME,PAYMENT_TYPE_ID,REMARKS,INFO,TRANSACTION_STATUS,POINTS_EARNED,IS_REDEEMED, USER_ID) VALUES(1212562, 445.91, SYSDATE()-INTERVAL 458 DAY, 1, 'C', 'money recieved from solange@infy.com', 'SUCCESS', 0, 'N', 12135);
INSERT INTO USER_TRANSACTION(USER_TRANSACTION_ID,AMOUNT,TRANSACTION_DATE_TIME,PAYMENT_TYPE_ID,REMARKS,INFO,TRANSACTION_STATUS,POINTS_EARNED,IS_REDEEMED, USER_ID) VALUES(1212563, 546.67, SYSDATE()-INTERVAL 454 DAY, 6, 'D', 'money payed to qpcl@infy.com', 'SUCCESS', 55, 'N', 12169);
INSERT INTO USER_TRANSACTION(USER_TRANSACTION_ID,AMOUNT,TRANSACTION_DATE_TIME,PAYMENT_TYPE_ID,REMARKS,INFO,TRANSACTION_STATUS,POINTS_EARNED,IS_REDEEMED, USER_ID) VALUES(1212565, 430.54, SYSDATE()-INTERVAL 452 DAY, 1, 'C', 'money recieved from donette@infy.com', 'SUCCESS', 0, 'N', 12127);
INSERT INTO USER_TRANSACTION(USER_TRANSACTION_ID,AMOUNT,TRANSACTION_DATE_TIME,PAYMENT_TYPE_ID,REMARKS,INFO,TRANSACTION_STATUS,POINTS_EARNED,IS_REDEEMED, USER_ID) VALUES(1212566, 430.54, SYSDATE()-INTERVAL 452 DAY, 2, 'D', 'money sent to mitsue@infy.com', 'SUCCESS', 0, 'N', 12125);
INSERT INTO USER_TRANSACTION(USER_TRANSACTION_ID,AMOUNT,TRANSACTION_DATE_TIME,PAYMENT_TYPE_ID,REMARKS,INFO,TRANSACTION_STATUS,POINTS_EARNED,IS_REDEEMED, USER_ID) VALUES(1212567, 107.22, SYSDATE()-INTERVAL 449 DAY, 1, 'C', 'money recieved from kati@infy.com', 'SUCCESS', 0, 'N', 12145);
INSERT INTO USER_TRANSACTION(USER_TRANSACTION_ID,AMOUNT,TRANSACTION_DATE_TIME,PAYMENT_TYPE_ID,REMARKS,INFO,TRANSACTION_STATUS,POINTS_EARNED,IS_REDEEMED, USER_ID) VALUES(1212568, 107.22, SYSDATE()-INTERVAL 449 DAY, 2, 'D', 'money sent to alisha@infy.com', 'SUCCESS', 0, 'N', 12160);
INSERT INTO USER_TRANSACTION(USER_TRANSACTION_ID,AMOUNT,TRANSACTION_DATE_TIME,PAYMENT_TYPE_ID,REMARKS,INFO,TRANSACTION_STATUS,POINTS_EARNED,IS_REDEEMED, USER_ID) VALUES(1212569, 169.22, SYSDATE()-INTERVAL 448 DAY, 4, 'C', 'money credited from bank', 'SUCCESS', 0, 'N', 12141);
INSERT INTO USER_TRANSACTION(USER_TRANSACTION_ID,AMOUNT,TRANSACTION_DATE_TIME,PAYMENT_TYPE_ID,REMARKS,INFO,TRANSACTION_STATUS,POINTS_EARNED,IS_REDEEMED, USER_ID) VALUES(1212570, 302.89, SYSDATE()-INTERVAL 445 DAY, 4, 'C', 'money credited from bank', 'SUCCESS', 0, 'N', 12155);
INSERT INTO USER_TRANSACTION(USER_TRANSACTION_ID,AMOUNT,TRANSACTION_DATE_TIME,PAYMENT_TYPE_ID,REMARKS,INFO,TRANSACTION_STATUS,POINTS_EARNED,IS_REDEEMED, USER_ID) VALUES(1212571, 970.48, SYSDATE()-INTERVAL 441 DAY, 6, 'D', 'money payed to titaniEnergy@infy.com', 'SUCCESS', 98, 'N', 12130);
INSERT INTO USER_TRANSACTION(USER_TRANSACTION_ID,AMOUNT,TRANSACTION_DATE_TIME,PAYMENT_TYPE_ID,REMARKS,INFO,TRANSACTION_STATUS,POINTS_EARNED,IS_REDEEMED, USER_ID) VALUES(1212573, 350.53, SYSDATE()-INTERVAL 438 DAY, 4, 'C', 'money credited from bank', 'SUCCESS', 0, 'N', 12153);
INSERT INTO USER_TRANSACTION(USER_TRANSACTION_ID,AMOUNT,TRANSACTION_DATE_TIME,PAYMENT_TYPE_ID,REMARKS,INFO,TRANSACTION_STATUS,POINTS_EARNED,IS_REDEEMED, USER_ID) VALUES(1212574, 37.98, SYSDATE()-INTERVAL 436 DAY, 1, 'C', 'money recieved from donette@infy.com', 'SUCCESS', 0, 'N', 12133);
INSERT INTO USER_TRANSACTION(USER_TRANSACTION_ID,AMOUNT,TRANSACTION_DATE_TIME,PAYMENT_TYPE_ID,REMARKS,INFO,TRANSACTION_STATUS,POINTS_EARNED,IS_REDEEMED, USER_ID) VALUES(1212575, 37.98, SYSDATE()-INTERVAL 436 DAY, 2, 'D', 'money sent to kiley@infy.com', 'SUCCESS', 0, 'N', 12125);
INSERT INTO USER_TRANSACTION(USER_TRANSACTION_ID,AMOUNT,TRANSACTION_DATE_TIME,PAYMENT_TYPE_ID,REMARKS,INFO,TRANSACTION_STATUS,POINTS_EARNED,IS_REDEEMED, USER_ID) VALUES(1212576, 347.38, SYSDATE()-INTERVAL 435 DAY, 3, 'D', 'money deposited to bank', 'SUCCESS', 0, 'N', 12161);
INSERT INTO USER_TRANSACTION(USER_TRANSACTION_ID,AMOUNT,TRANSACTION_DATE_TIME,PAYMENT_TYPE_ID,REMARKS,INFO,TRANSACTION_STATUS,POINTS_EARNED,IS_REDEEMED, USER_ID) VALUES(1212577, 566.59, SYSDATE()-INTERVAL 434 DAY, 3, 'D', 'money deposited to bank', 'SUCCESS', 0, 'N', 12156);
INSERT INTO USER_TRANSACTION(USER_TRANSACTION_ID,AMOUNT,TRANSACTION_DATE_TIME,PAYMENT_TYPE_ID,REMARKS,INFO,TRANSACTION_STATUS,POINTS_EARNED,IS_REDEEMED, USER_ID) VALUES(1212579, 543.04, SYSDATE()-INTERVAL 428 DAY, 6, 'D', 'money payed to gkaiNsons@infy.com', 'SUCCESS', 55, 'N', 12162);
INSERT INTO USER_TRANSACTION(USER_TRANSACTION_ID,AMOUNT,TRANSACTION_DATE_TIME,PAYMENT_TYPE_ID,REMARKS,INFO,TRANSACTION_STATUS,POINTS_EARNED,IS_REDEEMED, USER_ID) VALUES(1212582, 759.51, SYSDATE()-INTERVAL 425 DAY, 6, 'D', 'money payed to bshCorp@infy.com', 'SUCCESS', 76, 'N', 12133);
INSERT INTO USER_TRANSACTION(USER_TRANSACTION_ID,AMOUNT,TRANSACTION_DATE_TIME,PAYMENT_TYPE_ID,REMARKS,INFO,TRANSACTION_STATUS,POINTS_EARNED,IS_REDEEMED, USER_ID) VALUES(1212584, 697.63, SYSDATE()-INTERVAL 421 DAY, 4, 'C', 'money credited from bank', 'SUCCESS', 0, 'N', 12155);
INSERT INTO USER_TRANSACTION(USER_TRANSACTION_ID,AMOUNT,TRANSACTION_DATE_TIME,PAYMENT_TYPE_ID,REMARKS,INFO,TRANSACTION_STATUS,POINTS_EARNED,IS_REDEEMED, USER_ID) VALUES(1212585, 475.55, SYSDATE()-INTERVAL 417 DAY, 1, 'C', 'money recieved from lenna@infy.com', 'SUCCESS', 0, 'N', 12133);
INSERT INTO USER_TRANSACTION(USER_TRANSACTION_ID,AMOUNT,TRANSACTION_DATE_TIME,PAYMENT_TYPE_ID,REMARKS,INFO,TRANSACTION_STATUS,POINTS_EARNED,IS_REDEEMED, USER_ID) VALUES(1212586, 475.55, SYSDATE()-INTERVAL 417 DAY, 2, 'D', 'money sent to kiley@infy.com', 'SUCCESS', 0, 'N', 12124);
INSERT INTO USER_TRANSACTION(USER_TRANSACTION_ID,AMOUNT,TRANSACTION_DATE_TIME,PAYMENT_TYPE_ID,REMARKS,INFO,TRANSACTION_STATUS,POINTS_EARNED,IS_REDEEMED, USER_ID) VALUES(1212587, 629.49, SYSDATE()-INTERVAL 415 DAY, 4, 'C', 'money credited from bank', 'SUCCESS', 0, 'N', 12163);
INSERT INTO USER_TRANSACTION(USER_TRANSACTION_ID,AMOUNT,TRANSACTION_DATE_TIME,PAYMENT_TYPE_ID,REMARKS,INFO,TRANSACTION_STATUS,POINTS_EARNED,IS_REDEEMED, USER_ID) VALUES(1212588, 673.84, SYSDATE()-INTERVAL 414 DAY, 1, 'C', 'money recieved from donette@infy.com', 'SUCCESS', 0, 'N', 12170);
INSERT INTO USER_TRANSACTION(USER_TRANSACTION_ID,AMOUNT,TRANSACTION_DATE_TIME,PAYMENT_TYPE_ID,REMARKS,INFO,TRANSACTION_STATUS,POINTS_EARNED,IS_REDEEMED, USER_ID) VALUES(1212589, 673.84, SYSDATE()-INTERVAL 414 DAY, 2, 'D', 'money sent to blair@infy.com', 'SUCCESS', 0, 'N', 12125);
INSERT INTO USER_TRANSACTION(USER_TRANSACTION_ID,AMOUNT,TRANSACTION_DATE_TIME,PAYMENT_TYPE_ID,REMARKS,INFO,TRANSACTION_STATUS,POINTS_EARNED,IS_REDEEMED, USER_ID) VALUES(1212590, 299.05, SYSDATE()-INTERVAL 412 DAY, 2, 'D', 'money sent to alishia@infy.com', 'SUCCESS', 0, 'N', 12158);
INSERT INTO USER_TRANSACTION(USER_TRANSACTION_ID,AMOUNT,TRANSACTION_DATE_TIME,PAYMENT_TYPE_ID,REMARKS,INFO,TRANSACTION_STATUS,POINTS_EARNED,IS_REDEEMED, USER_ID) VALUES(1212591, 299.05, SYSDATE()-INTERVAL 412 DAY, 1, 'C', 'money recieved from rozella@infy.com', 'SUCCESS', 0, 'N', 12155);
INSERT INTO USER_TRANSACTION(USER_TRANSACTION_ID,AMOUNT,TRANSACTION_DATE_TIME,PAYMENT_TYPE_ID,REMARKS,INFO,TRANSACTION_STATUS,POINTS_EARNED,IS_REDEEMED, USER_ID) VALUES(1212592, 193.66, SYSDATE()-INTERVAL 411 DAY, 1, 'C', 'money recieved from sage@infy.com', 'SUCCESS', 0, 'N', 12152);
INSERT INTO USER_TRANSACTION(USER_TRANSACTION_ID,AMOUNT,TRANSACTION_DATE_TIME,PAYMENT_TYPE_ID,REMARKS,INFO,TRANSACTION_STATUS,POINTS_EARNED,IS_REDEEMED, USER_ID) VALUES(1212593, 193.66, SYSDATE()-INTERVAL 411 DAY, 2, 'D', 'money sent to francine@infy.com', 'SUCCESS', 0, 'N', 12129);
INSERT INTO USER_TRANSACTION(USER_TRANSACTION_ID,AMOUNT,TRANSACTION_DATE_TIME,PAYMENT_TYPE_ID,REMARKS,INFO,TRANSACTION_STATUS,POINTS_EARNED,IS_REDEEMED, USER_ID) VALUES(1212594, 68.81, SYSDATE()-INTERVAL 407 DAY, 6, 'D', 'money payed to hibrisIn@infy.com', 'SUCCESS', 7, 'N', 12149);
INSERT INTO USER_TRANSACTION(USER_TRANSACTION_ID,AMOUNT,TRANSACTION_DATE_TIME,PAYMENT_TYPE_ID,REMARKS,INFO,TRANSACTION_STATUS,POINTS_EARNED,IS_REDEEMED, USER_ID) VALUES(1212598, 807.04, SYSDATE()-INTERVAL 397 DAY, 2, 'D', 'money sent to james@infy.com', 'SUCCESS', 0, 'N', 12148);
INSERT INTO USER_TRANSACTION(USER_TRANSACTION_ID,AMOUNT,TRANSACTION_DATE_TIME,PAYMENT_TYPE_ID,REMARKS,INFO,TRANSACTION_STATUS,POINTS_EARNED,IS_REDEEMED, USER_ID) VALUES(1212599, 807.04, SYSDATE()-INTERVAL 397 DAY, 1, 'C', 'money recieved from ezekiel@infy.com', 'SUCCESS', 0, 'N', 12121);
INSERT INTO USER_TRANSACTION(USER_TRANSACTION_ID,AMOUNT,TRANSACTION_DATE_TIME,PAYMENT_TYPE_ID,REMARKS,INFO,TRANSACTION_STATUS,POINTS_EARNED,IS_REDEEMED, USER_ID) VALUES(1212600, 689.11, SYSDATE()-INTERVAL 395 DAY, 6, 'D', 'money payed to hibrisIn@infy.com', 'SUCCESS', 69, 'N', 12162);
INSERT INTO USER_TRANSACTION(USER_TRANSACTION_ID,AMOUNT,TRANSACTION_DATE_TIME,PAYMENT_TYPE_ID,REMARKS,INFO,TRANSACTION_STATUS,POINTS_EARNED,IS_REDEEMED, USER_ID) VALUES(1212602, 69.17, SYSDATE()-INTERVAL 392 DAY, 2, 'D', 'money sent to jina@infy.com', 'SUCCESS', 0, 'N', 12151);
INSERT INTO USER_TRANSACTION(USER_TRANSACTION_ID,AMOUNT,TRANSACTION_DATE_TIME,PAYMENT_TYPE_ID,REMARKS,INFO,TRANSACTION_STATUS,POINTS_EARNED,IS_REDEEMED, USER_ID) VALUES(1212603, 69.17, SYSDATE()-INTERVAL 392 DAY, 1, 'C', 'money recieved from ammie@infy.com', 'SUCCESS', 0, 'N', 12167);
INSERT INTO USER_TRANSACTION(USER_TRANSACTION_ID,AMOUNT,TRANSACTION_DATE_TIME,PAYMENT_TYPE_ID,REMARKS,INFO,TRANSACTION_STATUS,POINTS_EARNED,IS_REDEEMED, USER_ID) VALUES(1212604, 830.81, SYSDATE()-INTERVAL 388 DAY, 4, 'C', 'money credited from bank', 'SUCCESS', 0, 'N', 12165);
INSERT INTO USER_TRANSACTION(USER_TRANSACTION_ID,AMOUNT,TRANSACTION_DATE_TIME,PAYMENT_TYPE_ID,REMARKS,INFO,TRANSACTION_STATUS,POINTS_EARNED,IS_REDEEMED, USER_ID) VALUES(1212605, 186.69, SYSDATE()-INTERVAL 386 DAY, 4, 'C', 'money credited from bank', 'SUCCESS', 0, 'N', 12166);
INSERT INTO USER_TRANSACTION(USER_TRANSACTION_ID,AMOUNT,TRANSACTION_DATE_TIME,PAYMENT_TYPE_ID,REMARKS,INFO,TRANSACTION_STATUS,POINTS_EARNED,IS_REDEEMED, USER_ID) VALUES(1212607, 635.77, SYSDATE()-INTERVAL 377 DAY, 3, 'D', 'money deposited to bank', 'SUCCESS', 0, 'N', 12150);
INSERT INTO USER_TRANSACTION(USER_TRANSACTION_ID,AMOUNT,TRANSACTION_DATE_TIME,PAYMENT_TYPE_ID,REMARKS,INFO,TRANSACTION_STATUS,POINTS_EARNED,IS_REDEEMED, USER_ID) VALUES(1212608, 491.5, SYSDATE()-INTERVAL 373 DAY, 3, 'D', 'money deposited to bank', 'SUCCESS', 0, 'N', 12166);
INSERT INTO USER_TRANSACTION(USER_TRANSACTION_ID,AMOUNT,TRANSACTION_DATE_TIME,PAYMENT_TYPE_ID,REMARKS,INFO,TRANSACTION_STATUS,POINTS_EARNED,IS_REDEEMED, USER_ID) VALUES(1212609, 433.38, SYSDATE()-INTERVAL 368 DAY, 3, 'D', 'money deposited to bank', 'SUCCESS', 0, 'N', 12148);
INSERT INTO USER_TRANSACTION(USER_TRANSACTION_ID,AMOUNT,TRANSACTION_DATE_TIME,PAYMENT_TYPE_ID,REMARKS,INFO,TRANSACTION_STATUS,POINTS_EARNED,IS_REDEEMED, USER_ID) VALUES(1212610, 623.29, SYSDATE()-INTERVAL 365 DAY, 1, 'C', 'money recieved from willow@infy.com', 'SUCCESS', 0, 'N', 12128);
INSERT INTO USER_TRANSACTION(USER_TRANSACTION_ID,AMOUNT,TRANSACTION_DATE_TIME,PAYMENT_TYPE_ID,REMARKS,INFO,TRANSACTION_STATUS,POINTS_EARNED,IS_REDEEMED, USER_ID) VALUES(1212611, 623.29, SYSDATE()-INTERVAL 365 DAY, 2, 'D', 'money sent to leota@infy.com', 'SUCCESS', 0, 'N', 12149);
INSERT INTO USER_TRANSACTION(USER_TRANSACTION_ID,AMOUNT,TRANSACTION_DATE_TIME,PAYMENT_TYPE_ID,REMARKS,INFO,TRANSACTION_STATUS,POINTS_EARNED,IS_REDEEMED, USER_ID) VALUES(1212612, 352.03, SYSDATE()-INTERVAL 360 DAY, 3, 'D', 'money deposited to bank', 'SUCCESS', 0, 'N', 12128);
INSERT INTO USER_TRANSACTION(USER_TRANSACTION_ID,AMOUNT,TRANSACTION_DATE_TIME,PAYMENT_TYPE_ID,REMARKS,INFO,TRANSACTION_STATUS,POINTS_EARNED,IS_REDEEMED, USER_ID) VALUES(1212613, 461.75, SYSDATE()-INTERVAL 356 DAY, 2, 'D', 'money sent to albina@infy.com', 'SUCCESS', 0, 'N', 12145);
INSERT INTO USER_TRANSACTION(USER_TRANSACTION_ID,AMOUNT,TRANSACTION_DATE_TIME,PAYMENT_TYPE_ID,REMARKS,INFO,TRANSACTION_STATUS,POINTS_EARNED,IS_REDEEMED, USER_ID) VALUES(1212614, 461.75, SYSDATE()-INTERVAL 356 DAY, 1, 'C', 'money recieved from alisha@infy.com', 'SUCCESS', 0, 'N', 12154);
INSERT INTO USER_TRANSACTION(USER_TRANSACTION_ID,AMOUNT,TRANSACTION_DATE_TIME,PAYMENT_TYPE_ID,REMARKS,INFO,TRANSACTION_STATUS,POINTS_EARNED,IS_REDEEMED, USER_ID) VALUES(1212615, 866.03, SYSDATE()-INTERVAL 352 DAY, 4, 'C', 'money credited from bank', 'SUCCESS', 0, 'N', 12149);
INSERT INTO USER_TRANSACTION(USER_TRANSACTION_ID,AMOUNT,TRANSACTION_DATE_TIME,PAYMENT_TYPE_ID,REMARKS,INFO,TRANSACTION_STATUS,POINTS_EARNED,IS_REDEEMED, USER_ID) VALUES(1212616, 28.68, SYSDATE()-INTERVAL 349 DAY, 1, 'C', 'money recieved from fatima@infy.com', 'SUCCESS', 0, 'N', 12170);
INSERT INTO USER_TRANSACTION(USER_TRANSACTION_ID,AMOUNT,TRANSACTION_DATE_TIME,PAYMENT_TYPE_ID,REMARKS,INFO,TRANSACTION_STATUS,POINTS_EARNED,IS_REDEEMED, USER_ID) VALUES(1212617, 28.68, SYSDATE()-INTERVAL 349 DAY, 2, 'D', 'money sent to blair@infy.com', 'SUCCESS', 0, 'N', 12166);
INSERT INTO USER_TRANSACTION(USER_TRANSACTION_ID,AMOUNT,TRANSACTION_DATE_TIME,PAYMENT_TYPE_ID,REMARKS,INFO,TRANSACTION_STATUS,POINTS_EARNED,IS_REDEEMED, USER_ID) VALUES(1212618, 590.75, SYSDATE()-INTERVAL 346 DAY, 6, 'D', 'money payed to wwcInc@infy.com', 'SUCCESS', 60, 'N', 12149);
INSERT INTO USER_TRANSACTION(USER_TRANSACTION_ID,AMOUNT,TRANSACTION_DATE_TIME,PAYMENT_TYPE_ID,REMARKS,INFO,TRANSACTION_STATUS,POINTS_EARNED,IS_REDEEMED, USER_ID) VALUES(1212620, 895.37, SYSDATE()-INTERVAL 344 DAY, 1, 'C', 'money recieved from erick@infy.com', 'SUCCESS', 0, 'N', 12122);
INSERT INTO USER_TRANSACTION(USER_TRANSACTION_ID,AMOUNT,TRANSACTION_DATE_TIME,PAYMENT_TYPE_ID,REMARKS,INFO,TRANSACTION_STATUS,POINTS_EARNED,IS_REDEEMED, USER_ID) VALUES(1212621, 895.37, SYSDATE()-INTERVAL 344 DAY, 2, 'D', 'money sent to josephine@infy.com', 'SUCCESS', 0, 'N', 12165);
INSERT INTO USER_TRANSACTION(USER_TRANSACTION_ID,AMOUNT,TRANSACTION_DATE_TIME,PAYMENT_TYPE_ID,REMARKS,INFO,TRANSACTION_STATUS,POINTS_EARNED,IS_REDEEMED, USER_ID) VALUES(1212622, 64.95, SYSDATE()-INTERVAL 340 DAY, 1, 'C', 'money recieved from bette@infy.com', 'SUCCESS', 0, 'N', 12126);
INSERT INTO USER_TRANSACTION(USER_TRANSACTION_ID,AMOUNT,TRANSACTION_DATE_TIME,PAYMENT_TYPE_ID,REMARKS,INFO,TRANSACTION_STATUS,POINTS_EARNED,IS_REDEEMED, USER_ID) VALUES(1212623, 64.95, SYSDATE()-INTERVAL 340 DAY, 2, 'D', 'money sent to simona@infy.com', 'SUCCESS', 0, 'N', 12141);
INSERT INTO USER_TRANSACTION(USER_TRANSACTION_ID,AMOUNT,TRANSACTION_DATE_TIME,PAYMENT_TYPE_ID,REMARKS,INFO,TRANSACTION_STATUS,POINTS_EARNED,IS_REDEEMED, USER_ID) VALUES(1212624, 419.86, SYSDATE()-INTERVAL 335 DAY, 6, 'D', 'money payed to taiPower@infy.com', 'SUCCESS', 42, 'N', 12152);
INSERT INTO USER_TRANSACTION(USER_TRANSACTION_ID,AMOUNT,TRANSACTION_DATE_TIME,PAYMENT_TYPE_ID,REMARKS,INFO,TRANSACTION_STATUS,POINTS_EARNED,IS_REDEEMED, USER_ID) VALUES(1212626, 932.03, SYSDATE()-INTERVAL 333 DAY, 4, 'C', 'money credited from bank', 'SUCCESS', 0, 'N', 12143);
INSERT INTO USER_TRANSACTION(USER_TRANSACTION_ID,AMOUNT,TRANSACTION_DATE_TIME,PAYMENT_TYPE_ID,REMARKS,INFO,TRANSACTION_STATUS,POINTS_EARNED,IS_REDEEMED, USER_ID) VALUES(1212627, 909.6, SYSDATE()-INTERVAL 330 DAY, 3, 'D', 'money deposited to bank', 'SUCCESS', 0, 'N', 12140);
INSERT INTO USER_TRANSACTION(USER_TRANSACTION_ID,AMOUNT,TRANSACTION_DATE_TIME,PAYMENT_TYPE_ID,REMARKS,INFO,TRANSACTION_STATUS,POINTS_EARNED,IS_REDEEMED, USER_ID) VALUES(1212628, 113.81, SYSDATE()-INTERVAL 328 DAY, 1, 'C', 'money recieved from dyan@infy.com', 'SUCCESS', 0, 'N', 12163);
INSERT INTO USER_TRANSACTION(USER_TRANSACTION_ID,AMOUNT,TRANSACTION_DATE_TIME,PAYMENT_TYPE_ID,REMARKS,INFO,TRANSACTION_STATUS,POINTS_EARNED,IS_REDEEMED, USER_ID) VALUES(1212629, 113.81, SYSDATE()-INTERVAL 328 DAY, 2, 'D', 'money sent to roxane@infy.com', 'SUCCESS', 0, 'N', 12162);
INSERT INTO USER_TRANSACTION(USER_TRANSACTION_ID,AMOUNT,TRANSACTION_DATE_TIME,PAYMENT_TYPE_ID,REMARKS,INFO,TRANSACTION_STATUS,POINTS_EARNED,IS_REDEEMED, USER_ID) VALUES(1212630, 369.1, SYSDATE()-INTERVAL 325 DAY, 6, 'D', 'money payed to awWorks@infy.com', 'SUCCESS', 37, 'N', 12139);
INSERT INTO USER_TRANSACTION(USER_TRANSACTION_ID,AMOUNT,TRANSACTION_DATE_TIME,PAYMENT_TYPE_ID,REMARKS,INFO,TRANSACTION_STATUS,POINTS_EARNED,IS_REDEEMED, USER_ID) VALUES(1212632, 185.95, SYSDATE()-INTERVAL 320 DAY, 4, 'C', 'money credited from bank', 'SUCCESS', 0, 'N', 12126);
INSERT INTO USER_TRANSACTION(USER_TRANSACTION_ID,AMOUNT,TRANSACTION_DATE_TIME,PAYMENT_TYPE_ID,REMARKS,INFO,TRANSACTION_STATUS,POINTS_EARNED,IS_REDEEMED, USER_ID) VALUES(1212633, 100.6, SYSDATE()-INTERVAL 317 DAY, 1, 'C', 'money recieved from abel@infy.com', 'SUCCESS', 0, 'N', 12156);
INSERT INTO USER_TRANSACTION(USER_TRANSACTION_ID,AMOUNT,TRANSACTION_DATE_TIME,PAYMENT_TYPE_ID,REMARKS,INFO,TRANSACTION_STATUS,POINTS_EARNED,IS_REDEEMED, USER_ID) VALUES(1212634, 100.6, SYSDATE()-INTERVAL 317 DAY, 2, 'D', 'money sent to solange@infy.com', 'SUCCESS', 0, 'N', 12132);
INSERT INTO USER_TRANSACTION(USER_TRANSACTION_ID,AMOUNT,TRANSACTION_DATE_TIME,PAYMENT_TYPE_ID,REMARKS,INFO,TRANSACTION_STATUS,POINTS_EARNED,IS_REDEEMED, USER_ID) VALUES(1212635, 77.48, SYSDATE()-INTERVAL 312 DAY, 1, 'C', 'money recieved from sage@infy.com', 'SUCCESS', 0, 'N', 12138);
INSERT INTO USER_TRANSACTION(USER_TRANSACTION_ID,AMOUNT,TRANSACTION_DATE_TIME,PAYMENT_TYPE_ID,REMARKS,INFO,TRANSACTION_STATUS,POINTS_EARNED,IS_REDEEMED, USER_ID) VALUES(1212636, 77.48, SYSDATE()-INTERVAL 312 DAY, 2, 'D', 'money sent to gladys@infy.com', 'SUCCESS', 0, 'N', 12129);
INSERT INTO USER_TRANSACTION(USER_TRANSACTION_ID,AMOUNT,TRANSACTION_DATE_TIME,PAYMENT_TYPE_ID,REMARKS,INFO,TRANSACTION_STATUS,POINTS_EARNED,IS_REDEEMED, USER_ID) VALUES(1212637, 287.61, SYSDATE()-INTERVAL 311 DAY, 1, 'C', 'money recieved from leota@infy.com', 'SUCCESS', 0, 'N', 12160);
INSERT INTO USER_TRANSACTION(USER_TRANSACTION_ID,AMOUNT,TRANSACTION_DATE_TIME,PAYMENT_TYPE_ID,REMARKS,INFO,TRANSACTION_STATUS,POINTS_EARNED,IS_REDEEMED, USER_ID) VALUES(1212638, 287.61, SYSDATE()-INTERVAL 311 DAY, 2, 'D', 'money sent to kati@infy.com', 'SUCCESS', 0, 'N', 12128);
INSERT INTO USER_TRANSACTION(USER_TRANSACTION_ID,AMOUNT,TRANSACTION_DATE_TIME,PAYMENT_TYPE_ID,REMARKS,INFO,TRANSACTION_STATUS,POINTS_EARNED,IS_REDEEMED, USER_ID) VALUES(1212639, 309.36, SYSDATE()-INTERVAL 308 DAY, 4, 'C', 'money credited from bank', 'SUCCESS', 0, 'N', 12169);
INSERT INTO USER_TRANSACTION(USER_TRANSACTION_ID,AMOUNT,TRANSACTION_DATE_TIME,PAYMENT_TYPE_ID,REMARKS,INFO,TRANSACTION_STATUS,POINTS_EARNED,IS_REDEEMED, USER_ID) VALUES(1212640, 172.94, SYSDATE()-INTERVAL 303 DAY, 6, 'D', 'money payed to awWorks@infy.com', 'SUCCESS', 18, 'N', 12155);
INSERT INTO USER_TRANSACTION(USER_TRANSACTION_ID,AMOUNT,TRANSACTION_DATE_TIME,PAYMENT_TYPE_ID,REMARKS,INFO,TRANSACTION_STATUS,POINTS_EARNED,IS_REDEEMED, USER_ID) VALUES(1212643, 416.56, SYSDATE()-INTERVAL 296 DAY, 6, 'D', 'money payed to cpg@infy.com', 'SUCCESS', 42, 'N', 12133);
INSERT INTO USER_TRANSACTION(USER_TRANSACTION_ID,AMOUNT,TRANSACTION_DATE_TIME,PAYMENT_TYPE_ID,REMARKS,INFO,TRANSACTION_STATUS,POINTS_EARNED,IS_REDEEMED, USER_ID) VALUES(1212645, 529.27, SYSDATE()-INTERVAL 292 DAY, 4, 'C', 'money credited from bank', 'SUCCESS', 0, 'N', 12154);
INSERT INTO USER_TRANSACTION(USER_TRANSACTION_ID,AMOUNT,TRANSACTION_DATE_TIME,PAYMENT_TYPE_ID,REMARKS,INFO,TRANSACTION_STATUS,POINTS_EARNED,IS_REDEEMED, USER_ID) VALUES(1212646, 884.92, SYSDATE()-INTERVAL 290 DAY, 4, 'C', 'money credited from bank', 'SUCCESS', 0, 'N', 12123);
INSERT INTO USER_TRANSACTION(USER_TRANSACTION_ID,AMOUNT,TRANSACTION_DATE_TIME,PAYMENT_TYPE_ID,REMARKS,INFO,TRANSACTION_STATUS,POINTS_EARNED,IS_REDEEMED, USER_ID) VALUES(1212647, 441.19, SYSDATE()-INTERVAL 285 DAY, 1, 'C', 'money recieved from rozella@infy.com', 'SUCCESS', 0, 'N', 12149);
INSERT INTO USER_TRANSACTION(USER_TRANSACTION_ID,AMOUNT,TRANSACTION_DATE_TIME,PAYMENT_TYPE_ID,REMARKS,INFO,TRANSACTION_STATUS,POINTS_EARNED,IS_REDEEMED, USER_ID) VALUES(1212648, 441.19, SYSDATE()-INTERVAL 285 DAY, 2, 'D', 'money sent to willow@infy.com', 'SUCCESS', 0, 'N', 12158);
INSERT INTO USER_TRANSACTION(USER_TRANSACTION_ID,AMOUNT,TRANSACTION_DATE_TIME,PAYMENT_TYPE_ID,REMARKS,INFO,TRANSACTION_STATUS,POINTS_EARNED,IS_REDEEMED, USER_ID) VALUES(1212651, 46.53, SYSDATE()-INTERVAL 280 DAY, 6, 'D', 'money payed to hibrisIn@infy.com', 'SUCCESS', 5, 'N', 12140);
INSERT INTO USER_TRANSACTION(USER_TRANSACTION_ID,AMOUNT,TRANSACTION_DATE_TIME,PAYMENT_TYPE_ID,REMARKS,INFO,TRANSACTION_STATUS,POINTS_EARNED,IS_REDEEMED, USER_ID) VALUES(1212653, 628.08, SYSDATE()-INTERVAL 277 DAY, 4, 'C', 'money credited from bank', 'SUCCESS', 0, 'N', 12160);
INSERT INTO USER_TRANSACTION(USER_TRANSACTION_ID,AMOUNT,TRANSACTION_DATE_TIME,PAYMENT_TYPE_ID,REMARKS,INFO,TRANSACTION_STATUS,POINTS_EARNED,IS_REDEEMED, USER_ID) VALUES(1212654, 46.81, SYSDATE()-INTERVAL 275 DAY, 3, 'D', 'money deposited to bank', 'SUCCESS', 0, 'N', 12121);
INSERT INTO USER_TRANSACTION(USER_TRANSACTION_ID,AMOUNT,TRANSACTION_DATE_TIME,PAYMENT_TYPE_ID,REMARKS,INFO,TRANSACTION_STATUS,POINTS_EARNED,IS_REDEEMED, USER_ID) VALUES(1212655, 519.9, SYSDATE()-INTERVAL 272 DAY, 6, 'D', 'money payed to mossesTel@infy.com', 'SUCCESS', 52, 'N', 12122);
INSERT INTO USER_TRANSACTION(USER_TRANSACTION_ID,AMOUNT,TRANSACTION_DATE_TIME,PAYMENT_TYPE_ID,REMARKS,INFO,TRANSACTION_STATUS,POINTS_EARNED,IS_REDEEMED, USER_ID) VALUES(1212657, 468.35, SYSDATE()-INTERVAL 271 DAY, 6, 'D', 'money payed to sesComp@infy.com', 'SUCCESS', 47, 'N', 12145);
INSERT INTO USER_TRANSACTION(USER_TRANSACTION_ID,AMOUNT,TRANSACTION_DATE_TIME,PAYMENT_TYPE_ID,REMARKS,INFO,TRANSACTION_STATUS,POINTS_EARNED,IS_REDEEMED, USER_ID) VALUES(1212659, 648.15, SYSDATE()-INTERVAL 270 DAY, 4, 'C', 'money credited from bank', 'SUCCESS', 0, 'N', 12123);
INSERT INTO USER_TRANSACTION(USER_TRANSACTION_ID,AMOUNT,TRANSACTION_DATE_TIME,PAYMENT_TYPE_ID,REMARKS,INFO,TRANSACTION_STATUS,POINTS_EARNED,IS_REDEEMED, USER_ID) VALUES(1212660, 506.34, SYSDATE()-INTERVAL 267 DAY, 4, 'C', 'money credited from bank', 'SUCCESS', 0, 'N', 12170);
INSERT INTO USER_TRANSACTION(USER_TRANSACTION_ID,AMOUNT,TRANSACTION_DATE_TIME,PAYMENT_TYPE_ID,REMARKS,INFO,TRANSACTION_STATUS,POINTS_EARNED,IS_REDEEMED, USER_ID) VALUES(1212661, 181.76, SYSDATE()-INTERVAL 265 DAY, 1, 'C', 'money recieved from jina@infy.com', 'SUCCESS', 0, 'N', 12150);
INSERT INTO USER_TRANSACTION(USER_TRANSACTION_ID,AMOUNT,TRANSACTION_DATE_TIME,PAYMENT_TYPE_ID,REMARKS,INFO,TRANSACTION_STATUS,POINTS_EARNED,IS_REDEEMED, USER_ID) VALUES(1212662, 181.76, SYSDATE()-INTERVAL 265 DAY, 2, 'D', 'money sent to bernardo@infy.com', 'SUCCESS', 0, 'N', 12167);
INSERT INTO USER_TRANSACTION(USER_TRANSACTION_ID,AMOUNT,TRANSACTION_DATE_TIME,PAYMENT_TYPE_ID,REMARKS,INFO,TRANSACTION_STATUS,POINTS_EARNED,IS_REDEEMED, USER_ID) VALUES(1212663, 872.45, SYSDATE()-INTERVAL 263 DAY, 3, 'D', 'money deposited to bank', 'SUCCESS', 0, 'N', 12143);
INSERT INTO USER_TRANSACTION(USER_TRANSACTION_ID,AMOUNT,TRANSACTION_DATE_TIME,PAYMENT_TYPE_ID,REMARKS,INFO,TRANSACTION_STATUS,POINTS_EARNED,IS_REDEEMED, USER_ID) VALUES(1212664, 662.68, SYSDATE()-INTERVAL 261 DAY, 2, 'D', 'money sent to veronika@infy.com', 'SUCCESS', 0, 'N', 12153);
INSERT INTO USER_TRANSACTION(USER_TRANSACTION_ID,AMOUNT,TRANSACTION_DATE_TIME,PAYMENT_TYPE_ID,REMARKS,INFO,TRANSACTION_STATUS,POINTS_EARNED,IS_REDEEMED, USER_ID) VALUES(1212665, 662.68, SYSDATE()-INTERVAL 261 DAY, 1, 'C', 'money recieved from ernie@infy.com', 'SUCCESS', 0, 'N', 12142);
INSERT INTO USER_TRANSACTION(USER_TRANSACTION_ID,AMOUNT,TRANSACTION_DATE_TIME,PAYMENT_TYPE_ID,REMARKS,INFO,TRANSACTION_STATUS,POINTS_EARNED,IS_REDEEMED, USER_ID) VALUES(1212666, 125.64, SYSDATE()-INTERVAL 256 DAY, 1, 'C', 'money recieved from francine@infy.com', 'SUCCESS', 0, 'N', 12144);
INSERT INTO USER_TRANSACTION(USER_TRANSACTION_ID,AMOUNT,TRANSACTION_DATE_TIME,PAYMENT_TYPE_ID,REMARKS,INFO,TRANSACTION_STATUS,POINTS_EARNED,IS_REDEEMED, USER_ID) VALUES(1212667, 125.64, SYSDATE()-INTERVAL 256 DAY, 2, 'D', 'money sent to maryann@infy.com', 'SUCCESS', 0, 'N', 12152);
INSERT INTO USER_TRANSACTION(USER_TRANSACTION_ID,AMOUNT,TRANSACTION_DATE_TIME,PAYMENT_TYPE_ID,REMARKS,INFO,TRANSACTION_STATUS,POINTS_EARNED,IS_REDEEMED, USER_ID) VALUES(1212668, 134.01, SYSDATE()-INTERVAL 251 DAY, 6, 'D', 'money payed to neCorp@infy.com', 'SUCCESS', 14, 'N', 12130);
INSERT INTO USER_TRANSACTION(USER_TRANSACTION_ID,AMOUNT,TRANSACTION_DATE_TIME,PAYMENT_TYPE_ID,REMARKS,INFO,TRANSACTION_STATUS,POINTS_EARNED,IS_REDEEMED, USER_ID) VALUES(1212670, 604.04, SYSDATE()-INTERVAL 247 DAY, 6, 'D', 'money payed to bshCorp@infy.com', 'SUCCESS', 61, 'N', 12145);
INSERT INTO USER_TRANSACTION(USER_TRANSACTION_ID,AMOUNT,TRANSACTION_DATE_TIME,PAYMENT_TYPE_ID,REMARKS,INFO,TRANSACTION_STATUS,POINTS_EARNED,IS_REDEEMED, USER_ID) VALUES(1212672, 583.04, SYSDATE()-INTERVAL 242 DAY, 4, 'C', 'money credited from bank', 'SUCCESS', 0, 'N', 12142);
INSERT INTO USER_TRANSACTION(USER_TRANSACTION_ID,AMOUNT,TRANSACTION_DATE_TIME,PAYMENT_TYPE_ID,REMARKS,INFO,TRANSACTION_STATUS,POINTS_EARNED,IS_REDEEMED, USER_ID) VALUES(1212673, 599.14, SYSDATE()-INTERVAL 240 DAY, 6, 'D', 'money payed to matrix@infy.com', 'SUCCESS', 60, 'N', 12165);
INSERT INTO USER_TRANSACTION(USER_TRANSACTION_ID,AMOUNT,TRANSACTION_DATE_TIME,PAYMENT_TYPE_ID,REMARKS,INFO,TRANSACTION_STATUS,POINTS_EARNED,IS_REDEEMED, USER_ID) VALUES(1212675, 969.5, SYSDATE()-INTERVAL 239 DAY, 4, 'C', 'money credited from bank', 'SUCCESS', 0, 'N', 12148);
INSERT INTO USER_TRANSACTION(USER_TRANSACTION_ID,AMOUNT,TRANSACTION_DATE_TIME,PAYMENT_TYPE_ID,REMARKS,INFO,TRANSACTION_STATUS,POINTS_EARNED,IS_REDEEMED, USER_ID) VALUES(1212676, 835.77, SYSDATE()-INTERVAL 234 DAY, 1, 'C', 'money recieved from maryann@infy.com', 'SUCCESS', 0, 'N', 12160);
INSERT INTO USER_TRANSACTION(USER_TRANSACTION_ID,AMOUNT,TRANSACTION_DATE_TIME,PAYMENT_TYPE_ID,REMARKS,INFO,TRANSACTION_STATUS,POINTS_EARNED,IS_REDEEMED, USER_ID) VALUES(1212677, 835.77, SYSDATE()-INTERVAL 234 DAY, 2, 'D', 'money sent to kati@infy.com', 'SUCCESS', 0, 'N', 12144);
INSERT INTO USER_TRANSACTION(USER_TRANSACTION_ID,AMOUNT,TRANSACTION_DATE_TIME,PAYMENT_TYPE_ID,REMARKS,INFO,TRANSACTION_STATUS,POINTS_EARNED,IS_REDEEMED, USER_ID) VALUES(1212678, 609.44, SYSDATE()-INTERVAL 230 DAY, 4, 'C', 'money credited from bank', 'SUCCESS', 0, 'N', 12162);
INSERT INTO USER_TRANSACTION(USER_TRANSACTION_ID,AMOUNT,TRANSACTION_DATE_TIME,PAYMENT_TYPE_ID,REMARKS,INFO,TRANSACTION_STATUS,POINTS_EARNED,IS_REDEEMED, USER_ID) VALUES(1212679, 763.89, SYSDATE()-INTERVAL 229 DAY, 4, 'C', 'money credited from bank', 'SUCCESS', 0, 'N', 12156);
INSERT INTO USER_TRANSACTION(USER_TRANSACTION_ID,AMOUNT,TRANSACTION_DATE_TIME,PAYMENT_TYPE_ID,REMARKS,INFO,TRANSACTION_STATUS,POINTS_EARNED,IS_REDEEMED, USER_ID) VALUES(1212680, 290.14, SYSDATE()-INTERVAL 226 DAY, 1, 'C', 'money recieved from veronika@infy.com', 'SUCCESS', 0, 'N', 12131);
INSERT INTO USER_TRANSACTION(USER_TRANSACTION_ID,AMOUNT,TRANSACTION_DATE_TIME,PAYMENT_TYPE_ID,REMARKS,INFO,TRANSACTION_STATUS,POINTS_EARNED,IS_REDEEMED, USER_ID) VALUES(1212681, 290.14, SYSDATE()-INTERVAL 226 DAY, 2, 'D', 'money sent to minna@infy.com', 'SUCCESS', 0, 'N', 12142);
INSERT INTO USER_TRANSACTION(USER_TRANSACTION_ID,AMOUNT,TRANSACTION_DATE_TIME,PAYMENT_TYPE_ID,REMARKS,INFO,TRANSACTION_STATUS,POINTS_EARNED,IS_REDEEMED, USER_ID) VALUES(1212683, 543.61, SYSDATE()-INTERVAL 217 DAY, 6, 'D', 'money payed to fissure@infy.com', 'SUCCESS', 55, 'N', 12165);
INSERT INTO USER_TRANSACTION(USER_TRANSACTION_ID,AMOUNT,TRANSACTION_DATE_TIME,PAYMENT_TYPE_ID,REMARKS,INFO,TRANSACTION_STATUS,POINTS_EARNED,IS_REDEEMED, USER_ID) VALUES(1212685, 234.6, SYSDATE()-INTERVAL 213 DAY, 4, 'C', 'money credited from bank', 'SUCCESS', 0, 'N', 12144);
INSERT INTO USER_TRANSACTION(USER_TRANSACTION_ID,AMOUNT,TRANSACTION_DATE_TIME,PAYMENT_TYPE_ID,REMARKS,INFO,TRANSACTION_STATUS,POINTS_EARNED,IS_REDEEMED, USER_ID) VALUES(1212688, 234.87, SYSDATE()-INTERVAL 198 DAY, 6, 'D', 'money payed to taiPower@infy.com', 'SUCCESS', 24, 'N', 12156);
INSERT INTO USER_TRANSACTION(USER_TRANSACTION_ID,AMOUNT,TRANSACTION_DATE_TIME,PAYMENT_TYPE_ID,REMARKS,INFO,TRANSACTION_STATUS,POINTS_EARNED,IS_REDEEMED, USER_ID) VALUES(1212690, 67.0, SYSDATE()-INTERVAL 197 DAY, 6, 'D', 'money payed to sesComp@infy.com', 'SUCCESS', 7, 'N', 12126);
INSERT INTO USER_TRANSACTION(USER_TRANSACTION_ID,AMOUNT,TRANSACTION_DATE_TIME,PAYMENT_TYPE_ID,REMARKS,INFO,TRANSACTION_STATUS,POINTS_EARNED,IS_REDEEMED, USER_ID) VALUES(1212692, 877.65, SYSDATE()-INTERVAL 196 DAY, 2, 'D', 'money sent to maryann@infy.com', 'SUCCESS', 0, 'N', 12160);
INSERT INTO USER_TRANSACTION(USER_TRANSACTION_ID,AMOUNT,TRANSACTION_DATE_TIME,PAYMENT_TYPE_ID,REMARKS,INFO,TRANSACTION_STATUS,POINTS_EARNED,IS_REDEEMED, USER_ID) VALUES(1212693, 877.65, SYSDATE()-INTERVAL 196 DAY, 1, 'C', 'money recieved from kati@infy.com', 'SUCCESS', 0, 'N', 12144);
INSERT INTO USER_TRANSACTION(USER_TRANSACTION_ID,AMOUNT,TRANSACTION_DATE_TIME,PAYMENT_TYPE_ID,REMARKS,INFO,TRANSACTION_STATUS,POINTS_EARNED,IS_REDEEMED, USER_ID) VALUES(1212694, 656.98, SYSDATE()-INTERVAL 193 DAY, 4, 'C', 'money credited from bank', 'SUCCESS', 0, 'N', 12159);
INSERT INTO USER_TRANSACTION(USER_TRANSACTION_ID,AMOUNT,TRANSACTION_DATE_TIME,PAYMENT_TYPE_ID,REMARKS,INFO,TRANSACTION_STATUS,POINTS_EARNED,IS_REDEEMED, USER_ID) VALUES(1212695, 513.32, SYSDATE()-INTERVAL 191 DAY, 3, 'D', 'money deposited to bank', 'SUCCESS', 0, 'N', 12149);
INSERT INTO USER_TRANSACTION(USER_TRANSACTION_ID,AMOUNT,TRANSACTION_DATE_TIME,PAYMENT_TYPE_ID,REMARKS,INFO,TRANSACTION_STATUS,POINTS_EARNED,IS_REDEEMED, USER_ID) VALUES(1212696, 187.45, SYSDATE()-INTERVAL 186 DAY, 3, 'D', 'money deposited to bank', 'SUCCESS', 0, 'N', 12150);
INSERT INTO USER_TRANSACTION(USER_TRANSACTION_ID,AMOUNT,TRANSACTION_DATE_TIME,PAYMENT_TYPE_ID,REMARKS,INFO,TRANSACTION_STATUS,POINTS_EARNED,IS_REDEEMED, USER_ID) VALUES(1212698, 246.24, SYSDATE()-INTERVAL 183 DAY, 4, 'C', 'money credited from bank', 'SUCCESS', 0, 'N', 12145);
INSERT INTO USER_TRANSACTION(USER_TRANSACTION_ID,AMOUNT,TRANSACTION_DATE_TIME,PAYMENT_TYPE_ID,REMARKS,INFO,TRANSACTION_STATUS,POINTS_EARNED,IS_REDEEMED, USER_ID) VALUES(1212699, 569.92, SYSDATE()-INTERVAL 182 DAY, 4, 'C', 'money credited from bank', 'SUCCESS', 0, 'N', 12167);
INSERT INTO USER_TRANSACTION(USER_TRANSACTION_ID,AMOUNT,TRANSACTION_DATE_TIME,PAYMENT_TYPE_ID,REMARKS,INFO,TRANSACTION_STATUS,POINTS_EARNED,IS_REDEEMED, USER_ID) VALUES(1212700, 537.84, SYSDATE()-INTERVAL 179 DAY, 4, 'C', 'money credited from bank', 'SUCCESS', 0, 'N', 12144);
INSERT INTO USER_TRANSACTION(USER_TRANSACTION_ID,AMOUNT,TRANSACTION_DATE_TIME,PAYMENT_TYPE_ID,REMARKS,INFO,TRANSACTION_STATUS,POINTS_EARNED,IS_REDEEMED, USER_ID) VALUES(1212701, 150.03, SYSDATE()-INTERVAL 176 DAY, 3, 'D', 'money deposited to bank', 'SUCCESS', 0, 'N', 12158);
INSERT INTO USER_TRANSACTION(USER_TRANSACTION_ID,AMOUNT,TRANSACTION_DATE_TIME,PAYMENT_TYPE_ID,REMARKS,INFO,TRANSACTION_STATUS,POINTS_EARNED,IS_REDEEMED, USER_ID) VALUES(1212702, 572.46, SYSDATE()-INTERVAL 175 DAY, 6, 'D', 'money payed to matrix@infy.com', 'SUCCESS', 58, 'N', 12155);
INSERT INTO USER_TRANSACTION(USER_TRANSACTION_ID,AMOUNT,TRANSACTION_DATE_TIME,PAYMENT_TYPE_ID,REMARKS,INFO,TRANSACTION_STATUS,POINTS_EARNED,IS_REDEEMED, USER_ID) VALUES(1212704, 261.07, SYSDATE()-INTERVAL 173 DAY, 4, 'C', 'money credited from bank', 'SUCCESS', 0, 'N', 12141);
INSERT INTO USER_TRANSACTION(USER_TRANSACTION_ID,AMOUNT,TRANSACTION_DATE_TIME,PAYMENT_TYPE_ID,REMARKS,INFO,TRANSACTION_STATUS,POINTS_EARNED,IS_REDEEMED, USER_ID) VALUES(1212706, 75.48, SYSDATE()-INTERVAL 167 DAY, 4, 'C', 'money credited from bank', 'SUCCESS', 0, 'N', 12169);
INSERT INTO USER_TRANSACTION(USER_TRANSACTION_ID,AMOUNT,TRANSACTION_DATE_TIME,PAYMENT_TYPE_ID,REMARKS,INFO,TRANSACTION_STATUS,POINTS_EARNED,IS_REDEEMED, USER_ID) VALUES(1212707, 705.0, SYSDATE()-INTERVAL 166 DAY, 4, 'C', 'money credited from bank', 'SUCCESS', 0, 'N', 12151);
INSERT INTO USER_TRANSACTION(USER_TRANSACTION_ID,AMOUNT,TRANSACTION_DATE_TIME,PAYMENT_TYPE_ID,REMARKS,INFO,TRANSACTION_STATUS,POINTS_EARNED,IS_REDEEMED, USER_ID) VALUES(1212708, 74.27, SYSDATE()-INTERVAL 162 DAY, 2, 'D', 'money sent to yuki@infy.com', 'SUCCESS', 0, 'N', 12126);
INSERT INTO USER_TRANSACTION(USER_TRANSACTION_ID,AMOUNT,TRANSACTION_DATE_TIME,PAYMENT_TYPE_ID,REMARKS,INFO,TRANSACTION_STATUS,POINTS_EARNED,IS_REDEEMED, USER_ID) VALUES(1212709, 74.27, SYSDATE()-INTERVAL 162 DAY, 1, 'C', 'money recieved from simona@infy.com', 'SUCCESS', 0, 'N', 12139);
INSERT INTO USER_TRANSACTION(USER_TRANSACTION_ID,AMOUNT,TRANSACTION_DATE_TIME,PAYMENT_TYPE_ID,REMARKS,INFO,TRANSACTION_STATUS,POINTS_EARNED,IS_REDEEMED, USER_ID) VALUES(1212710, 363.15, SYSDATE()-INTERVAL 159 DAY, 4, 'C', 'money credited from bank', 'SUCCESS', 0, 'N', 12122);
INSERT INTO USER_TRANSACTION(USER_TRANSACTION_ID,AMOUNT,TRANSACTION_DATE_TIME,PAYMENT_TYPE_ID,REMARKS,INFO,TRANSACTION_STATUS,POINTS_EARNED,IS_REDEEMED, USER_ID) VALUES(1212711, 796.33, SYSDATE()-INTERVAL 157 DAY, 4, 'C', 'money credited from bank', 'SUCCESS', 0, 'N', 12156);
INSERT INTO USER_TRANSACTION(USER_TRANSACTION_ID,AMOUNT,TRANSACTION_DATE_TIME,PAYMENT_TYPE_ID,REMARKS,INFO,TRANSACTION_STATUS,POINTS_EARNED,IS_REDEEMED, USER_ID) VALUES(1212712, 13.98, SYSDATE()-INTERVAL 154 DAY, 3, 'D', 'money deposited to bank', 'SUCCESS', 0, 'N', 12121);
INSERT INTO USER_TRANSACTION(USER_TRANSACTION_ID,AMOUNT,TRANSACTION_DATE_TIME,PAYMENT_TYPE_ID,REMARKS,INFO,TRANSACTION_STATUS,POINTS_EARNED,IS_REDEEMED, USER_ID) VALUES(1212713, 620.81, SYSDATE()-INTERVAL 151 DAY, 3, 'D', 'money deposited to bank', 'SUCCESS', 0, 'N', 12140);
INSERT INTO USER_TRANSACTION(USER_TRANSACTION_ID,AMOUNT,TRANSACTION_DATE_TIME,PAYMENT_TYPE_ID,REMARKS,INFO,TRANSACTION_STATUS,POINTS_EARNED,IS_REDEEMED, USER_ID) VALUES(1212714, 265.67, SYSDATE()-INTERVAL 146 DAY, 4, 'C', 'money credited from bank', 'SUCCESS', 0, 'N', 12164);
INSERT INTO USER_TRANSACTION(USER_TRANSACTION_ID,AMOUNT,TRANSACTION_DATE_TIME,PAYMENT_TYPE_ID,REMARKS,INFO,TRANSACTION_STATUS,POINTS_EARNED,IS_REDEEMED, USER_ID) VALUES(1212715, 141.55, SYSDATE()-INTERVAL 143 DAY, 3, 'D', 'money deposited to bank', 'SUCCESS', 0, 'N', 12164);
INSERT INTO USER_TRANSACTION(USER_TRANSACTION_ID,AMOUNT,TRANSACTION_DATE_TIME,PAYMENT_TYPE_ID,REMARKS,INFO,TRANSACTION_STATUS,POINTS_EARNED,IS_REDEEMED, USER_ID) VALUES(1212716, 141.61, SYSDATE()-INTERVAL 138 DAY, 1, 'C', 'money recieved from solange@infy.com', 'SUCCESS', 0, 'N', 12144);
INSERT INTO USER_TRANSACTION(USER_TRANSACTION_ID,AMOUNT,TRANSACTION_DATE_TIME,PAYMENT_TYPE_ID,REMARKS,INFO,TRANSACTION_STATUS,POINTS_EARNED,IS_REDEEMED, USER_ID) VALUES(1212717, 141.61, SYSDATE()-INTERVAL 138 DAY, 2, 'D', 'money sent to maryann@infy.com', 'SUCCESS', 0, 'N', 12156);
INSERT INTO USER_TRANSACTION(USER_TRANSACTION_ID,AMOUNT,TRANSACTION_DATE_TIME,PAYMENT_TYPE_ID,REMARKS,INFO,TRANSACTION_STATUS,POINTS_EARNED,IS_REDEEMED, USER_ID) VALUES(1212718, 79.02, SYSDATE()-INTERVAL 136 DAY, 6, 'D', 'money payed to awWorks@infy.com', 'SUCCESS', 8, 'N', 12168);
INSERT INTO USER_TRANSACTION(USER_TRANSACTION_ID,AMOUNT,TRANSACTION_DATE_TIME,PAYMENT_TYPE_ID,REMARKS,INFO,TRANSACTION_STATUS,POINTS_EARNED,IS_REDEEMED, USER_ID) VALUES(1212720, 499.57, SYSDATE()-INTERVAL 133 DAY, 4, 'C', 'money credited from bank', 'SUCCESS', 0, 'N', 12141);
INSERT INTO USER_TRANSACTION(USER_TRANSACTION_ID,AMOUNT,TRANSACTION_DATE_TIME,PAYMENT_TYPE_ID,REMARKS,INFO,TRANSACTION_STATUS,POINTS_EARNED,IS_REDEEMED, USER_ID) VALUES(1212721, 178.51, SYSDATE()-INTERVAL 130 DAY, 3, 'D', 'money deposited to bank', 'SUCCESS', 0, 'N', 12148);
INSERT INTO USER_TRANSACTION(USER_TRANSACTION_ID,AMOUNT,TRANSACTION_DATE_TIME,PAYMENT_TYPE_ID,REMARKS,INFO,TRANSACTION_STATUS,POINTS_EARNED,IS_REDEEMED, USER_ID) VALUES(1212722, 971.24, SYSDATE()-INTERVAL 129 DAY, 3, 'D', 'money deposited to bank', 'SUCCESS', 0, 'N', 12121);
INSERT INTO USER_TRANSACTION(USER_TRANSACTION_ID,AMOUNT,TRANSACTION_DATE_TIME,PAYMENT_TYPE_ID,REMARKS,INFO,TRANSACTION_STATUS,POINTS_EARNED,IS_REDEEMED, USER_ID) VALUES(1212723, 559.59, SYSDATE()-INTERVAL 128 DAY, 4, 'C', 'money credited from bank', 'SUCCESS', 0, 'N', 12152);
INSERT INTO USER_TRANSACTION(USER_TRANSACTION_ID,AMOUNT,TRANSACTION_DATE_TIME,PAYMENT_TYPE_ID,REMARKS,INFO,TRANSACTION_STATUS,POINTS_EARNED,IS_REDEEMED, USER_ID) VALUES(1212724, 449.51, SYSDATE()-INTERVAL 126 DAY, 4, 'C', 'money credited from bank', 'SUCCESS', 0, 'N', 12124);
INSERT INTO USER_TRANSACTION(USER_TRANSACTION_ID,AMOUNT,TRANSACTION_DATE_TIME,PAYMENT_TYPE_ID,REMARKS,INFO,TRANSACTION_STATUS,POINTS_EARNED,IS_REDEEMED, USER_ID) VALUES(1212725, 467.66, SYSDATE()-INTERVAL 121 DAY, 4, 'C', 'money credited from bank', 'SUCCESS', 0, 'N', 12121);
INSERT INTO USER_TRANSACTION(USER_TRANSACTION_ID,AMOUNT,TRANSACTION_DATE_TIME,PAYMENT_TYPE_ID,REMARKS,INFO,TRANSACTION_STATUS,POINTS_EARNED,IS_REDEEMED, USER_ID) VALUES(1212726, 372.58, SYSDATE()-INTERVAL 117 DAY, 2, 'D', 'money sent to james@infy.com', 'SUCCESS', 0, 'N', 12156);
INSERT INTO USER_TRANSACTION(USER_TRANSACTION_ID,AMOUNT,TRANSACTION_DATE_TIME,PAYMENT_TYPE_ID,REMARKS,INFO,TRANSACTION_STATUS,POINTS_EARNED,IS_REDEEMED, USER_ID) VALUES(1212727, 372.58, SYSDATE()-INTERVAL 117 DAY, 1, 'C', 'money recieved from solange@infy.com', 'SUCCESS', 0, 'N', 12121);
INSERT INTO USER_TRANSACTION(USER_TRANSACTION_ID,AMOUNT,TRANSACTION_DATE_TIME,PAYMENT_TYPE_ID,REMARKS,INFO,TRANSACTION_STATUS,POINTS_EARNED,IS_REDEEMED, USER_ID) VALUES(1212728, 8.03, SYSDATE()-INTERVAL 116 DAY, 4, 'C', 'money credited from bank', 'SUCCESS', 0, 'N', 12170);
INSERT INTO USER_TRANSACTION(USER_TRANSACTION_ID,AMOUNT,TRANSACTION_DATE_TIME,PAYMENT_TYPE_ID,REMARKS,INFO,TRANSACTION_STATUS,POINTS_EARNED,IS_REDEEMED, USER_ID) VALUES(1212730, 66.17, SYSDATE()-INTERVAL 112 DAY, 2, 'D', 'money sent to josephine@infy.com', 'SUCCESS', 0, 'N', 12142);
INSERT INTO USER_TRANSACTION(USER_TRANSACTION_ID,AMOUNT,TRANSACTION_DATE_TIME,PAYMENT_TYPE_ID,REMARKS,INFO,TRANSACTION_STATUS,POINTS_EARNED,IS_REDEEMED, USER_ID) VALUES(1212731, 66.17, SYSDATE()-INTERVAL 112 DAY, 1, 'C', 'money recieved from veronika@infy.com', 'SUCCESS', 0, 'N', 12122);
INSERT INTO USER_TRANSACTION(USER_TRANSACTION_ID,AMOUNT,TRANSACTION_DATE_TIME,PAYMENT_TYPE_ID,REMARKS,INFO,TRANSACTION_STATUS,POINTS_EARNED,IS_REDEEMED, USER_ID) VALUES(1212732, 857.25, SYSDATE()-INTERVAL 110 DAY, 4, 'C', 'money credited from bank', 'SUCCESS', 0, 'N', 12142);
INSERT INTO USER_TRANSACTION(USER_TRANSACTION_ID,AMOUNT,TRANSACTION_DATE_TIME,PAYMENT_TYPE_ID,REMARKS,INFO,TRANSACTION_STATUS,POINTS_EARNED,IS_REDEEMED, USER_ID) VALUES(1212733, 137.08, SYSDATE()-INTERVAL 109 DAY, 4, 'C', 'money credited from bank', 'SUCCESS', 0, 'N', 12131);
INSERT INTO USER_TRANSACTION(USER_TRANSACTION_ID,AMOUNT,TRANSACTION_DATE_TIME,PAYMENT_TYPE_ID,REMARKS,INFO,TRANSACTION_STATUS,POINTS_EARNED,IS_REDEEMED, USER_ID) VALUES(1212734, 91.9, SYSDATE()-INTERVAL 105 DAY, 6, 'D', 'money payed to matrix@infy.com', 'SUCCESS', 10, 'N', 12122);
INSERT INTO USER_TRANSACTION(USER_TRANSACTION_ID,AMOUNT,TRANSACTION_DATE_TIME,PAYMENT_TYPE_ID,REMARKS,INFO,TRANSACTION_STATUS,POINTS_EARNED,IS_REDEEMED, USER_ID) VALUES(1212736, 904.08, SYSDATE()-INTERVAL 103 DAY, 6, 'D', 'money payed to matrix@infy.com', 'SUCCESS', 91, 'N', 12141);
INSERT INTO USER_TRANSACTION(USER_TRANSACTION_ID,AMOUNT,TRANSACTION_DATE_TIME,PAYMENT_TYPE_ID,REMARKS,INFO,TRANSACTION_STATUS,POINTS_EARNED,IS_REDEEMED, USER_ID) VALUES(1212739, 376.99, SYSDATE()-INTERVAL 97 DAY, 4, 'C', 'money credited from bank', 'SUCCESS', 0, 'N', 12157);
INSERT INTO USER_TRANSACTION(USER_TRANSACTION_ID,AMOUNT,TRANSACTION_DATE_TIME,PAYMENT_TYPE_ID,REMARKS,INFO,TRANSACTION_STATUS,POINTS_EARNED,IS_REDEEMED, USER_ID) VALUES(1212740, 254.91, SYSDATE()-INTERVAL 92 DAY, 1, 'C', 'money recieved from bernardo@infy.com', 'SUCCESS', 0, 'N', 12125);
INSERT INTO USER_TRANSACTION(USER_TRANSACTION_ID,AMOUNT,TRANSACTION_DATE_TIME,PAYMENT_TYPE_ID,REMARKS,INFO,TRANSACTION_STATUS,POINTS_EARNED,IS_REDEEMED, USER_ID) VALUES(1212741, 254.91, SYSDATE()-INTERVAL 92 DAY, 2, 'D', 'money sent to donette@infy.com', 'SUCCESS', 0, 'N', 12150);
INSERT INTO USER_TRANSACTION(USER_TRANSACTION_ID,AMOUNT,TRANSACTION_DATE_TIME,PAYMENT_TYPE_ID,REMARKS,INFO,TRANSACTION_STATUS,POINTS_EARNED,IS_REDEEMED, USER_ID) VALUES(1212742, 299.93, SYSDATE()-INTERVAL 90 DAY, 6, 'D', 'money payed to peBrd@infy.com', 'SUCCESS', 30, 'N', 12141);
INSERT INTO USER_TRANSACTION(USER_TRANSACTION_ID,AMOUNT,TRANSACTION_DATE_TIME,PAYMENT_TYPE_ID,REMARKS,INFO,TRANSACTION_STATUS,POINTS_EARNED,IS_REDEEMED, USER_ID) VALUES(1212744, 989.27, SYSDATE()-INTERVAL 88 DAY, 4, 'C', 'money credited from bank', 'SUCCESS', 0, 'N', 12164);
INSERT INTO USER_TRANSACTION(USER_TRANSACTION_ID,AMOUNT,TRANSACTION_DATE_TIME,PAYMENT_TYPE_ID,REMARKS,INFO,TRANSACTION_STATUS,POINTS_EARNED,IS_REDEEMED, USER_ID) VALUES(1212745, 742.41, SYSDATE()-INTERVAL 87 DAY, 2, 'D', 'money sent to erick@infy.com', 'SUCCESS', 0, 'N', 12155);
INSERT INTO USER_TRANSACTION(USER_TRANSACTION_ID,AMOUNT,TRANSACTION_DATE_TIME,PAYMENT_TYPE_ID,REMARKS,INFO,TRANSACTION_STATUS,POINTS_EARNED,IS_REDEEMED, USER_ID) VALUES(1212746, 742.41, SYSDATE()-INTERVAL 87 DAY, 1, 'C', 'money recieved from alishia@infy.com', 'SUCCESS', 0, 'N', 12165);
INSERT INTO USER_TRANSACTION(USER_TRANSACTION_ID,AMOUNT,TRANSACTION_DATE_TIME,PAYMENT_TYPE_ID,REMARKS,INFO,TRANSACTION_STATUS,POINTS_EARNED,IS_REDEEMED, USER_ID) VALUES(1212747, 901.26, SYSDATE()-INTERVAL 86 DAY, 6, 'D', 'money payed to peBrd@infy.com', 'SUCCESS', 91, 'N', 12163);
INSERT INTO USER_TRANSACTION(USER_TRANSACTION_ID,AMOUNT,TRANSACTION_DATE_TIME,PAYMENT_TYPE_ID,REMARKS,INFO,TRANSACTION_STATUS,POINTS_EARNED,IS_REDEEMED, USER_ID) VALUES(1212749, 876.49, SYSDATE()-INTERVAL 85 DAY, 4, 'C', 'money credited from bank', 'SUCCESS', 0, 'N', 12156);
INSERT INTO USER_TRANSACTION(USER_TRANSACTION_ID,AMOUNT,TRANSACTION_DATE_TIME,PAYMENT_TYPE_ID,REMARKS,INFO,TRANSACTION_STATUS,POINTS_EARNED,IS_REDEEMED, USER_ID) VALUES(1212750, 808.43, SYSDATE()-INTERVAL 82 DAY, 3, 'D', 'money deposited to bank', 'SUCCESS', 0, 'N', 12152);
INSERT INTO USER_TRANSACTION(USER_TRANSACTION_ID,AMOUNT,TRANSACTION_DATE_TIME,PAYMENT_TYPE_ID,REMARKS,INFO,TRANSACTION_STATUS,POINTS_EARNED,IS_REDEEMED, USER_ID) VALUES(1212751, 240.27, SYSDATE()-INTERVAL 78 DAY, 6, 'D', 'money payed to sesComp@infy.com', 'SUCCESS', 25, 'N', 12136);
INSERT INTO USER_TRANSACTION(USER_TRANSACTION_ID,AMOUNT,TRANSACTION_DATE_TIME,PAYMENT_TYPE_ID,REMARKS,INFO,TRANSACTION_STATUS,POINTS_EARNED,IS_REDEEMED, USER_ID) VALUES(1212753, 888.65, SYSDATE()-INTERVAL 76 DAY, 1, 'C', 'money recieved from mitsue@infy.com', 'SUCCESS', 0, 'N', 12134);
INSERT INTO USER_TRANSACTION(USER_TRANSACTION_ID,AMOUNT,TRANSACTION_DATE_TIME,PAYMENT_TYPE_ID,REMARKS,INFO,TRANSACTION_STATUS,POINTS_EARNED,IS_REDEEMED, USER_ID) VALUES(1212754, 888.65, SYSDATE()-INTERVAL 76 DAY, 2, 'D', 'money sent to graciela@infy.com', 'SUCCESS', 0, 'N', 12127);
INSERT INTO USER_TRANSACTION(USER_TRANSACTION_ID,AMOUNT,TRANSACTION_DATE_TIME,PAYMENT_TYPE_ID,REMARKS,INFO,TRANSACTION_STATUS,POINTS_EARNED,IS_REDEEMED, USER_ID) VALUES(1212755, 743.22, SYSDATE()-INTERVAL 75 DAY, 1, 'C', 'money recieved from erick@infy.com', 'SUCCESS', 0, 'N', 12147);
INSERT INTO USER_TRANSACTION(USER_TRANSACTION_ID,AMOUNT,TRANSACTION_DATE_TIME,PAYMENT_TYPE_ID,REMARKS,INFO,TRANSACTION_STATUS,POINTS_EARNED,IS_REDEEMED, USER_ID) VALUES(1212756, 743.22, SYSDATE()-INTERVAL 75 DAY, 2, 'D', 'money sent to chanel@infy.com', 'SUCCESS', 0, 'N', 12165);
INSERT INTO USER_TRANSACTION(USER_TRANSACTION_ID,AMOUNT,TRANSACTION_DATE_TIME,PAYMENT_TYPE_ID,REMARKS,INFO,TRANSACTION_STATUS,POINTS_EARNED,IS_REDEEMED, USER_ID) VALUES(1212757, 750.79, SYSDATE()-INTERVAL 74 DAY, 4, 'C', 'money credited from bank', 'SUCCESS', 0, 'N', 12169);
INSERT INTO USER_TRANSACTION(USER_TRANSACTION_ID,AMOUNT,TRANSACTION_DATE_TIME,PAYMENT_TYPE_ID,REMARKS,INFO,TRANSACTION_STATUS,POINTS_EARNED,IS_REDEEMED, USER_ID) VALUES(1212758, 199.18, SYSDATE()-INTERVAL 73 DAY, 1, 'C', 'money recieved from yuki@infy.com', 'SUCCESS', 0, 'N', 12163);
INSERT INTO USER_TRANSACTION(USER_TRANSACTION_ID,AMOUNT,TRANSACTION_DATE_TIME,PAYMENT_TYPE_ID,REMARKS,INFO,TRANSACTION_STATUS,POINTS_EARNED,IS_REDEEMED, USER_ID) VALUES(1212759, 199.18, SYSDATE()-INTERVAL 73 DAY, 2, 'D', 'money sent to roxane@infy.com', 'SUCCESS', 0, 'N', 12139);
INSERT INTO USER_TRANSACTION(USER_TRANSACTION_ID,AMOUNT,TRANSACTION_DATE_TIME,PAYMENT_TYPE_ID,REMARKS,INFO,TRANSACTION_STATUS,POINTS_EARNED,IS_REDEEMED, USER_ID) VALUES(1212760, 87.97, SYSDATE()-INTERVAL 72 DAY, 3, 'D', 'money deposited to bank', 'SUCCESS', 0, 'N', 12170);
INSERT INTO USER_TRANSACTION(USER_TRANSACTION_ID,AMOUNT,TRANSACTION_DATE_TIME,PAYMENT_TYPE_ID,REMARKS,INFO,TRANSACTION_STATUS,POINTS_EARNED,IS_REDEEMED, USER_ID) VALUES(1212761, 874.12, SYSDATE()-INTERVAL 68 DAY, 6, 'D', 'money payed to iConnect@infy.com', 'SUCCESS', 88, 'N', 12123);
INSERT INTO USER_TRANSACTION(USER_TRANSACTION_ID,AMOUNT,TRANSACTION_DATE_TIME,PAYMENT_TYPE_ID,REMARKS,INFO,TRANSACTION_STATUS,POINTS_EARNED,IS_REDEEMED, USER_ID) VALUES(1212763, 54.75, SYSDATE()-INTERVAL 66 DAY, 3, 'D', 'money deposited to bank', 'SUCCESS', 0, 'N', 12134);
INSERT INTO USER_TRANSACTION(USER_TRANSACTION_ID,AMOUNT,TRANSACTION_DATE_TIME,PAYMENT_TYPE_ID,REMARKS,INFO,TRANSACTION_STATUS,POINTS_EARNED,IS_REDEEMED, USER_ID) VALUES(1212767, 723.94, SYSDATE()-INTERVAL 56 DAY, 3, 'D', 'money deposited to bank', 'SUCCESS', 0, 'N', 12154);
INSERT INTO USER_TRANSACTION(USER_TRANSACTION_ID,AMOUNT,TRANSACTION_DATE_TIME,PAYMENT_TYPE_ID,REMARKS,INFO,TRANSACTION_STATUS,POINTS_EARNED,IS_REDEEMED, USER_ID) VALUES(1212768, 702.13, SYSDATE()-INTERVAL 53 DAY, 2, 'D', 'money sent to james@infy.com', 'SUCCESS', 0, 'N', 12147);
INSERT INTO USER_TRANSACTION(USER_TRANSACTION_ID,AMOUNT,TRANSACTION_DATE_TIME,PAYMENT_TYPE_ID,REMARKS,INFO,TRANSACTION_STATUS,POINTS_EARNED,IS_REDEEMED, USER_ID) VALUES(1212769, 702.13, SYSDATE()-INTERVAL 53 DAY, 1, 'C', 'money recieved from chanel@infy.com', 'SUCCESS', 0, 'N', 12121);
INSERT INTO USER_TRANSACTION(USER_TRANSACTION_ID,AMOUNT,TRANSACTION_DATE_TIME,PAYMENT_TYPE_ID,REMARKS,INFO,TRANSACTION_STATUS,POINTS_EARNED,IS_REDEEMED, USER_ID) VALUES(1212770, 311.83, SYSDATE()-INTERVAL 51 DAY, 2, 'D', 'money sent to allene@infy.com', 'SUCCESS', 0, 'N', 12124);
INSERT INTO USER_TRANSACTION(USER_TRANSACTION_ID,AMOUNT,TRANSACTION_DATE_TIME,PAYMENT_TYPE_ID,REMARKS,INFO,TRANSACTION_STATUS,POINTS_EARNED,IS_REDEEMED, USER_ID) VALUES(1212771, 311.83, SYSDATE()-INTERVAL 51 DAY, 1, 'C', 'money recieved from lenna@infy.com', 'SUCCESS', 0, 'N', 12146);
INSERT INTO USER_TRANSACTION(USER_TRANSACTION_ID,AMOUNT,TRANSACTION_DATE_TIME,PAYMENT_TYPE_ID,REMARKS,INFO,TRANSACTION_STATUS,POINTS_EARNED,IS_REDEEMED, USER_ID) VALUES(1212772, 117.97, SYSDATE()-INTERVAL 46 DAY, 2, 'D', 'money sent to veronika@infy.com', 'SUCCESS', 0, 'N', 12135);
INSERT INTO USER_TRANSACTION(USER_TRANSACTION_ID,AMOUNT,TRANSACTION_DATE_TIME,PAYMENT_TYPE_ID,REMARKS,INFO,TRANSACTION_STATUS,POINTS_EARNED,IS_REDEEMED, USER_ID) VALUES(1212773, 117.97, SYSDATE()-INTERVAL 46 DAY, 1, 'C', 'money recieved from cammy@infy.com', 'SUCCESS', 0, 'N', 12142);
INSERT INTO USER_TRANSACTION(USER_TRANSACTION_ID,AMOUNT,TRANSACTION_DATE_TIME,PAYMENT_TYPE_ID,REMARKS,INFO,TRANSACTION_STATUS,POINTS_EARNED,IS_REDEEMED, USER_ID) VALUES(1212774, 167.99, SYSDATE()-INTERVAL 43 DAY, 4, 'C', 'money credited from bank', 'SUCCESS', 0, 'N', 12123);
INSERT INTO USER_TRANSACTION(USER_TRANSACTION_ID,AMOUNT,TRANSACTION_DATE_TIME,PAYMENT_TYPE_ID,REMARKS,INFO,TRANSACTION_STATUS,POINTS_EARNED,IS_REDEEMED, USER_ID) VALUES(1212775, 912.27, SYSDATE()-INTERVAL 39 DAY, 3, 'D', 'money deposited to bank', 'SUCCESS', 0, 'N', 12135);
INSERT INTO USER_TRANSACTION(USER_TRANSACTION_ID,AMOUNT,TRANSACTION_DATE_TIME,PAYMENT_TYPE_ID,REMARKS,INFO,TRANSACTION_STATUS,POINTS_EARNED,IS_REDEEMED, USER_ID) VALUES(1212776, 425.27, SYSDATE()-INTERVAL 35 DAY, 3, 'D', 'money deposited to bank', 'SUCCESS', 0, 'N', 12131);
INSERT INTO USER_TRANSACTION(USER_TRANSACTION_ID,AMOUNT,TRANSACTION_DATE_TIME,PAYMENT_TYPE_ID,REMARKS,INFO,TRANSACTION_STATUS,POINTS_EARNED,IS_REDEEMED, USER_ID) VALUES(1212777, 213.45, SYSDATE()-INTERVAL 32 DAY, 3, 'D', 'money deposited to bank', 'SUCCESS', 0, 'N', 12149);
INSERT INTO USER_TRANSACTION(USER_TRANSACTION_ID,AMOUNT,TRANSACTION_DATE_TIME,PAYMENT_TYPE_ID,REMARKS,INFO,TRANSACTION_STATUS,POINTS_EARNED,IS_REDEEMED, USER_ID) VALUES(1212778, 552.89, SYSDATE()-INTERVAL 29 DAY, 2, 'D', 'money sent to kris@infy.com', 'SUCCESS', 0, 'N', 12151);
INSERT INTO USER_TRANSACTION(USER_TRANSACTION_ID,AMOUNT,TRANSACTION_DATE_TIME,PAYMENT_TYPE_ID,REMARKS,INFO,TRANSACTION_STATUS,POINTS_EARNED,IS_REDEEMED, USER_ID) VALUES(1212779, 552.89, SYSDATE()-INTERVAL 29 DAY, 1, 'C', 'money recieved from ammie@infy.com', 'SUCCESS', 0, 'N', 12130);
INSERT INTO USER_TRANSACTION(USER_TRANSACTION_ID,AMOUNT,TRANSACTION_DATE_TIME,PAYMENT_TYPE_ID,REMARKS,INFO,TRANSACTION_STATUS,POINTS_EARNED,IS_REDEEMED, USER_ID) VALUES(1212780, 983.26, SYSDATE()-INTERVAL 24 DAY, 4, 'C', 'money credited from bank', 'SUCCESS', 0, 'N', 12135);
INSERT INTO USER_TRANSACTION(USER_TRANSACTION_ID,AMOUNT,TRANSACTION_DATE_TIME,PAYMENT_TYPE_ID,REMARKS,INFO,TRANSACTION_STATUS,POINTS_EARNED,IS_REDEEMED, USER_ID) VALUES(1212782, 207.24, SYSDATE()-INTERVAL 19 DAY, 4, 'C', 'money credited from bank', 'SUCCESS', 0, 'N', 12134);
INSERT INTO USER_TRANSACTION(USER_TRANSACTION_ID,AMOUNT,TRANSACTION_DATE_TIME,PAYMENT_TYPE_ID,REMARKS,INFO,TRANSACTION_STATUS,POINTS_EARNED,IS_REDEEMED, USER_ID) VALUES(1212783, 43.44, SYSDATE()-INTERVAL 15 DAY, 1, 'C', 'money recieved from minna@infy.com', 'SUCCESS', 0, 'N', 12137);
INSERT INTO USER_TRANSACTION(USER_TRANSACTION_ID,AMOUNT,TRANSACTION_DATE_TIME,PAYMENT_TYPE_ID,REMARKS,INFO,TRANSACTION_STATUS,POINTS_EARNED,IS_REDEEMED, USER_ID) VALUES(1212784, 43.44, SYSDATE()-INTERVAL 15 DAY, 2, 'D', 'money sent to meaghan@infy.com', 'SUCCESS', 0, 'N', 12131);
INSERT INTO USER_TRANSACTION(USER_TRANSACTION_ID,AMOUNT,TRANSACTION_DATE_TIME,PAYMENT_TYPE_ID,REMARKS,INFO,TRANSACTION_STATUS,POINTS_EARNED,IS_REDEEMED, USER_ID) VALUES(1212785, 374.75, SYSDATE()-INTERVAL 14 DAY, 3, 'D', 'money deposited to bank', 'SUCCESS', 0, 'N', 12166);
INSERT INTO USER_TRANSACTION(USER_TRANSACTION_ID,AMOUNT,TRANSACTION_DATE_TIME,PAYMENT_TYPE_ID,REMARKS,INFO,TRANSACTION_STATUS,POINTS_EARNED,IS_REDEEMED, USER_ID) VALUES(1212786, 266.52, SYSDATE()-INTERVAL 10 DAY, 4, 'C', 'money credited from bank', 'SUCCESS', 0, 'N', 12130);
INSERT INTO USER_TRANSACTION(USER_TRANSACTION_ID,AMOUNT,TRANSACTION_DATE_TIME,PAYMENT_TYPE_ID,REMARKS,INFO,TRANSACTION_STATUS,POINTS_EARNED,IS_REDEEMED, USER_ID) VALUES(1212787, 296.7, SYSDATE()-INTERVAL 6 DAY, 6, 'D', 'money payed to fissure@infy.com', 'SUCCESS', 30, 'N', 12122);

INSERT INTO USER_TRANSACTION_MAPPING(USER_TRANSACTION_ID,USER_ID) VALUES(1212003,12148);
INSERT INTO USER_TRANSACTION_MAPPING(USER_TRANSACTION_ID,USER_ID) VALUES(1212004,12153);
INSERT INTO USER_TRANSACTION_MAPPING(USER_TRANSACTION_ID,USER_ID) VALUES(1212005,12159);
INSERT INTO USER_TRANSACTION_MAPPING(USER_TRANSACTION_ID,USER_ID) VALUES(1212006,12143);
INSERT INTO USER_TRANSACTION_MAPPING(USER_TRANSACTION_ID,USER_ID) VALUES(1212007,12154);
INSERT INTO USER_TRANSACTION_MAPPING(USER_TRANSACTION_ID,USER_ID) VALUES(1212008,12163);
INSERT INTO USER_TRANSACTION_MAPPING(USER_TRANSACTION_ID,USER_ID) VALUES(1212009,12142);
INSERT INTO USER_TRANSACTION_MAPPING(USER_TRANSACTION_ID,USER_ID) VALUES(1212010,12133);
INSERT INTO USER_TRANSACTION_MAPPING(USER_TRANSACTION_ID,USER_ID) VALUES(1212011,12143);
INSERT INTO USER_TRANSACTION_MAPPING(USER_TRANSACTION_ID,USER_ID) VALUES(1212012,12133);
INSERT INTO USER_TRANSACTION_MAPPING(USER_TRANSACTION_ID,USER_ID) VALUES(1212013,12140);
INSERT INTO USER_TRANSACTION_MAPPING(USER_TRANSACTION_ID,USER_ID) VALUES(1212014,12153);
INSERT INTO USER_TRANSACTION_MAPPING(USER_TRANSACTION_ID,USER_ID) VALUES(1212015,12136);
INSERT INTO USER_TRANSACTION_MAPPING(USER_TRANSACTION_ID,USER_ID) VALUES(1212016,12164);
INSERT INTO USER_TRANSACTION_MAPPING(USER_TRANSACTION_ID,USER_ID) VALUES(1212017,12140);
INSERT INTO USER_TRANSACTION_MAPPING(USER_TRANSACTION_ID,USER_ID) VALUES(1212018,12128);
INSERT INTO USER_TRANSACTION_MAPPING(USER_TRANSACTION_ID,USER_ID) VALUES(1212019,12161);
INSERT INTO USER_TRANSACTION_MAPPING(USER_TRANSACTION_ID,USER_ID) VALUES(1212020,12163);
INSERT INTO USER_TRANSACTION_MAPPING(USER_TRANSACTION_ID,USER_ID) VALUES(1212021,12153);
INSERT INTO USER_TRANSACTION_MAPPING(USER_TRANSACTION_ID,USER_ID) VALUES(1212022,12128);
INSERT INTO USER_TRANSACTION_MAPPING(USER_TRANSACTION_ID,USER_ID) VALUES(1212023,12159);
INSERT INTO USER_TRANSACTION_MAPPING(USER_TRANSACTION_ID,USER_ID) VALUES(1212025,12152);
INSERT INTO USER_TRANSACTION_MAPPING(USER_TRANSACTION_ID,USER_ID) VALUES(1212026,12128);
INSERT INTO USER_TRANSACTION_MAPPING(USER_TRANSACTION_ID,USER_ID) VALUES(1212028,12146);
INSERT INTO USER_TRANSACTION_MAPPING(USER_TRANSACTION_ID,USER_ID) VALUES(1212029,12123);
INSERT INTO USER_TRANSACTION_MAPPING(USER_TRANSACTION_ID,USER_ID) VALUES(1212030,12164);
INSERT INTO USER_TRANSACTION_MAPPING(USER_TRANSACTION_ID,USER_ID) VALUES(1212032,12164);
INSERT INTO USER_TRANSACTION_MAPPING(USER_TRANSACTION_ID,USER_ID) VALUES(1212033,12154);
INSERT INTO USER_TRANSACTION_MAPPING(USER_TRANSACTION_ID,USER_ID) VALUES(1212034,12137);
INSERT INTO USER_TRANSACTION_MAPPING(USER_TRANSACTION_ID,USER_ID) VALUES(1212035,12161);
INSERT INTO USER_TRANSACTION_MAPPING(USER_TRANSACTION_ID,USER_ID) VALUES(1212036,12136);
INSERT INTO USER_TRANSACTION_MAPPING(USER_TRANSACTION_ID,USER_ID) VALUES(1212037,12143);
INSERT INTO USER_TRANSACTION_MAPPING(USER_TRANSACTION_ID,USER_ID) VALUES(1212039,12147);
INSERT INTO USER_TRANSACTION_MAPPING(USER_TRANSACTION_ID,USER_ID) VALUES(1212040,12142);
INSERT INTO USER_TRANSACTION_MAPPING(USER_TRANSACTION_ID,USER_ID) VALUES(1212041,12141);
INSERT INTO USER_TRANSACTION_MAPPING(USER_TRANSACTION_ID,USER_ID) VALUES(1212042,12170);
INSERT INTO USER_TRANSACTION_MAPPING(USER_TRANSACTION_ID,USER_ID) VALUES(1212043,12164);
INSERT INTO USER_TRANSACTION_MAPPING(USER_TRANSACTION_ID,USER_ID) VALUES(1212044,12149);
INSERT INTO USER_TRANSACTION_MAPPING(USER_TRANSACTION_ID,USER_ID) VALUES(1212045,12143);
INSERT INTO USER_TRANSACTION_MAPPING(USER_TRANSACTION_ID,USER_ID) VALUES(1212046,12167);
INSERT INTO USER_TRANSACTION_MAPPING(USER_TRANSACTION_ID,USER_ID) VALUES(1212047,12148);
INSERT INTO USER_TRANSACTION_MAPPING(USER_TRANSACTION_ID,USER_ID) VALUES(1212048,12167);
INSERT INTO USER_TRANSACTION_MAPPING(USER_TRANSACTION_ID,USER_ID) VALUES(1212049,12140);
INSERT INTO USER_TRANSACTION_MAPPING(USER_TRANSACTION_ID,USER_ID) VALUES(1212050,12145);
INSERT INTO USER_TRANSACTION_MAPPING(USER_TRANSACTION_ID,USER_ID) VALUES(1212051,12137);
INSERT INTO USER_TRANSACTION_MAPPING(USER_TRANSACTION_ID,USER_ID) VALUES(1212052,12149);
INSERT INTO USER_TRANSACTION_MAPPING(USER_TRANSACTION_ID,USER_ID) VALUES(1212053,12127);
INSERT INTO USER_TRANSACTION_MAPPING(USER_TRANSACTION_ID,USER_ID) VALUES(1212054,12133);
INSERT INTO USER_TRANSACTION_MAPPING(USER_TRANSACTION_ID,USER_ID) VALUES(1212055,12152);
INSERT INTO USER_TRANSACTION_MAPPING(USER_TRANSACTION_ID,USER_ID) VALUES(1212057,12133);
INSERT INTO USER_TRANSACTION_MAPPING(USER_TRANSACTION_ID,USER_ID) VALUES(1212058,12134);
INSERT INTO USER_TRANSACTION_MAPPING(USER_TRANSACTION_ID,USER_ID) VALUES(1212059,12153);
INSERT INTO USER_TRANSACTION_MAPPING(USER_TRANSACTION_ID,USER_ID) VALUES(1212060,12145);
INSERT INTO USER_TRANSACTION_MAPPING(USER_TRANSACTION_ID,USER_ID) VALUES(1212061,12153);
INSERT INTO USER_TRANSACTION_MAPPING(USER_TRANSACTION_ID,USER_ID) VALUES(1212063,12141);
INSERT INTO USER_TRANSACTION_MAPPING(USER_TRANSACTION_ID,USER_ID) VALUES(1212064,12134);
INSERT INTO USER_TRANSACTION_MAPPING(USER_TRANSACTION_ID,USER_ID) VALUES(1212065,12153);
INSERT INTO USER_TRANSACTION_MAPPING(USER_TRANSACTION_ID,USER_ID) VALUES(1212066,12147);
INSERT INTO USER_TRANSACTION_MAPPING(USER_TRANSACTION_ID,USER_ID) VALUES(1212067,12149);
INSERT INTO USER_TRANSACTION_MAPPING(USER_TRANSACTION_ID,USER_ID) VALUES(1212068,12134);
INSERT INTO USER_TRANSACTION_MAPPING(USER_TRANSACTION_ID,USER_ID) VALUES(1212069,12132);
INSERT INTO USER_TRANSACTION_MAPPING(USER_TRANSACTION_ID,USER_ID) VALUES(1212070,12126);
INSERT INTO USER_TRANSACTION_MAPPING(USER_TRANSACTION_ID,USER_ID) VALUES(1212071,12128);
INSERT INTO USER_TRANSACTION_MAPPING(USER_TRANSACTION_ID,USER_ID) VALUES(1212073,12154);
INSERT INTO USER_TRANSACTION_MAPPING(USER_TRANSACTION_ID,USER_ID) VALUES(1212074,12154);
INSERT INTO USER_TRANSACTION_MAPPING(USER_TRANSACTION_ID,USER_ID) VALUES(1212075,12131);
INSERT INTO USER_TRANSACTION_MAPPING(USER_TRANSACTION_ID,USER_ID) VALUES(1212076,12154);
INSERT INTO USER_TRANSACTION_MAPPING(USER_TRANSACTION_ID,USER_ID) VALUES(1212077,12140);
INSERT INTO USER_TRANSACTION_MAPPING(USER_TRANSACTION_ID,USER_ID) VALUES(1212078,12133);
INSERT INTO USER_TRANSACTION_MAPPING(USER_TRANSACTION_ID,USER_ID) VALUES(1212080,12138);
INSERT INTO USER_TRANSACTION_MAPPING(USER_TRANSACTION_ID,USER_ID) VALUES(1212081,12134);
INSERT INTO USER_TRANSACTION_MAPPING(USER_TRANSACTION_ID,USER_ID) VALUES(1212082,12155);
INSERT INTO USER_TRANSACTION_MAPPING(USER_TRANSACTION_ID,USER_ID) VALUES(1212083,12166);
INSERT INTO USER_TRANSACTION_MAPPING(USER_TRANSACTION_ID,USER_ID) VALUES(1212084,12136);
INSERT INTO USER_TRANSACTION_MAPPING(USER_TRANSACTION_ID,USER_ID) VALUES(1212086,12141);
INSERT INTO USER_TRANSACTION_MAPPING(USER_TRANSACTION_ID,USER_ID) VALUES(1212087,12140);
INSERT INTO USER_TRANSACTION_MAPPING(USER_TRANSACTION_ID,USER_ID) VALUES(1212089,12123);
INSERT INTO USER_TRANSACTION_MAPPING(USER_TRANSACTION_ID,USER_ID) VALUES(1212090,12143);
INSERT INTO USER_TRANSACTION_MAPPING(USER_TRANSACTION_ID,USER_ID) VALUES(1212091,12143);
INSERT INTO USER_TRANSACTION_MAPPING(USER_TRANSACTION_ID,USER_ID) VALUES(1212092,12132);
INSERT INTO USER_TRANSACTION_MAPPING(USER_TRANSACTION_ID,USER_ID) VALUES(1212093,12125);
INSERT INTO USER_TRANSACTION_MAPPING(USER_TRANSACTION_ID,USER_ID) VALUES(1212094,12140);
INSERT INTO USER_TRANSACTION_MAPPING(USER_TRANSACTION_ID,USER_ID) VALUES(1212095,12138);
INSERT INTO USER_TRANSACTION_MAPPING(USER_TRANSACTION_ID,USER_ID) VALUES(1212096,12166);
INSERT INTO USER_TRANSACTION_MAPPING(USER_TRANSACTION_ID,USER_ID) VALUES(1212097,12166);
INSERT INTO USER_TRANSACTION_MAPPING(USER_TRANSACTION_ID,USER_ID) VALUES(1212100,12151);
INSERT INTO USER_TRANSACTION_MAPPING(USER_TRANSACTION_ID,USER_ID) VALUES(1212101,12128);
INSERT INTO USER_TRANSACTION_MAPPING(USER_TRANSACTION_ID,USER_ID) VALUES(1212102,12155);
INSERT INTO USER_TRANSACTION_MAPPING(USER_TRANSACTION_ID,USER_ID) VALUES(1212103,12167);
INSERT INTO USER_TRANSACTION_MAPPING(USER_TRANSACTION_ID,USER_ID) VALUES(1212104,12147);
INSERT INTO USER_TRANSACTION_MAPPING(USER_TRANSACTION_ID,USER_ID) VALUES(1212105,12133);
INSERT INTO USER_TRANSACTION_MAPPING(USER_TRANSACTION_ID,USER_ID) VALUES(1212106,12159);
INSERT INTO USER_TRANSACTION_MAPPING(USER_TRANSACTION_ID,USER_ID) VALUES(1212107,12147);
INSERT INTO USER_TRANSACTION_MAPPING(USER_TRANSACTION_ID,USER_ID) VALUES(1212108,12169);
INSERT INTO USER_TRANSACTION_MAPPING(USER_TRANSACTION_ID,USER_ID) VALUES(1212109,12125);
INSERT INTO USER_TRANSACTION_MAPPING(USER_TRANSACTION_ID,USER_ID) VALUES(1212110,12141);
INSERT INTO USER_TRANSACTION_MAPPING(USER_TRANSACTION_ID,USER_ID) VALUES(1212111,12165);
INSERT INTO USER_TRANSACTION_MAPPING(USER_TRANSACTION_ID,USER_ID) VALUES(1212112,12126);
INSERT INTO USER_TRANSACTION_MAPPING(USER_TRANSACTION_ID,USER_ID) VALUES(1212113,12158);
INSERT INTO USER_TRANSACTION_MAPPING(USER_TRANSACTION_ID,USER_ID) VALUES(1212114,12133);
INSERT INTO USER_TRANSACTION_MAPPING(USER_TRANSACTION_ID,USER_ID) VALUES(1212116,12133);
INSERT INTO USER_TRANSACTION_MAPPING(USER_TRANSACTION_ID,USER_ID) VALUES(1212118,12132);
INSERT INTO USER_TRANSACTION_MAPPING(USER_TRANSACTION_ID,USER_ID) VALUES(1212119,12125);
INSERT INTO USER_TRANSACTION_MAPPING(USER_TRANSACTION_ID,USER_ID) VALUES(1212120,12123);
INSERT INTO USER_TRANSACTION_MAPPING(USER_TRANSACTION_ID,USER_ID) VALUES(1212122,12128);
INSERT INTO USER_TRANSACTION_MAPPING(USER_TRANSACTION_ID,USER_ID) VALUES(1212123,12153);
INSERT INTO USER_TRANSACTION_MAPPING(USER_TRANSACTION_ID,USER_ID) VALUES(1212124,12132);
INSERT INTO USER_TRANSACTION_MAPPING(USER_TRANSACTION_ID,USER_ID) VALUES(1212125,12159);
INSERT INTO USER_TRANSACTION_MAPPING(USER_TRANSACTION_ID,USER_ID) VALUES(1212126,12133);
INSERT INTO USER_TRANSACTION_MAPPING(USER_TRANSACTION_ID,USER_ID) VALUES(1212127,12162);
INSERT INTO USER_TRANSACTION_MAPPING(USER_TRANSACTION_ID,USER_ID) VALUES(1212129,12133);
INSERT INTO USER_TRANSACTION_MAPPING(USER_TRANSACTION_ID,USER_ID) VALUES(1212130,12132);
INSERT INTO USER_TRANSACTION_MAPPING(USER_TRANSACTION_ID,USER_ID) VALUES(1212131,12161);
INSERT INTO USER_TRANSACTION_MAPPING(USER_TRANSACTION_ID,USER_ID) VALUES(1212132,12131);
INSERT INTO USER_TRANSACTION_MAPPING(USER_TRANSACTION_ID,USER_ID) VALUES(1212133,12132);
INSERT INTO USER_TRANSACTION_MAPPING(USER_TRANSACTION_ID,USER_ID) VALUES(1212134,12147);
INSERT INTO USER_TRANSACTION_MAPPING(USER_TRANSACTION_ID,USER_ID) VALUES(1212135,12147);
INSERT INTO USER_TRANSACTION_MAPPING(USER_TRANSACTION_ID,USER_ID) VALUES(1212136,12161);
INSERT INTO USER_TRANSACTION_MAPPING(USER_TRANSACTION_ID,USER_ID) VALUES(1212137,12123);
INSERT INTO USER_TRANSACTION_MAPPING(USER_TRANSACTION_ID,USER_ID) VALUES(1212138,12165);
INSERT INTO USER_TRANSACTION_MAPPING(USER_TRANSACTION_ID,USER_ID) VALUES(1212139,12146);
INSERT INTO USER_TRANSACTION_MAPPING(USER_TRANSACTION_ID,USER_ID) VALUES(1212140,12138);
INSERT INTO USER_TRANSACTION_MAPPING(USER_TRANSACTION_ID,USER_ID) VALUES(1212141,12169);
INSERT INTO USER_TRANSACTION_MAPPING(USER_TRANSACTION_ID,USER_ID) VALUES(1212142,12142);
INSERT INTO USER_TRANSACTION_MAPPING(USER_TRANSACTION_ID,USER_ID) VALUES(1212143,12162);
INSERT INTO USER_TRANSACTION_MAPPING(USER_TRANSACTION_ID,USER_ID) VALUES(1212145,12165);
INSERT INTO USER_TRANSACTION_MAPPING(USER_TRANSACTION_ID,USER_ID) VALUES(1212147,12143);
INSERT INTO USER_TRANSACTION_MAPPING(USER_TRANSACTION_ID,USER_ID) VALUES(1212149,12156);
INSERT INTO USER_TRANSACTION_MAPPING(USER_TRANSACTION_ID,USER_ID) VALUES(1212150,12147);
INSERT INTO USER_TRANSACTION_MAPPING(USER_TRANSACTION_ID,USER_ID) VALUES(1212151,12159);
INSERT INTO USER_TRANSACTION_MAPPING(USER_TRANSACTION_ID,USER_ID) VALUES(1212152,12125);
INSERT INTO USER_TRANSACTION_MAPPING(USER_TRANSACTION_ID,USER_ID) VALUES(1212153,12128);
INSERT INTO USER_TRANSACTION_MAPPING(USER_TRANSACTION_ID,USER_ID) VALUES(1212154,12142);
INSERT INTO USER_TRANSACTION_MAPPING(USER_TRANSACTION_ID,USER_ID) VALUES(1212155,12161);
INSERT INTO USER_TRANSACTION_MAPPING(USER_TRANSACTION_ID,USER_ID) VALUES(1212156,12152);
INSERT INTO USER_TRANSACTION_MAPPING(USER_TRANSACTION_ID,USER_ID) VALUES(1212157,12164);
INSERT INTO USER_TRANSACTION_MAPPING(USER_TRANSACTION_ID,USER_ID) VALUES(1212158,12152);
INSERT INTO USER_TRANSACTION_MAPPING(USER_TRANSACTION_ID,USER_ID) VALUES(1212159,12147);
INSERT INTO USER_TRANSACTION_MAPPING(USER_TRANSACTION_ID,USER_ID) VALUES(1212162,12165);
INSERT INTO USER_TRANSACTION_MAPPING(USER_TRANSACTION_ID,USER_ID) VALUES(1212163,12133);
INSERT INTO USER_TRANSACTION_MAPPING(USER_TRANSACTION_ID,USER_ID) VALUES(1212164,12155);
INSERT INTO USER_TRANSACTION_MAPPING(USER_TRANSACTION_ID,USER_ID) VALUES(1212165,12147);
INSERT INTO USER_TRANSACTION_MAPPING(USER_TRANSACTION_ID,USER_ID) VALUES(1212166,12164);
INSERT INTO USER_TRANSACTION_MAPPING(USER_TRANSACTION_ID,USER_ID) VALUES(1212168,12147);
INSERT INTO USER_TRANSACTION_MAPPING(USER_TRANSACTION_ID,USER_ID) VALUES(1212170,12152);
INSERT INTO USER_TRANSACTION_MAPPING(USER_TRANSACTION_ID,USER_ID) VALUES(1212171,12166);
INSERT INTO USER_TRANSACTION_MAPPING(USER_TRANSACTION_ID,USER_ID) VALUES(1212173,12159);
INSERT INTO USER_TRANSACTION_MAPPING(USER_TRANSACTION_ID,USER_ID) VALUES(1212174,12152);
INSERT INTO USER_TRANSACTION_MAPPING(USER_TRANSACTION_ID,USER_ID) VALUES(1212175,12133);
INSERT INTO USER_TRANSACTION_MAPPING(USER_TRANSACTION_ID,USER_ID) VALUES(1212177,12130);
INSERT INTO USER_TRANSACTION_MAPPING(USER_TRANSACTION_ID,USER_ID) VALUES(1212178,12159);
INSERT INTO USER_TRANSACTION_MAPPING(USER_TRANSACTION_ID,USER_ID) VALUES(1212179,12131);
INSERT INTO USER_TRANSACTION_MAPPING(USER_TRANSACTION_ID,USER_ID) VALUES(1212180,12145);
INSERT INTO USER_TRANSACTION_MAPPING(USER_TRANSACTION_ID,USER_ID) VALUES(1212183,12149);
INSERT INTO USER_TRANSACTION_MAPPING(USER_TRANSACTION_ID,USER_ID) VALUES(1212185,12162);
INSERT INTO USER_TRANSACTION_MAPPING(USER_TRANSACTION_ID,USER_ID) VALUES(1212186,12148);
INSERT INTO USER_TRANSACTION_MAPPING(USER_TRANSACTION_ID,USER_ID) VALUES(1212187,12168);
INSERT INTO USER_TRANSACTION_MAPPING(USER_TRANSACTION_ID,USER_ID) VALUES(1212188,12164);
INSERT INTO USER_TRANSACTION_MAPPING(USER_TRANSACTION_ID,USER_ID) VALUES(1212189,12157);
INSERT INTO USER_TRANSACTION_MAPPING(USER_TRANSACTION_ID,USER_ID) VALUES(1212190,12170);
INSERT INTO USER_TRANSACTION_MAPPING(USER_TRANSACTION_ID,USER_ID) VALUES(1212191,12132);
INSERT INTO USER_TRANSACTION_MAPPING(USER_TRANSACTION_ID,USER_ID) VALUES(1212194,12130);
INSERT INTO USER_TRANSACTION_MAPPING(USER_TRANSACTION_ID,USER_ID) VALUES(1212195,12134);
INSERT INTO USER_TRANSACTION_MAPPING(USER_TRANSACTION_ID,USER_ID) VALUES(1212196,12123);
INSERT INTO USER_TRANSACTION_MAPPING(USER_TRANSACTION_ID,USER_ID) VALUES(1212197,12143);
INSERT INTO USER_TRANSACTION_MAPPING(USER_TRANSACTION_ID,USER_ID) VALUES(1212199,12136);
INSERT INTO USER_TRANSACTION_MAPPING(USER_TRANSACTION_ID,USER_ID) VALUES(1212200,12162);
INSERT INTO USER_TRANSACTION_MAPPING(USER_TRANSACTION_ID,USER_ID) VALUES(1212203,12161);
INSERT INTO USER_TRANSACTION_MAPPING(USER_TRANSACTION_ID,USER_ID) VALUES(1212204,12159);
INSERT INTO USER_TRANSACTION_MAPPING(USER_TRANSACTION_ID,USER_ID) VALUES(1212205,12132);
INSERT INTO USER_TRANSACTION_MAPPING(USER_TRANSACTION_ID,USER_ID) VALUES(1212206,12127);
INSERT INTO USER_TRANSACTION_MAPPING(USER_TRANSACTION_ID,USER_ID) VALUES(1212207,12162);
INSERT INTO USER_TRANSACTION_MAPPING(USER_TRANSACTION_ID,USER_ID) VALUES(1212208,12132);
INSERT INTO USER_TRANSACTION_MAPPING(USER_TRANSACTION_ID,USER_ID) VALUES(1212210,12164);
INSERT INTO USER_TRANSACTION_MAPPING(USER_TRANSACTION_ID,USER_ID) VALUES(1212211,12154);
INSERT INTO USER_TRANSACTION_MAPPING(USER_TRANSACTION_ID,USER_ID) VALUES(1212212,12129);
INSERT INTO USER_TRANSACTION_MAPPING(USER_TRANSACTION_ID,USER_ID) VALUES(1212213,12163);
INSERT INTO USER_TRANSACTION_MAPPING(USER_TRANSACTION_ID,USER_ID) VALUES(1212214,12128);
INSERT INTO USER_TRANSACTION_MAPPING(USER_TRANSACTION_ID,USER_ID) VALUES(1212215,12163);
INSERT INTO USER_TRANSACTION_MAPPING(USER_TRANSACTION_ID,USER_ID) VALUES(1212216,12154);
INSERT INTO USER_TRANSACTION_MAPPING(USER_TRANSACTION_ID,USER_ID) VALUES(1212217,12127);
INSERT INTO USER_TRANSACTION_MAPPING(USER_TRANSACTION_ID,USER_ID) VALUES(1212218,12162);
INSERT INTO USER_TRANSACTION_MAPPING(USER_TRANSACTION_ID,USER_ID) VALUES(1212219,12144);
INSERT INTO USER_TRANSACTION_MAPPING(USER_TRANSACTION_ID,USER_ID) VALUES(1212220,12154);
INSERT INTO USER_TRANSACTION_MAPPING(USER_TRANSACTION_ID,USER_ID) VALUES(1212221,12155);
INSERT INTO USER_TRANSACTION_MAPPING(USER_TRANSACTION_ID,USER_ID) VALUES(1212222,12162);
INSERT INTO USER_TRANSACTION_MAPPING(USER_TRANSACTION_ID,USER_ID) VALUES(1212224,12140);
INSERT INTO USER_TRANSACTION_MAPPING(USER_TRANSACTION_ID,USER_ID) VALUES(1212225,12143);
INSERT INTO USER_TRANSACTION_MAPPING(USER_TRANSACTION_ID,USER_ID) VALUES(1212226,12165);
INSERT INTO USER_TRANSACTION_MAPPING(USER_TRANSACTION_ID,USER_ID) VALUES(1212227,12164);
INSERT INTO USER_TRANSACTION_MAPPING(USER_TRANSACTION_ID,USER_ID) VALUES(1212228,12152);
INSERT INTO USER_TRANSACTION_MAPPING(USER_TRANSACTION_ID,USER_ID) VALUES(1212229,12153);
INSERT INTO USER_TRANSACTION_MAPPING(USER_TRANSACTION_ID,USER_ID) VALUES(1212230,12128);
INSERT INTO USER_TRANSACTION_MAPPING(USER_TRANSACTION_ID,USER_ID) VALUES(1212231,12125);
INSERT INTO USER_TRANSACTION_MAPPING(USER_TRANSACTION_ID,USER_ID) VALUES(1212232,12135);
INSERT INTO USER_TRANSACTION_MAPPING(USER_TRANSACTION_ID,USER_ID) VALUES(1212233,12144);
INSERT INTO USER_TRANSACTION_MAPPING(USER_TRANSACTION_ID,USER_ID) VALUES(1212235,12141);
INSERT INTO USER_TRANSACTION_MAPPING(USER_TRANSACTION_ID,USER_ID) VALUES(1212237,12148);
INSERT INTO USER_TRANSACTION_MAPPING(USER_TRANSACTION_ID,USER_ID) VALUES(1212238,12130);
INSERT INTO USER_TRANSACTION_MAPPING(USER_TRANSACTION_ID,USER_ID) VALUES(1212240,12143);
INSERT INTO USER_TRANSACTION_MAPPING(USER_TRANSACTION_ID,USER_ID) VALUES(1212241,12132);
INSERT INTO USER_TRANSACTION_MAPPING(USER_TRANSACTION_ID,USER_ID) VALUES(1212242,12141);
INSERT INTO USER_TRANSACTION_MAPPING(USER_TRANSACTION_ID,USER_ID) VALUES(1212243,12152);
INSERT INTO USER_TRANSACTION_MAPPING(USER_TRANSACTION_ID,USER_ID) VALUES(1212244,12156);
INSERT INTO USER_TRANSACTION_MAPPING(USER_TRANSACTION_ID,USER_ID) VALUES(1212245,12169);
INSERT INTO USER_TRANSACTION_MAPPING(USER_TRANSACTION_ID,USER_ID) VALUES(1212246,12147);
INSERT INTO USER_TRANSACTION_MAPPING(USER_TRANSACTION_ID,USER_ID) VALUES(1212247,12153);
INSERT INTO USER_TRANSACTION_MAPPING(USER_TRANSACTION_ID,USER_ID) VALUES(1212248,12165);
INSERT INTO USER_TRANSACTION_MAPPING(USER_TRANSACTION_ID,USER_ID) VALUES(1212249,12164);
INSERT INTO USER_TRANSACTION_MAPPING(USER_TRANSACTION_ID,USER_ID) VALUES(1212250,12168);
INSERT INTO USER_TRANSACTION_MAPPING(USER_TRANSACTION_ID,USER_ID) VALUES(1212251,12140);
INSERT INTO USER_TRANSACTION_MAPPING(USER_TRANSACTION_ID,USER_ID) VALUES(1212253,12164);
INSERT INTO USER_TRANSACTION_MAPPING(USER_TRANSACTION_ID,USER_ID) VALUES(1212254,12144);
INSERT INTO USER_TRANSACTION_MAPPING(USER_TRANSACTION_ID,USER_ID) VALUES(1212256,12149);
INSERT INTO USER_TRANSACTION_MAPPING(USER_TRANSACTION_ID,USER_ID) VALUES(1212257,12152);
INSERT INTO USER_TRANSACTION_MAPPING(USER_TRANSACTION_ID,USER_ID) VALUES(1212258,12148);
INSERT INTO USER_TRANSACTION_MAPPING(USER_TRANSACTION_ID,USER_ID) VALUES(1212260,12159);
INSERT INTO USER_TRANSACTION_MAPPING(USER_TRANSACTION_ID,USER_ID) VALUES(1212261,12129);
INSERT INTO USER_TRANSACTION_MAPPING(USER_TRANSACTION_ID,USER_ID) VALUES(1212262,12159);
INSERT INTO USER_TRANSACTION_MAPPING(USER_TRANSACTION_ID,USER_ID) VALUES(1212263,12162);
INSERT INTO USER_TRANSACTION_MAPPING(USER_TRANSACTION_ID,USER_ID) VALUES(1212264,12142);
INSERT INTO USER_TRANSACTION_MAPPING(USER_TRANSACTION_ID,USER_ID) VALUES(1212265,12144);
INSERT INTO USER_TRANSACTION_MAPPING(USER_TRANSACTION_ID,USER_ID) VALUES(1212266,12135);
INSERT INTO USER_TRANSACTION_MAPPING(USER_TRANSACTION_ID,USER_ID) VALUES(1212267,12159);
INSERT INTO USER_TRANSACTION_MAPPING(USER_TRANSACTION_ID,USER_ID) VALUES(1212268,12165);
INSERT INTO USER_TRANSACTION_MAPPING(USER_TRANSACTION_ID,USER_ID) VALUES(1212269,12146);
INSERT INTO USER_TRANSACTION_MAPPING(USER_TRANSACTION_ID,USER_ID) VALUES(1212270,12137);
INSERT INTO USER_TRANSACTION_MAPPING(USER_TRANSACTION_ID,USER_ID) VALUES(1212273,12151);
INSERT INTO USER_TRANSACTION_MAPPING(USER_TRANSACTION_ID,USER_ID) VALUES(1212274,12156);
INSERT INTO USER_TRANSACTION_MAPPING(USER_TRANSACTION_ID,USER_ID) VALUES(1212276,12126);
INSERT INTO USER_TRANSACTION_MAPPING(USER_TRANSACTION_ID,USER_ID) VALUES(1212277,12129);
INSERT INTO USER_TRANSACTION_MAPPING(USER_TRANSACTION_ID,USER_ID) VALUES(1212278,12165);
INSERT INTO USER_TRANSACTION_MAPPING(USER_TRANSACTION_ID,USER_ID) VALUES(1212280,12151);
INSERT INTO USER_TRANSACTION_MAPPING(USER_TRANSACTION_ID,USER_ID) VALUES(1212281,12128);
INSERT INTO USER_TRANSACTION_MAPPING(USER_TRANSACTION_ID,USER_ID) VALUES(1212282,12141);
INSERT INTO USER_TRANSACTION_MAPPING(USER_TRANSACTION_ID,USER_ID) VALUES(1212283,12140);
INSERT INTO USER_TRANSACTION_MAPPING(USER_TRANSACTION_ID,USER_ID) VALUES(1212284,12129);
INSERT INTO USER_TRANSACTION_MAPPING(USER_TRANSACTION_ID,USER_ID) VALUES(1212285,12140);
INSERT INTO USER_TRANSACTION_MAPPING(USER_TRANSACTION_ID,USER_ID) VALUES(1212286,12163);
INSERT INTO USER_TRANSACTION_MAPPING(USER_TRANSACTION_ID,USER_ID) VALUES(1212288,12157);
INSERT INTO USER_TRANSACTION_MAPPING(USER_TRANSACTION_ID,USER_ID) VALUES(1212289,12135);
INSERT INTO USER_TRANSACTION_MAPPING(USER_TRANSACTION_ID,USER_ID) VALUES(1212291,12170);
INSERT INTO USER_TRANSACTION_MAPPING(USER_TRANSACTION_ID,USER_ID) VALUES(1212292,12124);
INSERT INTO USER_TRANSACTION_MAPPING(USER_TRANSACTION_ID,USER_ID) VALUES(1212295,12140);
INSERT INTO USER_TRANSACTION_MAPPING(USER_TRANSACTION_ID,USER_ID) VALUES(1212296,12141);
INSERT INTO USER_TRANSACTION_MAPPING(USER_TRANSACTION_ID,USER_ID) VALUES(1212297,12149);
INSERT INTO USER_TRANSACTION_MAPPING(USER_TRANSACTION_ID,USER_ID) VALUES(1212298,12157);
INSERT INTO USER_TRANSACTION_MAPPING(USER_TRANSACTION_ID,USER_ID) VALUES(1212299,12158);
INSERT INTO USER_TRANSACTION_MAPPING(USER_TRANSACTION_ID,USER_ID) VALUES(1212300,12136);
INSERT INTO USER_TRANSACTION_MAPPING(USER_TRANSACTION_ID,USER_ID) VALUES(1212302,12163);
INSERT INTO USER_TRANSACTION_MAPPING(USER_TRANSACTION_ID,USER_ID) VALUES(1212304,12140);
INSERT INTO USER_TRANSACTION_MAPPING(USER_TRANSACTION_ID,USER_ID) VALUES(1212305,12142);
INSERT INTO USER_TRANSACTION_MAPPING(USER_TRANSACTION_ID,USER_ID) VALUES(1212306,12127);
INSERT INTO USER_TRANSACTION_MAPPING(USER_TRANSACTION_ID,USER_ID) VALUES(1212307,12165);
INSERT INTO USER_TRANSACTION_MAPPING(USER_TRANSACTION_ID,USER_ID) VALUES(1212308,12166);
INSERT INTO USER_TRANSACTION_MAPPING(USER_TRANSACTION_ID,USER_ID) VALUES(1212309,12143);
INSERT INTO USER_TRANSACTION_MAPPING(USER_TRANSACTION_ID,USER_ID) VALUES(1212310,12138);
INSERT INTO USER_TRANSACTION_MAPPING(USER_TRANSACTION_ID,USER_ID) VALUES(1212312,12144);
INSERT INTO USER_TRANSACTION_MAPPING(USER_TRANSACTION_ID,USER_ID) VALUES(1212313,12137);
INSERT INTO USER_TRANSACTION_MAPPING(USER_TRANSACTION_ID,USER_ID) VALUES(1212314,12129);
INSERT INTO USER_TRANSACTION_MAPPING(USER_TRANSACTION_ID,USER_ID) VALUES(1212315,12154);
INSERT INTO USER_TRANSACTION_MAPPING(USER_TRANSACTION_ID,USER_ID) VALUES(1212316,12155);
INSERT INTO USER_TRANSACTION_MAPPING(USER_TRANSACTION_ID,USER_ID) VALUES(1212317,12140);
INSERT INTO USER_TRANSACTION_MAPPING(USER_TRANSACTION_ID,USER_ID) VALUES(1212319,12157);
INSERT INTO USER_TRANSACTION_MAPPING(USER_TRANSACTION_ID,USER_ID) VALUES(1212320,12132);
INSERT INTO USER_TRANSACTION_MAPPING(USER_TRANSACTION_ID,USER_ID) VALUES(1212322,12133);
INSERT INTO USER_TRANSACTION_MAPPING(USER_TRANSACTION_ID,USER_ID) VALUES(1212323,12146);
INSERT INTO USER_TRANSACTION_MAPPING(USER_TRANSACTION_ID,USER_ID) VALUES(1212324,12157);
INSERT INTO USER_TRANSACTION_MAPPING(USER_TRANSACTION_ID,USER_ID) VALUES(1212325,12168);
INSERT INTO USER_TRANSACTION_MAPPING(USER_TRANSACTION_ID,USER_ID) VALUES(1212327,12155);
INSERT INTO USER_TRANSACTION_MAPPING(USER_TRANSACTION_ID,USER_ID) VALUES(1212329,12155);
INSERT INTO USER_TRANSACTION_MAPPING(USER_TRANSACTION_ID,USER_ID) VALUES(1212331,12162);
INSERT INTO USER_TRANSACTION_MAPPING(USER_TRANSACTION_ID,USER_ID) VALUES(1212332,12155);
INSERT INTO USER_TRANSACTION_MAPPING(USER_TRANSACTION_ID,USER_ID) VALUES(1212333,12156);
INSERT INTO USER_TRANSACTION_MAPPING(USER_TRANSACTION_ID,USER_ID) VALUES(1212334,12144);
INSERT INTO USER_TRANSACTION_MAPPING(USER_TRANSACTION_ID,USER_ID) VALUES(1212335,12123);
INSERT INTO USER_TRANSACTION_MAPPING(USER_TRANSACTION_ID,USER_ID) VALUES(1212336,12136);
INSERT INTO USER_TRANSACTION_MAPPING(USER_TRANSACTION_ID,USER_ID) VALUES(1212337,12141);
INSERT INTO USER_TRANSACTION_MAPPING(USER_TRANSACTION_ID,USER_ID) VALUES(1212338,12125);
INSERT INTO USER_TRANSACTION_MAPPING(USER_TRANSACTION_ID,USER_ID) VALUES(1212340,12150);
INSERT INTO USER_TRANSACTION_MAPPING(USER_TRANSACTION_ID,USER_ID) VALUES(1212341,12137);
INSERT INTO USER_TRANSACTION_MAPPING(USER_TRANSACTION_ID,USER_ID) VALUES(1212342,12161);
INSERT INTO USER_TRANSACTION_MAPPING(USER_TRANSACTION_ID,USER_ID) VALUES(1212343,12157);
INSERT INTO USER_TRANSACTION_MAPPING(USER_TRANSACTION_ID,USER_ID) VALUES(1212344,12141);
INSERT INTO USER_TRANSACTION_MAPPING(USER_TRANSACTION_ID,USER_ID) VALUES(1212345,12133);
INSERT INTO USER_TRANSACTION_MAPPING(USER_TRANSACTION_ID,USER_ID) VALUES(1212346,12155);
INSERT INTO USER_TRANSACTION_MAPPING(USER_TRANSACTION_ID,USER_ID) VALUES(1212347,12129);
INSERT INTO USER_TRANSACTION_MAPPING(USER_TRANSACTION_ID,USER_ID) VALUES(1212348,12157);
INSERT INTO USER_TRANSACTION_MAPPING(USER_TRANSACTION_ID,USER_ID) VALUES(1212349,12164);
INSERT INTO USER_TRANSACTION_MAPPING(USER_TRANSACTION_ID,USER_ID) VALUES(1212350,12169);
INSERT INTO USER_TRANSACTION_MAPPING(USER_TRANSACTION_ID,USER_ID) VALUES(1212351,12129);
INSERT INTO USER_TRANSACTION_MAPPING(USER_TRANSACTION_ID,USER_ID) VALUES(1212352,12124);
INSERT INTO USER_TRANSACTION_MAPPING(USER_TRANSACTION_ID,USER_ID) VALUES(1212353,12144);
INSERT INTO USER_TRANSACTION_MAPPING(USER_TRANSACTION_ID,USER_ID) VALUES(1212354,12128);
INSERT INTO USER_TRANSACTION_MAPPING(USER_TRANSACTION_ID,USER_ID) VALUES(1212355,12131);
INSERT INTO USER_TRANSACTION_MAPPING(USER_TRANSACTION_ID,USER_ID) VALUES(1212357,12153);
INSERT INTO USER_TRANSACTION_MAPPING(USER_TRANSACTION_ID,USER_ID) VALUES(1212358,12162);
INSERT INTO USER_TRANSACTION_MAPPING(USER_TRANSACTION_ID,USER_ID) VALUES(1212359,12168);
INSERT INTO USER_TRANSACTION_MAPPING(USER_TRANSACTION_ID,USER_ID) VALUES(1212360,12141);
INSERT INTO USER_TRANSACTION_MAPPING(USER_TRANSACTION_ID,USER_ID) VALUES(1212361,12141);
INSERT INTO USER_TRANSACTION_MAPPING(USER_TRANSACTION_ID,USER_ID) VALUES(1212363,12141);
INSERT INTO USER_TRANSACTION_MAPPING(USER_TRANSACTION_ID,USER_ID) VALUES(1212366,12129);
INSERT INTO USER_TRANSACTION_MAPPING(USER_TRANSACTION_ID,USER_ID) VALUES(1212367,12128);
INSERT INTO USER_TRANSACTION_MAPPING(USER_TRANSACTION_ID,USER_ID) VALUES(1212368,12132);
INSERT INTO USER_TRANSACTION_MAPPING(USER_TRANSACTION_ID,USER_ID) VALUES(1212369,12146);
INSERT INTO USER_TRANSACTION_MAPPING(USER_TRANSACTION_ID,USER_ID) VALUES(1212370,12146);
INSERT INTO USER_TRANSACTION_MAPPING(USER_TRANSACTION_ID,USER_ID) VALUES(1212371,12141);
INSERT INTO USER_TRANSACTION_MAPPING(USER_TRANSACTION_ID,USER_ID) VALUES(1212372,12138);
INSERT INTO USER_TRANSACTION_MAPPING(USER_TRANSACTION_ID,USER_ID) VALUES(1212373,12142);
INSERT INTO USER_TRANSACTION_MAPPING(USER_TRANSACTION_ID,USER_ID) VALUES(1212374,12156);
INSERT INTO USER_TRANSACTION_MAPPING(USER_TRANSACTION_ID,USER_ID) VALUES(1212375,12162);
INSERT INTO USER_TRANSACTION_MAPPING(USER_TRANSACTION_ID,USER_ID) VALUES(1212376,12128);
INSERT INTO USER_TRANSACTION_MAPPING(USER_TRANSACTION_ID,USER_ID) VALUES(1212377,12150);
INSERT INTO USER_TRANSACTION_MAPPING(USER_TRANSACTION_ID,USER_ID) VALUES(1212379,12126);
INSERT INTO USER_TRANSACTION_MAPPING(USER_TRANSACTION_ID,USER_ID) VALUES(1212380,12126);
INSERT INTO USER_TRANSACTION_MAPPING(USER_TRANSACTION_ID,USER_ID) VALUES(1212381,12154);
INSERT INTO USER_TRANSACTION_MAPPING(USER_TRANSACTION_ID,USER_ID) VALUES(1212382,12150);
INSERT INTO USER_TRANSACTION_MAPPING(USER_TRANSACTION_ID,USER_ID) VALUES(1212383,12141);
INSERT INTO USER_TRANSACTION_MAPPING(USER_TRANSACTION_ID,USER_ID) VALUES(1212384,12140);
INSERT INTO USER_TRANSACTION_MAPPING(USER_TRANSACTION_ID,USER_ID) VALUES(1212385,12140);
INSERT INTO USER_TRANSACTION_MAPPING(USER_TRANSACTION_ID,USER_ID) VALUES(1212386,12142);
INSERT INTO USER_TRANSACTION_MAPPING(USER_TRANSACTION_ID,USER_ID) VALUES(1212388,12152);
INSERT INTO USER_TRANSACTION_MAPPING(USER_TRANSACTION_ID,USER_ID) VALUES(1212389,12141);
INSERT INTO USER_TRANSACTION_MAPPING(USER_TRANSACTION_ID,USER_ID) VALUES(1212390,12169);
INSERT INTO USER_TRANSACTION_MAPPING(USER_TRANSACTION_ID,USER_ID) VALUES(1212391,12150);
INSERT INTO USER_TRANSACTION_MAPPING(USER_TRANSACTION_ID,USER_ID) VALUES(1212392,12141);
INSERT INTO USER_TRANSACTION_MAPPING(USER_TRANSACTION_ID,USER_ID) VALUES(1212393,12129);
INSERT INTO USER_TRANSACTION_MAPPING(USER_TRANSACTION_ID,USER_ID) VALUES(1212394,12128);
INSERT INTO USER_TRANSACTION_MAPPING(USER_TRANSACTION_ID,USER_ID) VALUES(1212396,12169);
INSERT INTO USER_TRANSACTION_MAPPING(USER_TRANSACTION_ID,USER_ID) VALUES(1212397,12147);
INSERT INTO USER_TRANSACTION_MAPPING(USER_TRANSACTION_ID,USER_ID) VALUES(1212398,12137);
INSERT INTO USER_TRANSACTION_MAPPING(USER_TRANSACTION_ID,USER_ID) VALUES(1212399,12137);
INSERT INTO USER_TRANSACTION_MAPPING(USER_TRANSACTION_ID,USER_ID) VALUES(1212400,12169);
INSERT INTO USER_TRANSACTION_MAPPING(USER_TRANSACTION_ID,USER_ID) VALUES(1212401,12164);
INSERT INTO USER_TRANSACTION_MAPPING(USER_TRANSACTION_ID,USER_ID) VALUES(1212402,12147);
INSERT INTO USER_TRANSACTION_MAPPING(USER_TRANSACTION_ID,USER_ID) VALUES(1212403,12140);
INSERT INTO USER_TRANSACTION_MAPPING(USER_TRANSACTION_ID,USER_ID) VALUES(1212404,12164);
INSERT INTO USER_TRANSACTION_MAPPING(USER_TRANSACTION_ID,USER_ID) VALUES(1212406,12157);
INSERT INTO USER_TRANSACTION_MAPPING(USER_TRANSACTION_ID,USER_ID) VALUES(1212408,12150);
INSERT INTO USER_TRANSACTION_MAPPING(USER_TRANSACTION_ID,USER_ID) VALUES(1212410,12123);
INSERT INTO USER_TRANSACTION_MAPPING(USER_TRANSACTION_ID,USER_ID) VALUES(1212411,12148);
INSERT INTO USER_TRANSACTION_MAPPING(USER_TRANSACTION_ID,USER_ID) VALUES(1212412,12136);
INSERT INTO USER_TRANSACTION_MAPPING(USER_TRANSACTION_ID,USER_ID) VALUES(1212414,12152);
INSERT INTO USER_TRANSACTION_MAPPING(USER_TRANSACTION_ID,USER_ID) VALUES(1212415,12145);
INSERT INTO USER_TRANSACTION_MAPPING(USER_TRANSACTION_ID,USER_ID) VALUES(1212416,12129);
INSERT INTO USER_TRANSACTION_MAPPING(USER_TRANSACTION_ID,USER_ID) VALUES(1212418,12157);
INSERT INTO USER_TRANSACTION_MAPPING(USER_TRANSACTION_ID,USER_ID) VALUES(1212419,12145);
INSERT INTO USER_TRANSACTION_MAPPING(USER_TRANSACTION_ID,USER_ID) VALUES(1212421,12127);
INSERT INTO USER_TRANSACTION_MAPPING(USER_TRANSACTION_ID,USER_ID) VALUES(1212422,12146);
INSERT INTO USER_TRANSACTION_MAPPING(USER_TRANSACTION_ID,USER_ID) VALUES(1212424,12124);
INSERT INTO USER_TRANSACTION_MAPPING(USER_TRANSACTION_ID,USER_ID) VALUES(1212426,12161);
INSERT INTO USER_TRANSACTION_MAPPING(USER_TRANSACTION_ID,USER_ID) VALUES(1212427,12129);
INSERT INTO USER_TRANSACTION_MAPPING(USER_TRANSACTION_ID,USER_ID) VALUES(1212428,12158);
INSERT INTO USER_TRANSACTION_MAPPING(USER_TRANSACTION_ID,USER_ID) VALUES(1212429,12148);
INSERT INTO USER_TRANSACTION_MAPPING(USER_TRANSACTION_ID,USER_ID) VALUES(1212430,12125);
INSERT INTO USER_TRANSACTION_MAPPING(USER_TRANSACTION_ID,USER_ID) VALUES(1212431,12129);
INSERT INTO USER_TRANSACTION_MAPPING(USER_TRANSACTION_ID,USER_ID) VALUES(1212432,12150);
INSERT INTO USER_TRANSACTION_MAPPING(USER_TRANSACTION_ID,USER_ID) VALUES(1212434,12126);
INSERT INTO USER_TRANSACTION_MAPPING(USER_TRANSACTION_ID,USER_ID) VALUES(1212435,12127);
INSERT INTO USER_TRANSACTION_MAPPING(USER_TRANSACTION_ID,USER_ID) VALUES(1212436,12142);
INSERT INTO USER_TRANSACTION_MAPPING(USER_TRANSACTION_ID,USER_ID) VALUES(1212437,12148);
INSERT INTO USER_TRANSACTION_MAPPING(USER_TRANSACTION_ID,USER_ID) VALUES(1212438,12122);
INSERT INTO USER_TRANSACTION_MAPPING(USER_TRANSACTION_ID,USER_ID) VALUES(1212439,12143);
INSERT INTO USER_TRANSACTION_MAPPING(USER_TRANSACTION_ID,USER_ID) VALUES(1212443,12124);
INSERT INTO USER_TRANSACTION_MAPPING(USER_TRANSACTION_ID,USER_ID) VALUES(1212445,12147);
INSERT INTO USER_TRANSACTION_MAPPING(USER_TRANSACTION_ID,USER_ID) VALUES(1212447,12158);
INSERT INTO USER_TRANSACTION_MAPPING(USER_TRANSACTION_ID,USER_ID) VALUES(1212448,12126);
INSERT INTO USER_TRANSACTION_MAPPING(USER_TRANSACTION_ID,USER_ID) VALUES(1212449,12156);
INSERT INTO USER_TRANSACTION_MAPPING(USER_TRANSACTION_ID,USER_ID) VALUES(1212450,12124);
INSERT INTO USER_TRANSACTION_MAPPING(USER_TRANSACTION_ID,USER_ID) VALUES(1212453,12159);
INSERT INTO USER_TRANSACTION_MAPPING(USER_TRANSACTION_ID,USER_ID) VALUES(1212454,12126);
INSERT INTO USER_TRANSACTION_MAPPING(USER_TRANSACTION_ID,USER_ID) VALUES(1212455,12148);
INSERT INTO USER_TRANSACTION_MAPPING(USER_TRANSACTION_ID,USER_ID) VALUES(1212456,12169);
INSERT INTO USER_TRANSACTION_MAPPING(USER_TRANSACTION_ID,USER_ID) VALUES(1212457,12136);
INSERT INTO USER_TRANSACTION_MAPPING(USER_TRANSACTION_ID,USER_ID) VALUES(1212458,12157);
INSERT INTO USER_TRANSACTION_MAPPING(USER_TRANSACTION_ID,USER_ID) VALUES(1212459,12138);
INSERT INTO USER_TRANSACTION_MAPPING(USER_TRANSACTION_ID,USER_ID) VALUES(1212460,12123);
INSERT INTO USER_TRANSACTION_MAPPING(USER_TRANSACTION_ID,USER_ID) VALUES(1212463,12163);
INSERT INTO USER_TRANSACTION_MAPPING(USER_TRANSACTION_ID,USER_ID) VALUES(1212465,12142);
INSERT INTO USER_TRANSACTION_MAPPING(USER_TRANSACTION_ID,USER_ID) VALUES(1212466,12149);
INSERT INTO USER_TRANSACTION_MAPPING(USER_TRANSACTION_ID,USER_ID) VALUES(1212467,12141);
INSERT INTO USER_TRANSACTION_MAPPING(USER_TRANSACTION_ID,USER_ID) VALUES(1212470,12163);
INSERT INTO USER_TRANSACTION_MAPPING(USER_TRANSACTION_ID,USER_ID) VALUES(1212471,12169);
INSERT INTO USER_TRANSACTION_MAPPING(USER_TRANSACTION_ID,USER_ID) VALUES(1212472,12137);
INSERT INTO USER_TRANSACTION_MAPPING(USER_TRANSACTION_ID,USER_ID) VALUES(1212473,12141);
INSERT INTO USER_TRANSACTION_MAPPING(USER_TRANSACTION_ID,USER_ID) VALUES(1212474,12143);
INSERT INTO USER_TRANSACTION_MAPPING(USER_TRANSACTION_ID,USER_ID) VALUES(1212475,12138);
INSERT INTO USER_TRANSACTION_MAPPING(USER_TRANSACTION_ID,USER_ID) VALUES(1212477,12140);
INSERT INTO USER_TRANSACTION_MAPPING(USER_TRANSACTION_ID,USER_ID) VALUES(1212478,12128);
INSERT INTO USER_TRANSACTION_MAPPING(USER_TRANSACTION_ID,USER_ID) VALUES(1212479,12169);
INSERT INTO USER_TRANSACTION_MAPPING(USER_TRANSACTION_ID,USER_ID) VALUES(1212481,12169);
INSERT INTO USER_TRANSACTION_MAPPING(USER_TRANSACTION_ID,USER_ID) VALUES(1212482,12155);
INSERT INTO USER_TRANSACTION_MAPPING(USER_TRANSACTION_ID,USER_ID) VALUES(1212484,12121);
INSERT INTO USER_TRANSACTION_MAPPING(USER_TRANSACTION_ID,USER_ID) VALUES(1212485,12122);
INSERT INTO USER_TRANSACTION_MAPPING(USER_TRANSACTION_ID,USER_ID) VALUES(1212486,12147);
INSERT INTO USER_TRANSACTION_MAPPING(USER_TRANSACTION_ID,USER_ID) VALUES(1212489,12140);
INSERT INTO USER_TRANSACTION_MAPPING(USER_TRANSACTION_ID,USER_ID) VALUES(1212491,12140);
INSERT INTO USER_TRANSACTION_MAPPING(USER_TRANSACTION_ID,USER_ID) VALUES(1212492,12163);
INSERT INTO USER_TRANSACTION_MAPPING(USER_TRANSACTION_ID,USER_ID) VALUES(1212494,12169);
INSERT INTO USER_TRANSACTION_MAPPING(USER_TRANSACTION_ID,USER_ID) VALUES(1212495,12153);
INSERT INTO USER_TRANSACTION_MAPPING(USER_TRANSACTION_ID,USER_ID) VALUES(1212496,12163);
INSERT INTO USER_TRANSACTION_MAPPING(USER_TRANSACTION_ID,USER_ID) VALUES(1212497,12148);
INSERT INTO USER_TRANSACTION_MAPPING(USER_TRANSACTION_ID,USER_ID) VALUES(1212498,12144);
INSERT INTO USER_TRANSACTION_MAPPING(USER_TRANSACTION_ID,USER_ID) VALUES(1212499,12158);
INSERT INTO USER_TRANSACTION_MAPPING(USER_TRANSACTION_ID,USER_ID) VALUES(1212500,12124);
INSERT INTO USER_TRANSACTION_MAPPING(USER_TRANSACTION_ID,USER_ID) VALUES(1212501,12165);
INSERT INTO USER_TRANSACTION_MAPPING(USER_TRANSACTION_ID,USER_ID) VALUES(1212502,12138);
INSERT INTO USER_TRANSACTION_MAPPING(USER_TRANSACTION_ID,USER_ID) VALUES(1212503,12152);
INSERT INTO USER_TRANSACTION_MAPPING(USER_TRANSACTION_ID,USER_ID) VALUES(1212504,12155);
INSERT INTO USER_TRANSACTION_MAPPING(USER_TRANSACTION_ID,USER_ID) VALUES(1212505,12135);
INSERT INTO USER_TRANSACTION_MAPPING(USER_TRANSACTION_ID,USER_ID) VALUES(1212506,12153);
INSERT INTO USER_TRANSACTION_MAPPING(USER_TRANSACTION_ID,USER_ID) VALUES(1212507,12157);
INSERT INTO USER_TRANSACTION_MAPPING(USER_TRANSACTION_ID,USER_ID) VALUES(1212508,12149);
INSERT INTO USER_TRANSACTION_MAPPING(USER_TRANSACTION_ID,USER_ID) VALUES(1212509,12145);
INSERT INTO USER_TRANSACTION_MAPPING(USER_TRANSACTION_ID,USER_ID) VALUES(1212510,12145);
INSERT INTO USER_TRANSACTION_MAPPING(USER_TRANSACTION_ID,USER_ID) VALUES(1212511,12165);
INSERT INTO USER_TRANSACTION_MAPPING(USER_TRANSACTION_ID,USER_ID) VALUES(1212512,12140);
INSERT INTO USER_TRANSACTION_MAPPING(USER_TRANSACTION_ID,USER_ID) VALUES(1212513,12147);
INSERT INTO USER_TRANSACTION_MAPPING(USER_TRANSACTION_ID,USER_ID) VALUES(1212514,12139);
INSERT INTO USER_TRANSACTION_MAPPING(USER_TRANSACTION_ID,USER_ID) VALUES(1212515,12149);
INSERT INTO USER_TRANSACTION_MAPPING(USER_TRANSACTION_ID,USER_ID) VALUES(1212516,12125);
INSERT INTO USER_TRANSACTION_MAPPING(USER_TRANSACTION_ID,USER_ID) VALUES(1212517,12138);
INSERT INTO USER_TRANSACTION_MAPPING(USER_TRANSACTION_ID,USER_ID) VALUES(1212518,12158);
INSERT INTO USER_TRANSACTION_MAPPING(USER_TRANSACTION_ID,USER_ID) VALUES(1212519,12166);
INSERT INTO USER_TRANSACTION_MAPPING(USER_TRANSACTION_ID,USER_ID) VALUES(1212520,12158);
INSERT INTO USER_TRANSACTION_MAPPING(USER_TRANSACTION_ID,USER_ID) VALUES(1212521,12161);
INSERT INTO USER_TRANSACTION_MAPPING(USER_TRANSACTION_ID,USER_ID) VALUES(1212522,12126);
INSERT INTO USER_TRANSACTION_MAPPING(USER_TRANSACTION_ID,USER_ID) VALUES(1212523,12122);
INSERT INTO USER_TRANSACTION_MAPPING(USER_TRANSACTION_ID,USER_ID) VALUES(1212524,12121);
INSERT INTO USER_TRANSACTION_MAPPING(USER_TRANSACTION_ID,USER_ID) VALUES(1212526,12140);
INSERT INTO USER_TRANSACTION_MAPPING(USER_TRANSACTION_ID,USER_ID) VALUES(1212527,12140);
INSERT INTO USER_TRANSACTION_MAPPING(USER_TRANSACTION_ID,USER_ID) VALUES(1212528,12148);
INSERT INTO USER_TRANSACTION_MAPPING(USER_TRANSACTION_ID,USER_ID) VALUES(1212529,12137);
INSERT INTO USER_TRANSACTION_MAPPING(USER_TRANSACTION_ID,USER_ID) VALUES(1212530,12159);
INSERT INTO USER_TRANSACTION_MAPPING(USER_TRANSACTION_ID,USER_ID) VALUES(1212531,12137);
INSERT INTO USER_TRANSACTION_MAPPING(USER_TRANSACTION_ID,USER_ID) VALUES(1212533,12150);
INSERT INTO USER_TRANSACTION_MAPPING(USER_TRANSACTION_ID,USER_ID) VALUES(1212534,12124);
INSERT INTO USER_TRANSACTION_MAPPING(USER_TRANSACTION_ID,USER_ID) VALUES(1212535,12146);
INSERT INTO USER_TRANSACTION_MAPPING(USER_TRANSACTION_ID,USER_ID) VALUES(1212536,12136);
INSERT INTO USER_TRANSACTION_MAPPING(USER_TRANSACTION_ID,USER_ID) VALUES(1212537,12139);
INSERT INTO USER_TRANSACTION_MAPPING(USER_TRANSACTION_ID,USER_ID) VALUES(1212538,12160);
INSERT INTO USER_TRANSACTION_MAPPING(USER_TRANSACTION_ID,USER_ID) VALUES(1212539,12146);
INSERT INTO USER_TRANSACTION_MAPPING(USER_TRANSACTION_ID,USER_ID) VALUES(1212541,12164);
INSERT INTO USER_TRANSACTION_MAPPING(USER_TRANSACTION_ID,USER_ID) VALUES(1212542,12133);
INSERT INTO USER_TRANSACTION_MAPPING(USER_TRANSACTION_ID,USER_ID) VALUES(1212543,12130);
INSERT INTO USER_TRANSACTION_MAPPING(USER_TRANSACTION_ID,USER_ID) VALUES(1212545,12130);
INSERT INTO USER_TRANSACTION_MAPPING(USER_TRANSACTION_ID,USER_ID) VALUES(1212547,12148);
INSERT INTO USER_TRANSACTION_MAPPING(USER_TRANSACTION_ID,USER_ID) VALUES(1212548,12124);
INSERT INTO USER_TRANSACTION_MAPPING(USER_TRANSACTION_ID,USER_ID) VALUES(1212549,12127);
INSERT INTO USER_TRANSACTION_MAPPING(USER_TRANSACTION_ID,USER_ID) VALUES(1212550,12153);
INSERT INTO USER_TRANSACTION_MAPPING(USER_TRANSACTION_ID,USER_ID) VALUES(1212551,12146);
INSERT INTO USER_TRANSACTION_MAPPING(USER_TRANSACTION_ID,USER_ID) VALUES(1212552,12165);
INSERT INTO USER_TRANSACTION_MAPPING(USER_TRANSACTION_ID,USER_ID) VALUES(1212553,12163);
INSERT INTO USER_TRANSACTION_MAPPING(USER_TRANSACTION_ID,USER_ID) VALUES(1212554,12137);
INSERT INTO USER_TRANSACTION_MAPPING(USER_TRANSACTION_ID,USER_ID) VALUES(1212556,12121);
INSERT INTO USER_TRANSACTION_MAPPING(USER_TRANSACTION_ID,USER_ID) VALUES(1212557,12137);
INSERT INTO USER_TRANSACTION_MAPPING(USER_TRANSACTION_ID,USER_ID) VALUES(1212558,12137);
INSERT INTO USER_TRANSACTION_MAPPING(USER_TRANSACTION_ID,USER_ID) VALUES(1212561,12156);
INSERT INTO USER_TRANSACTION_MAPPING(USER_TRANSACTION_ID,USER_ID) VALUES(1212562,12135);
INSERT INTO USER_TRANSACTION_MAPPING(USER_TRANSACTION_ID,USER_ID) VALUES(1212563,12169);
INSERT INTO USER_TRANSACTION_MAPPING(USER_TRANSACTION_ID,USER_ID) VALUES(1212565,12127);
INSERT INTO USER_TRANSACTION_MAPPING(USER_TRANSACTION_ID,USER_ID) VALUES(1212566,12125);
INSERT INTO USER_TRANSACTION_MAPPING(USER_TRANSACTION_ID,USER_ID) VALUES(1212567,12145);
INSERT INTO USER_TRANSACTION_MAPPING(USER_TRANSACTION_ID,USER_ID) VALUES(1212568,12160);
INSERT INTO USER_TRANSACTION_MAPPING(USER_TRANSACTION_ID,USER_ID) VALUES(1212569,12141);
INSERT INTO USER_TRANSACTION_MAPPING(USER_TRANSACTION_ID,USER_ID) VALUES(1212570,12155);
INSERT INTO USER_TRANSACTION_MAPPING(USER_TRANSACTION_ID,USER_ID) VALUES(1212571,12130);
INSERT INTO USER_TRANSACTION_MAPPING(USER_TRANSACTION_ID,USER_ID) VALUES(1212573,12153);
INSERT INTO USER_TRANSACTION_MAPPING(USER_TRANSACTION_ID,USER_ID) VALUES(1212574,12133);
INSERT INTO USER_TRANSACTION_MAPPING(USER_TRANSACTION_ID,USER_ID) VALUES(1212575,12125);
INSERT INTO USER_TRANSACTION_MAPPING(USER_TRANSACTION_ID,USER_ID) VALUES(1212576,12161);
INSERT INTO USER_TRANSACTION_MAPPING(USER_TRANSACTION_ID,USER_ID) VALUES(1212577,12156);
INSERT INTO USER_TRANSACTION_MAPPING(USER_TRANSACTION_ID,USER_ID) VALUES(1212579,12162);
INSERT INTO USER_TRANSACTION_MAPPING(USER_TRANSACTION_ID,USER_ID) VALUES(1212582,12133);
INSERT INTO USER_TRANSACTION_MAPPING(USER_TRANSACTION_ID,USER_ID) VALUES(1212584,12155);
INSERT INTO USER_TRANSACTION_MAPPING(USER_TRANSACTION_ID,USER_ID) VALUES(1212585,12133);
INSERT INTO USER_TRANSACTION_MAPPING(USER_TRANSACTION_ID,USER_ID) VALUES(1212586,12124);
INSERT INTO USER_TRANSACTION_MAPPING(USER_TRANSACTION_ID,USER_ID) VALUES(1212587,12163);
INSERT INTO USER_TRANSACTION_MAPPING(USER_TRANSACTION_ID,USER_ID) VALUES(1212588,12170);
INSERT INTO USER_TRANSACTION_MAPPING(USER_TRANSACTION_ID,USER_ID) VALUES(1212589,12125);
INSERT INTO USER_TRANSACTION_MAPPING(USER_TRANSACTION_ID,USER_ID) VALUES(1212590,12158);
INSERT INTO USER_TRANSACTION_MAPPING(USER_TRANSACTION_ID,USER_ID) VALUES(1212591,12155);
INSERT INTO USER_TRANSACTION_MAPPING(USER_TRANSACTION_ID,USER_ID) VALUES(1212592,12152);
INSERT INTO USER_TRANSACTION_MAPPING(USER_TRANSACTION_ID,USER_ID) VALUES(1212593,12129);
INSERT INTO USER_TRANSACTION_MAPPING(USER_TRANSACTION_ID,USER_ID) VALUES(1212594,12149);
INSERT INTO USER_TRANSACTION_MAPPING(USER_TRANSACTION_ID,USER_ID) VALUES(1212598,12148);
INSERT INTO USER_TRANSACTION_MAPPING(USER_TRANSACTION_ID,USER_ID) VALUES(1212599,12121);
INSERT INTO USER_TRANSACTION_MAPPING(USER_TRANSACTION_ID,USER_ID) VALUES(1212600,12162);
INSERT INTO USER_TRANSACTION_MAPPING(USER_TRANSACTION_ID,USER_ID) VALUES(1212602,12151);
INSERT INTO USER_TRANSACTION_MAPPING(USER_TRANSACTION_ID,USER_ID) VALUES(1212603,12167);
INSERT INTO USER_TRANSACTION_MAPPING(USER_TRANSACTION_ID,USER_ID) VALUES(1212604,12165);
INSERT INTO USER_TRANSACTION_MAPPING(USER_TRANSACTION_ID,USER_ID) VALUES(1212605,12166);
INSERT INTO USER_TRANSACTION_MAPPING(USER_TRANSACTION_ID,USER_ID) VALUES(1212607,12150);
INSERT INTO USER_TRANSACTION_MAPPING(USER_TRANSACTION_ID,USER_ID) VALUES(1212608,12166);
INSERT INTO USER_TRANSACTION_MAPPING(USER_TRANSACTION_ID,USER_ID) VALUES(1212609,12148);
INSERT INTO USER_TRANSACTION_MAPPING(USER_TRANSACTION_ID,USER_ID) VALUES(1212610,12128);
INSERT INTO USER_TRANSACTION_MAPPING(USER_TRANSACTION_ID,USER_ID) VALUES(1212611,12149);
INSERT INTO USER_TRANSACTION_MAPPING(USER_TRANSACTION_ID,USER_ID) VALUES(1212612,12128);
INSERT INTO USER_TRANSACTION_MAPPING(USER_TRANSACTION_ID,USER_ID) VALUES(1212613,12145);
INSERT INTO USER_TRANSACTION_MAPPING(USER_TRANSACTION_ID,USER_ID) VALUES(1212614,12154);
INSERT INTO USER_TRANSACTION_MAPPING(USER_TRANSACTION_ID,USER_ID) VALUES(1212615,12149);
INSERT INTO USER_TRANSACTION_MAPPING(USER_TRANSACTION_ID,USER_ID) VALUES(1212616,12170);
INSERT INTO USER_TRANSACTION_MAPPING(USER_TRANSACTION_ID,USER_ID) VALUES(1212617,12166);
INSERT INTO USER_TRANSACTION_MAPPING(USER_TRANSACTION_ID,USER_ID) VALUES(1212618,12149);
INSERT INTO USER_TRANSACTION_MAPPING(USER_TRANSACTION_ID,USER_ID) VALUES(1212620,12122);
INSERT INTO USER_TRANSACTION_MAPPING(USER_TRANSACTION_ID,USER_ID) VALUES(1212621,12165);
INSERT INTO USER_TRANSACTION_MAPPING(USER_TRANSACTION_ID,USER_ID) VALUES(1212622,12126);
INSERT INTO USER_TRANSACTION_MAPPING(USER_TRANSACTION_ID,USER_ID) VALUES(1212623,12141);
INSERT INTO USER_TRANSACTION_MAPPING(USER_TRANSACTION_ID,USER_ID) VALUES(1212624,12152);
INSERT INTO USER_TRANSACTION_MAPPING(USER_TRANSACTION_ID,USER_ID) VALUES(1212626,12143);
INSERT INTO USER_TRANSACTION_MAPPING(USER_TRANSACTION_ID,USER_ID) VALUES(1212627,12140);
INSERT INTO USER_TRANSACTION_MAPPING(USER_TRANSACTION_ID,USER_ID) VALUES(1212628,12163);
INSERT INTO USER_TRANSACTION_MAPPING(USER_TRANSACTION_ID,USER_ID) VALUES(1212629,12162);
INSERT INTO USER_TRANSACTION_MAPPING(USER_TRANSACTION_ID,USER_ID) VALUES(1212630,12139);
INSERT INTO USER_TRANSACTION_MAPPING(USER_TRANSACTION_ID,USER_ID) VALUES(1212632,12126);
INSERT INTO USER_TRANSACTION_MAPPING(USER_TRANSACTION_ID,USER_ID) VALUES(1212633,12156);
INSERT INTO USER_TRANSACTION_MAPPING(USER_TRANSACTION_ID,USER_ID) VALUES(1212634,12132);
INSERT INTO USER_TRANSACTION_MAPPING(USER_TRANSACTION_ID,USER_ID) VALUES(1212635,12138);
INSERT INTO USER_TRANSACTION_MAPPING(USER_TRANSACTION_ID,USER_ID) VALUES(1212636,12129);
INSERT INTO USER_TRANSACTION_MAPPING(USER_TRANSACTION_ID,USER_ID) VALUES(1212637,12160);
INSERT INTO USER_TRANSACTION_MAPPING(USER_TRANSACTION_ID,USER_ID) VALUES(1212638,12128);
INSERT INTO USER_TRANSACTION_MAPPING(USER_TRANSACTION_ID,USER_ID) VALUES(1212639,12169);
INSERT INTO USER_TRANSACTION_MAPPING(USER_TRANSACTION_ID,USER_ID) VALUES(1212640,12155);
INSERT INTO USER_TRANSACTION_MAPPING(USER_TRANSACTION_ID,USER_ID) VALUES(1212643,12133);
INSERT INTO USER_TRANSACTION_MAPPING(USER_TRANSACTION_ID,USER_ID) VALUES(1212645,12154);
INSERT INTO USER_TRANSACTION_MAPPING(USER_TRANSACTION_ID,USER_ID) VALUES(1212646,12123);
INSERT INTO USER_TRANSACTION_MAPPING(USER_TRANSACTION_ID,USER_ID) VALUES(1212647,12149);
INSERT INTO USER_TRANSACTION_MAPPING(USER_TRANSACTION_ID,USER_ID) VALUES(1212648,12158);
INSERT INTO USER_TRANSACTION_MAPPING(USER_TRANSACTION_ID,USER_ID) VALUES(1212651,12140);
INSERT INTO USER_TRANSACTION_MAPPING(USER_TRANSACTION_ID,USER_ID) VALUES(1212653,12160);
INSERT INTO USER_TRANSACTION_MAPPING(USER_TRANSACTION_ID,USER_ID) VALUES(1212654,12121);
INSERT INTO USER_TRANSACTION_MAPPING(USER_TRANSACTION_ID,USER_ID) VALUES(1212655,12122);
INSERT INTO USER_TRANSACTION_MAPPING(USER_TRANSACTION_ID,USER_ID) VALUES(1212657,12145);
INSERT INTO USER_TRANSACTION_MAPPING(USER_TRANSACTION_ID,USER_ID) VALUES(1212659,12123);
INSERT INTO USER_TRANSACTION_MAPPING(USER_TRANSACTION_ID,USER_ID) VALUES(1212660,12170);
INSERT INTO USER_TRANSACTION_MAPPING(USER_TRANSACTION_ID,USER_ID) VALUES(1212661,12150);
INSERT INTO USER_TRANSACTION_MAPPING(USER_TRANSACTION_ID,USER_ID) VALUES(1212662,12167);
INSERT INTO USER_TRANSACTION_MAPPING(USER_TRANSACTION_ID,USER_ID) VALUES(1212663,12143);
INSERT INTO USER_TRANSACTION_MAPPING(USER_TRANSACTION_ID,USER_ID) VALUES(1212664,12153);
INSERT INTO USER_TRANSACTION_MAPPING(USER_TRANSACTION_ID,USER_ID) VALUES(1212665,12142);
INSERT INTO USER_TRANSACTION_MAPPING(USER_TRANSACTION_ID,USER_ID) VALUES(1212666,12144);
INSERT INTO USER_TRANSACTION_MAPPING(USER_TRANSACTION_ID,USER_ID) VALUES(1212667,12152);
INSERT INTO USER_TRANSACTION_MAPPING(USER_TRANSACTION_ID,USER_ID) VALUES(1212668,12130);
INSERT INTO USER_TRANSACTION_MAPPING(USER_TRANSACTION_ID,USER_ID) VALUES(1212670,12145);
INSERT INTO USER_TRANSACTION_MAPPING(USER_TRANSACTION_ID,USER_ID) VALUES(1212672,12142);
INSERT INTO USER_TRANSACTION_MAPPING(USER_TRANSACTION_ID,USER_ID) VALUES(1212673,12165);
INSERT INTO USER_TRANSACTION_MAPPING(USER_TRANSACTION_ID,USER_ID) VALUES(1212675,12148);
INSERT INTO USER_TRANSACTION_MAPPING(USER_TRANSACTION_ID,USER_ID) VALUES(1212676,12160);
INSERT INTO USER_TRANSACTION_MAPPING(USER_TRANSACTION_ID,USER_ID) VALUES(1212677,12144);
INSERT INTO USER_TRANSACTION_MAPPING(USER_TRANSACTION_ID,USER_ID) VALUES(1212678,12162);
INSERT INTO USER_TRANSACTION_MAPPING(USER_TRANSACTION_ID,USER_ID) VALUES(1212679,12156);
INSERT INTO USER_TRANSACTION_MAPPING(USER_TRANSACTION_ID,USER_ID) VALUES(1212680,12131);
INSERT INTO USER_TRANSACTION_MAPPING(USER_TRANSACTION_ID,USER_ID) VALUES(1212681,12142);
INSERT INTO USER_TRANSACTION_MAPPING(USER_TRANSACTION_ID,USER_ID) VALUES(1212683,12165);
INSERT INTO USER_TRANSACTION_MAPPING(USER_TRANSACTION_ID,USER_ID) VALUES(1212685,12144);
INSERT INTO USER_TRANSACTION_MAPPING(USER_TRANSACTION_ID,USER_ID) VALUES(1212688,12156);
INSERT INTO USER_TRANSACTION_MAPPING(USER_TRANSACTION_ID,USER_ID) VALUES(1212690,12126);
INSERT INTO USER_TRANSACTION_MAPPING(USER_TRANSACTION_ID,USER_ID) VALUES(1212692,12160);
INSERT INTO USER_TRANSACTION_MAPPING(USER_TRANSACTION_ID,USER_ID) VALUES(1212693,12144);
INSERT INTO USER_TRANSACTION_MAPPING(USER_TRANSACTION_ID,USER_ID) VALUES(1212694,12159);
INSERT INTO USER_TRANSACTION_MAPPING(USER_TRANSACTION_ID,USER_ID) VALUES(1212695,12149);
INSERT INTO USER_TRANSACTION_MAPPING(USER_TRANSACTION_ID,USER_ID) VALUES(1212696,12150);
INSERT INTO USER_TRANSACTION_MAPPING(USER_TRANSACTION_ID,USER_ID) VALUES(1212698,12145);
INSERT INTO USER_TRANSACTION_MAPPING(USER_TRANSACTION_ID,USER_ID) VALUES(1212699,12167);
INSERT INTO USER_TRANSACTION_MAPPING(USER_TRANSACTION_ID,USER_ID) VALUES(1212700,12144);
INSERT INTO USER_TRANSACTION_MAPPING(USER_TRANSACTION_ID,USER_ID) VALUES(1212701,12158);
INSERT INTO USER_TRANSACTION_MAPPING(USER_TRANSACTION_ID,USER_ID) VALUES(1212702,12155);
INSERT INTO USER_TRANSACTION_MAPPING(USER_TRANSACTION_ID,USER_ID) VALUES(1212704,12141);
INSERT INTO USER_TRANSACTION_MAPPING(USER_TRANSACTION_ID,USER_ID) VALUES(1212706,12169);
INSERT INTO USER_TRANSACTION_MAPPING(USER_TRANSACTION_ID,USER_ID) VALUES(1212707,12151);
INSERT INTO USER_TRANSACTION_MAPPING(USER_TRANSACTION_ID,USER_ID) VALUES(1212708,12126);
INSERT INTO USER_TRANSACTION_MAPPING(USER_TRANSACTION_ID,USER_ID) VALUES(1212709,12139);
INSERT INTO USER_TRANSACTION_MAPPING(USER_TRANSACTION_ID,USER_ID) VALUES(1212710,12122);
INSERT INTO USER_TRANSACTION_MAPPING(USER_TRANSACTION_ID,USER_ID) VALUES(1212711,12156);
INSERT INTO USER_TRANSACTION_MAPPING(USER_TRANSACTION_ID,USER_ID) VALUES(1212712,12121);
INSERT INTO USER_TRANSACTION_MAPPING(USER_TRANSACTION_ID,USER_ID) VALUES(1212713,12140);
INSERT INTO USER_TRANSACTION_MAPPING(USER_TRANSACTION_ID,USER_ID) VALUES(1212714,12164);
INSERT INTO USER_TRANSACTION_MAPPING(USER_TRANSACTION_ID,USER_ID) VALUES(1212715,12164);
INSERT INTO USER_TRANSACTION_MAPPING(USER_TRANSACTION_ID,USER_ID) VALUES(1212716,12144);
INSERT INTO USER_TRANSACTION_MAPPING(USER_TRANSACTION_ID,USER_ID) VALUES(1212717,12156);
INSERT INTO USER_TRANSACTION_MAPPING(USER_TRANSACTION_ID,USER_ID) VALUES(1212718,12168);
INSERT INTO USER_TRANSACTION_MAPPING(USER_TRANSACTION_ID,USER_ID) VALUES(1212720,12141);
INSERT INTO USER_TRANSACTION_MAPPING(USER_TRANSACTION_ID,USER_ID) VALUES(1212721,12148);
INSERT INTO USER_TRANSACTION_MAPPING(USER_TRANSACTION_ID,USER_ID) VALUES(1212722,12121);
INSERT INTO USER_TRANSACTION_MAPPING(USER_TRANSACTION_ID,USER_ID) VALUES(1212723,12152);
INSERT INTO USER_TRANSACTION_MAPPING(USER_TRANSACTION_ID,USER_ID) VALUES(1212724,12124);
INSERT INTO USER_TRANSACTION_MAPPING(USER_TRANSACTION_ID,USER_ID) VALUES(1212725,12121);
INSERT INTO USER_TRANSACTION_MAPPING(USER_TRANSACTION_ID,USER_ID) VALUES(1212726,12156);
INSERT INTO USER_TRANSACTION_MAPPING(USER_TRANSACTION_ID,USER_ID) VALUES(1212727,12121);
INSERT INTO USER_TRANSACTION_MAPPING(USER_TRANSACTION_ID,USER_ID) VALUES(1212728,12170);
INSERT INTO USER_TRANSACTION_MAPPING(USER_TRANSACTION_ID,USER_ID) VALUES(1212730,12142);
INSERT INTO USER_TRANSACTION_MAPPING(USER_TRANSACTION_ID,USER_ID) VALUES(1212731,12122);
INSERT INTO USER_TRANSACTION_MAPPING(USER_TRANSACTION_ID,USER_ID) VALUES(1212732,12142);
INSERT INTO USER_TRANSACTION_MAPPING(USER_TRANSACTION_ID,USER_ID) VALUES(1212733,12131);
INSERT INTO USER_TRANSACTION_MAPPING(USER_TRANSACTION_ID,USER_ID) VALUES(1212734,12122);
INSERT INTO USER_TRANSACTION_MAPPING(USER_TRANSACTION_ID,USER_ID) VALUES(1212736,12141);
INSERT INTO USER_TRANSACTION_MAPPING(USER_TRANSACTION_ID,USER_ID) VALUES(1212739,12157);
INSERT INTO USER_TRANSACTION_MAPPING(USER_TRANSACTION_ID,USER_ID) VALUES(1212740,12125);
INSERT INTO USER_TRANSACTION_MAPPING(USER_TRANSACTION_ID,USER_ID) VALUES(1212741,12150);
INSERT INTO USER_TRANSACTION_MAPPING(USER_TRANSACTION_ID,USER_ID) VALUES(1212742,12141);
INSERT INTO USER_TRANSACTION_MAPPING(USER_TRANSACTION_ID,USER_ID) VALUES(1212744,12164);
INSERT INTO USER_TRANSACTION_MAPPING(USER_TRANSACTION_ID,USER_ID) VALUES(1212745,12155);
INSERT INTO USER_TRANSACTION_MAPPING(USER_TRANSACTION_ID,USER_ID) VALUES(1212746,12165);
INSERT INTO USER_TRANSACTION_MAPPING(USER_TRANSACTION_ID,USER_ID) VALUES(1212747,12163);
INSERT INTO USER_TRANSACTION_MAPPING(USER_TRANSACTION_ID,USER_ID) VALUES(1212749,12156);
INSERT INTO USER_TRANSACTION_MAPPING(USER_TRANSACTION_ID,USER_ID) VALUES(1212750,12152);
INSERT INTO USER_TRANSACTION_MAPPING(USER_TRANSACTION_ID,USER_ID) VALUES(1212751,12136);
INSERT INTO USER_TRANSACTION_MAPPING(USER_TRANSACTION_ID,USER_ID) VALUES(1212753,12134);
INSERT INTO USER_TRANSACTION_MAPPING(USER_TRANSACTION_ID,USER_ID) VALUES(1212754,12127);
INSERT INTO USER_TRANSACTION_MAPPING(USER_TRANSACTION_ID,USER_ID) VALUES(1212755,12147);
INSERT INTO USER_TRANSACTION_MAPPING(USER_TRANSACTION_ID,USER_ID) VALUES(1212756,12165);
INSERT INTO USER_TRANSACTION_MAPPING(USER_TRANSACTION_ID,USER_ID) VALUES(1212757,12169);
INSERT INTO USER_TRANSACTION_MAPPING(USER_TRANSACTION_ID,USER_ID) VALUES(1212758,12163);
INSERT INTO USER_TRANSACTION_MAPPING(USER_TRANSACTION_ID,USER_ID) VALUES(1212759,12139);
INSERT INTO USER_TRANSACTION_MAPPING(USER_TRANSACTION_ID,USER_ID) VALUES(1212760,12170);
INSERT INTO USER_TRANSACTION_MAPPING(USER_TRANSACTION_ID,USER_ID) VALUES(1212761,12123);
INSERT INTO USER_TRANSACTION_MAPPING(USER_TRANSACTION_ID,USER_ID) VALUES(1212763,12134);
INSERT INTO USER_TRANSACTION_MAPPING(USER_TRANSACTION_ID,USER_ID) VALUES(1212767,12154);
INSERT INTO USER_TRANSACTION_MAPPING(USER_TRANSACTION_ID,USER_ID) VALUES(1212768,12147);
INSERT INTO USER_TRANSACTION_MAPPING(USER_TRANSACTION_ID,USER_ID) VALUES(1212769,12121);
INSERT INTO USER_TRANSACTION_MAPPING(USER_TRANSACTION_ID,USER_ID) VALUES(1212770,12124);
INSERT INTO USER_TRANSACTION_MAPPING(USER_TRANSACTION_ID,USER_ID) VALUES(1212771,12146);
INSERT INTO USER_TRANSACTION_MAPPING(USER_TRANSACTION_ID,USER_ID) VALUES(1212772,12135);
INSERT INTO USER_TRANSACTION_MAPPING(USER_TRANSACTION_ID,USER_ID) VALUES(1212773,12142);
INSERT INTO USER_TRANSACTION_MAPPING(USER_TRANSACTION_ID,USER_ID) VALUES(1212774,12123);
INSERT INTO USER_TRANSACTION_MAPPING(USER_TRANSACTION_ID,USER_ID) VALUES(1212775,12135);
INSERT INTO USER_TRANSACTION_MAPPING(USER_TRANSACTION_ID,USER_ID) VALUES(1212776,12131);
INSERT INTO USER_TRANSACTION_MAPPING(USER_TRANSACTION_ID,USER_ID) VALUES(1212777,12149);
INSERT INTO USER_TRANSACTION_MAPPING(USER_TRANSACTION_ID,USER_ID) VALUES(1212778,12151);
INSERT INTO USER_TRANSACTION_MAPPING(USER_TRANSACTION_ID,USER_ID) VALUES(1212779,12130);
INSERT INTO USER_TRANSACTION_MAPPING(USER_TRANSACTION_ID,USER_ID) VALUES(1212780,12135);
INSERT INTO USER_TRANSACTION_MAPPING(USER_TRANSACTION_ID,USER_ID) VALUES(1212782,12134);
INSERT INTO USER_TRANSACTION_MAPPING(USER_TRANSACTION_ID,USER_ID) VALUES(1212783,12137);
INSERT INTO USER_TRANSACTION_MAPPING(USER_TRANSACTION_ID,USER_ID) VALUES(1212784,12131);
INSERT INTO USER_TRANSACTION_MAPPING(USER_TRANSACTION_ID,USER_ID) VALUES(1212785,12166);
INSERT INTO USER_TRANSACTION_MAPPING(USER_TRANSACTION_ID,USER_ID) VALUES(1212786,12130);
INSERT INTO USER_TRANSACTION_MAPPING(USER_TRANSACTION_ID,USER_ID) VALUES(1212787,12122);

INSERT INTO MERCHANT_TRANSACTION(MERCHANT_TRANSACTION_ID,AMOUNT,TRANSACTION_DATE_TIME,PAYMENT_TYPE_ID,REMARKS,INFO,TRANSACTION_STATUS, MERCHANT_ID) VALUES(1212024, 364.26, SYSDATE()-INTERVAL 1609 DAY, 5, 'C', 'money recieved from valentine@infy.com', 'SUCCESS', 1011);
INSERT INTO MERCHANT_TRANSACTION(MERCHANT_TRANSACTION_ID,AMOUNT,TRANSACTION_DATE_TIME,PAYMENT_TYPE_ID,REMARKS,INFO,TRANSACTION_STATUS, MERCHANT_ID) VALUES(1212027, 493.87, SYSDATE()-INTERVAL 1605 DAY, 5, 'C', 'money recieved from leota@infy.com', 'SUCCESS', 1003);
INSERT INTO MERCHANT_TRANSACTION(MERCHANT_TRANSACTION_ID,AMOUNT,TRANSACTION_DATE_TIME,PAYMENT_TYPE_ID,REMARKS,INFO,TRANSACTION_STATUS, MERCHANT_ID) VALUES(1212031, 718.14, SYSDATE()-INTERVAL 1596 DAY, 5, 'C', 'money recieved from lavera@infy.com', 'SUCCESS', 1015);
INSERT INTO MERCHANT_TRANSACTION(MERCHANT_TRANSACTION_ID,AMOUNT,TRANSACTION_DATE_TIME,PAYMENT_TYPE_ID,REMARKS,INFO,TRANSACTION_STATUS, MERCHANT_ID) VALUES(1212038, 29.52, SYSDATE()-INTERVAL 1579 DAY, 5, 'C', 'money recieved from willard@infy.com', 'SUCCESS', 1011);
INSERT INTO MERCHANT_TRANSACTION(MERCHANT_TRANSACTION_ID,AMOUNT,TRANSACTION_DATE_TIME,PAYMENT_TYPE_ID,REMARKS,INFO,TRANSACTION_STATUS, MERCHANT_ID) VALUES(1212056, 311.33, SYSDATE()-INTERVAL 1543 DAY, 5, 'C', 'money recieved from francine@infy.com', 'SUCCESS', 1012);
INSERT INTO MERCHANT_TRANSACTION(MERCHANT_TRANSACTION_ID,AMOUNT,TRANSACTION_DATE_TIME,PAYMENT_TYPE_ID,REMARKS,INFO,TRANSACTION_STATUS, MERCHANT_ID) VALUES(1212062, 3.25, SYSDATE()-INTERVAL 1535 DAY, 5, 'C', 'money recieved from ernie@infy.com', 'SUCCESS', 1017);
INSERT INTO MERCHANT_TRANSACTION(MERCHANT_TRANSACTION_ID,AMOUNT,TRANSACTION_DATE_TIME,PAYMENT_TYPE_ID,REMARKS,INFO,TRANSACTION_STATUS, MERCHANT_ID) VALUES(1212072, 218.2, SYSDATE()-INTERVAL 1512 DAY, 5, 'C', 'money recieved from leota@infy.com', 'SUCCESS', 1010);
INSERT INTO MERCHANT_TRANSACTION(MERCHANT_TRANSACTION_ID,AMOUNT,TRANSACTION_DATE_TIME,PAYMENT_TYPE_ID,REMARKS,INFO,TRANSACTION_STATUS, MERCHANT_ID) VALUES(1212079, 213.2, SYSDATE()-INTERVAL 1506 DAY, 5, 'C', 'money recieved from kiley@infy.com', 'SUCCESS', 1006);
INSERT INTO MERCHANT_TRANSACTION(MERCHANT_TRANSACTION_ID,AMOUNT,TRANSACTION_DATE_TIME,PAYMENT_TYPE_ID,REMARKS,INFO,TRANSACTION_STATUS, MERCHANT_ID) VALUES(1212085, 474.55, SYSDATE()-INTERVAL 1496 DAY, 5, 'C', 'money recieved from mattie@infy.com', 'SUCCESS', 1021);
INSERT INTO MERCHANT_TRANSACTION(MERCHANT_TRANSACTION_ID,AMOUNT,TRANSACTION_DATE_TIME,PAYMENT_TYPE_ID,REMARKS,INFO,TRANSACTION_STATUS, MERCHANT_ID) VALUES(1212088, 885.03, SYSDATE()-INTERVAL 1493 DAY, 5, 'C', 'money recieved from fletcher@infy.com', 'SUCCESS', 1005);
INSERT INTO MERCHANT_TRANSACTION(MERCHANT_TRANSACTION_ID,AMOUNT,TRANSACTION_DATE_TIME,PAYMENT_TYPE_ID,REMARKS,INFO,TRANSACTION_STATUS, MERCHANT_ID) VALUES(1212098, 578.3, SYSDATE()-INTERVAL 1479 DAY, 5, 'C', 'money recieved from fatima@infy.com', 'SUCCESS', 1002);
INSERT INTO MERCHANT_TRANSACTION(MERCHANT_TRANSACTION_ID,AMOUNT,TRANSACTION_DATE_TIME,PAYMENT_TYPE_ID,REMARKS,INFO,TRANSACTION_STATUS, MERCHANT_ID) VALUES(1212099, 151.84, SYSDATE()-INTERVAL 1476 DAY, 7, 'D', 'money deposited to bank', 'SUCCESS', 1010);
INSERT INTO MERCHANT_TRANSACTION(MERCHANT_TRANSACTION_ID,AMOUNT,TRANSACTION_DATE_TIME,PAYMENT_TYPE_ID,REMARKS,INFO,TRANSACTION_STATUS, MERCHANT_ID) VALUES(1212115, 648.91, SYSDATE()-INTERVAL 1440 DAY, 5, 'C', 'money recieved from kiley@infy.com', 'SUCCESS', 1001);
INSERT INTO MERCHANT_TRANSACTION(MERCHANT_TRANSACTION_ID,AMOUNT,TRANSACTION_DATE_TIME,PAYMENT_TYPE_ID,REMARKS,INFO,TRANSACTION_STATUS, MERCHANT_ID) VALUES(1212117, 71.64, SYSDATE()-INTERVAL 1436 DAY, 5, 'C', 'money recieved from kiley@infy.com', 'SUCCESS', 1002);
INSERT INTO MERCHANT_TRANSACTION(MERCHANT_TRANSACTION_ID,AMOUNT,TRANSACTION_DATE_TIME,PAYMENT_TYPE_ID,REMARKS,INFO,TRANSACTION_STATUS, MERCHANT_ID) VALUES(1212121, 428.67, SYSDATE()-INTERVAL 1425 DAY, 5, 'C', 'money recieved from art@infy.com', 'SUCCESS', 1021);
INSERT INTO MERCHANT_TRANSACTION(MERCHANT_TRANSACTION_ID,AMOUNT,TRANSACTION_DATE_TIME,PAYMENT_TYPE_ID,REMARKS,INFO,TRANSACTION_STATUS, MERCHANT_ID) VALUES(1212128, 81.43, SYSDATE()-INTERVAL 1403 DAY, 7, 'D', 'money deposited to bank', 'SUCCESS', 1002);
INSERT INTO MERCHANT_TRANSACTION(MERCHANT_TRANSACTION_ID,AMOUNT,TRANSACTION_DATE_TIME,PAYMENT_TYPE_ID,REMARKS,INFO,TRANSACTION_STATUS, MERCHANT_ID) VALUES(1212144, 397.23, SYSDATE()-INTERVAL 1358 DAY, 7, 'D', 'money deposited to bank', 'SUCCESS', 1015);
INSERT INTO MERCHANT_TRANSACTION(MERCHANT_TRANSACTION_ID,AMOUNT,TRANSACTION_DATE_TIME,PAYMENT_TYPE_ID,REMARKS,INFO,TRANSACTION_STATUS, MERCHANT_ID) VALUES(1212146, 254.4, SYSDATE()-INTERVAL 1355 DAY, 5, 'C', 'money recieved from erick@infy.com', 'SUCCESS', 1012);
INSERT INTO MERCHANT_TRANSACTION(MERCHANT_TRANSACTION_ID,AMOUNT,TRANSACTION_DATE_TIME,PAYMENT_TYPE_ID,REMARKS,INFO,TRANSACTION_STATUS, MERCHANT_ID) VALUES(1212148, 359.11, SYSDATE()-INTERVAL 1350 DAY, 5, 'C', 'money recieved from willard@infy.com', 'SUCCESS', 1020);
INSERT INTO MERCHANT_TRANSACTION(MERCHANT_TRANSACTION_ID,AMOUNT,TRANSACTION_DATE_TIME,PAYMENT_TYPE_ID,REMARKS,INFO,TRANSACTION_STATUS, MERCHANT_ID) VALUES(1212160, 377.76, SYSDATE()-INTERVAL 1324 DAY, 5, 'C', 'money recieved from chanel@infy.com', 'SUCCESS', 1003);
INSERT INTO MERCHANT_TRANSACTION(MERCHANT_TRANSACTION_ID,AMOUNT,TRANSACTION_DATE_TIME,PAYMENT_TYPE_ID,REMARKS,INFO,TRANSACTION_STATUS, MERCHANT_ID) VALUES(1212161, 776.44, SYSDATE()-INTERVAL 1323 DAY, 7, 'D', 'money deposited to bank', 'SUCCESS', 1005);
INSERT INTO MERCHANT_TRANSACTION(MERCHANT_TRANSACTION_ID,AMOUNT,TRANSACTION_DATE_TIME,PAYMENT_TYPE_ID,REMARKS,INFO,TRANSACTION_STATUS, MERCHANT_ID) VALUES(1212167, 239.75, SYSDATE()-INTERVAL 1303 DAY, 7, 'D', 'money deposited to bank', 'SUCCESS', 1012);
INSERT INTO MERCHANT_TRANSACTION(MERCHANT_TRANSACTION_ID,AMOUNT,TRANSACTION_DATE_TIME,PAYMENT_TYPE_ID,REMARKS,INFO,TRANSACTION_STATUS, MERCHANT_ID) VALUES(1212169, 92.07, SYSDATE()-INTERVAL 1301 DAY, 5, 'C', 'money recieved from chanel@infy.com', 'SUCCESS', 1019);
INSERT INTO MERCHANT_TRANSACTION(MERCHANT_TRANSACTION_ID,AMOUNT,TRANSACTION_DATE_TIME,PAYMENT_TYPE_ID,REMARKS,INFO,TRANSACTION_STATUS, MERCHANT_ID) VALUES(1212172, 66.43, SYSDATE()-INTERVAL 1294 DAY, 5, 'C', 'money recieved from fatima@infy.com', 'SUCCESS', 1014);
INSERT INTO MERCHANT_TRANSACTION(MERCHANT_TRANSACTION_ID,AMOUNT,TRANSACTION_DATE_TIME,PAYMENT_TYPE_ID,REMARKS,INFO,TRANSACTION_STATUS, MERCHANT_ID) VALUES(1212176, 283.91, SYSDATE()-INTERVAL 1283 DAY, 5, 'C', 'money recieved from kiley@infy.com', 'SUCCESS', 1019);
INSERT INTO MERCHANT_TRANSACTION(MERCHANT_TRANSACTION_ID,AMOUNT,TRANSACTION_DATE_TIME,PAYMENT_TYPE_ID,REMARKS,INFO,TRANSACTION_STATUS, MERCHANT_ID) VALUES(1212181, 451.66, SYSDATE()-INTERVAL 1268 DAY, 5, 'C', 'money recieved from alisha@infy.com', 'SUCCESS', 1013);
INSERT INTO MERCHANT_TRANSACTION(MERCHANT_TRANSACTION_ID,AMOUNT,TRANSACTION_DATE_TIME,PAYMENT_TYPE_ID,REMARKS,INFO,TRANSACTION_STATUS, MERCHANT_ID) VALUES(1212182, 215.17, SYSDATE()-INTERVAL 1265 DAY, 7, 'D', 'money deposited to bank', 'SUCCESS', 1020);
INSERT INTO MERCHANT_TRANSACTION(MERCHANT_TRANSACTION_ID,AMOUNT,TRANSACTION_DATE_TIME,PAYMENT_TYPE_ID,REMARKS,INFO,TRANSACTION_STATUS, MERCHANT_ID) VALUES(1212184, 73.57, SYSDATE()-INTERVAL 1263 DAY, 5, 'C', 'money recieved from willow@infy.com', 'SUCCESS', 1008);
INSERT INTO MERCHANT_TRANSACTION(MERCHANT_TRANSACTION_ID,AMOUNT,TRANSACTION_DATE_TIME,PAYMENT_TYPE_ID,REMARKS,INFO,TRANSACTION_STATUS, MERCHANT_ID) VALUES(1212192, 59.85, SYSDATE()-INTERVAL 1255 DAY, 5, 'C', 'money recieved from abel@infy.com', 'SUCCESS', 1002);
INSERT INTO MERCHANT_TRANSACTION(MERCHANT_TRANSACTION_ID,AMOUNT,TRANSACTION_DATE_TIME,PAYMENT_TYPE_ID,REMARKS,INFO,TRANSACTION_STATUS, MERCHANT_ID) VALUES(1212193, 584.65, SYSDATE()-INTERVAL 1252 DAY, 7, 'D', 'money deposited to bank', 'SUCCESS', 1002);
INSERT INTO MERCHANT_TRANSACTION(MERCHANT_TRANSACTION_ID,AMOUNT,TRANSACTION_DATE_TIME,PAYMENT_TYPE_ID,REMARKS,INFO,TRANSACTION_STATUS, MERCHANT_ID) VALUES(1212198, 598.86, SYSDATE()-INTERVAL 1248 DAY, 5, 'C', 'money recieved from willard@infy.com', 'SUCCESS', 1005);
INSERT INTO MERCHANT_TRANSACTION(MERCHANT_TRANSACTION_ID,AMOUNT,TRANSACTION_DATE_TIME,PAYMENT_TYPE_ID,REMARKS,INFO,TRANSACTION_STATUS, MERCHANT_ID) VALUES(1212201, 429.54, SYSDATE()-INTERVAL 1245 DAY, 5, 'C', 'money recieved from dyan@infy.com', 'SUCCESS', 1005);
INSERT INTO MERCHANT_TRANSACTION(MERCHANT_TRANSACTION_ID,AMOUNT,TRANSACTION_DATE_TIME,PAYMENT_TYPE_ID,REMARKS,INFO,TRANSACTION_STATUS, MERCHANT_ID) VALUES(1212202, 249.95, SYSDATE()-INTERVAL 1240 DAY, 7, 'D', 'money deposited to bank', 'SUCCESS', 1012);
INSERT INTO MERCHANT_TRANSACTION(MERCHANT_TRANSACTION_ID,AMOUNT,TRANSACTION_DATE_TIME,PAYMENT_TYPE_ID,REMARKS,INFO,TRANSACTION_STATUS, MERCHANT_ID) VALUES(1212209, 400.01, SYSDATE()-INTERVAL 1227 DAY, 5, 'C', 'money recieved from abel@infy.com', 'SUCCESS', 1013);
INSERT INTO MERCHANT_TRANSACTION(MERCHANT_TRANSACTION_ID,AMOUNT,TRANSACTION_DATE_TIME,PAYMENT_TYPE_ID,REMARKS,INFO,TRANSACTION_STATUS, MERCHANT_ID) VALUES(1212223, 841.48, SYSDATE()-INTERVAL 1193 DAY, 7, 'D', 'money deposited to bank', 'SUCCESS', 1005);
INSERT INTO MERCHANT_TRANSACTION(MERCHANT_TRANSACTION_ID,AMOUNT,TRANSACTION_DATE_TIME,PAYMENT_TYPE_ID,REMARKS,INFO,TRANSACTION_STATUS, MERCHANT_ID) VALUES(1212234, 155.75, SYSDATE()-INTERVAL 1163 DAY, 7, 'D', 'money deposited to bank', 'SUCCESS', 1013);
INSERT INTO MERCHANT_TRANSACTION(MERCHANT_TRANSACTION_ID,AMOUNT,TRANSACTION_DATE_TIME,PAYMENT_TYPE_ID,REMARKS,INFO,TRANSACTION_STATUS, MERCHANT_ID) VALUES(1212236, 225.99, SYSDATE()-INTERVAL 1156 DAY, 7, 'D', 'money deposited to bank', 'SUCCESS', 1015);
INSERT INTO MERCHANT_TRANSACTION(MERCHANT_TRANSACTION_ID,AMOUNT,TRANSACTION_DATE_TIME,PAYMENT_TYPE_ID,REMARKS,INFO,TRANSACTION_STATUS, MERCHANT_ID) VALUES(1212239, 642.66, SYSDATE()-INTERVAL 1151 DAY, 5, 'C', 'money recieved from kris@infy.com', 'SUCCESS', 1014);
INSERT INTO MERCHANT_TRANSACTION(MERCHANT_TRANSACTION_ID,AMOUNT,TRANSACTION_DATE_TIME,PAYMENT_TYPE_ID,REMARKS,INFO,TRANSACTION_STATUS, MERCHANT_ID) VALUES(1212252, 500.35, SYSDATE()-INTERVAL 1129 DAY, 5, 'C', 'money recieved from fletcher@infy.com', 'SUCCESS', 1016);
INSERT INTO MERCHANT_TRANSACTION(MERCHANT_TRANSACTION_ID,AMOUNT,TRANSACTION_DATE_TIME,PAYMENT_TYPE_ID,REMARKS,INFO,TRANSACTION_STATUS, MERCHANT_ID) VALUES(1212255, 162.37, SYSDATE()-INTERVAL 1122 DAY, 7, 'D', 'money deposited to bank', 'SUCCESS', 1001);
INSERT INTO MERCHANT_TRANSACTION(MERCHANT_TRANSACTION_ID,AMOUNT,TRANSACTION_DATE_TIME,PAYMENT_TYPE_ID,REMARKS,INFO,TRANSACTION_STATUS, MERCHANT_ID) VALUES(1212259, 152.03, SYSDATE()-INTERVAL 1112 DAY, 5, 'C', 'money recieved from ezekiel@infy.com', 'SUCCESS', 1010);
INSERT INTO MERCHANT_TRANSACTION(MERCHANT_TRANSACTION_ID,AMOUNT,TRANSACTION_DATE_TIME,PAYMENT_TYPE_ID,REMARKS,INFO,TRANSACTION_STATUS, MERCHANT_ID) VALUES(1212271, 86.88, SYSDATE()-INTERVAL 1086 DAY, 5, 'C', 'money recieved from meaghan@infy.com', 'SUCCESS', 1016);
INSERT INTO MERCHANT_TRANSACTION(MERCHANT_TRANSACTION_ID,AMOUNT,TRANSACTION_DATE_TIME,PAYMENT_TYPE_ID,REMARKS,INFO,TRANSACTION_STATUS, MERCHANT_ID) VALUES(1212272, 101.23, SYSDATE()-INTERVAL 1085 DAY, 7, 'D', 'money deposited to bank', 'SUCCESS', 1021);
INSERT INTO MERCHANT_TRANSACTION(MERCHANT_TRANSACTION_ID,AMOUNT,TRANSACTION_DATE_TIME,PAYMENT_TYPE_ID,REMARKS,INFO,TRANSACTION_STATUS, MERCHANT_ID) VALUES(1212275, 178.91, SYSDATE()-INTERVAL 1078 DAY, 7, 'D', 'money deposited to bank', 'SUCCESS', 1006);
INSERT INTO MERCHANT_TRANSACTION(MERCHANT_TRANSACTION_ID,AMOUNT,TRANSACTION_DATE_TIME,PAYMENT_TYPE_ID,REMARKS,INFO,TRANSACTION_STATUS, MERCHANT_ID) VALUES(1212279, 800.02, SYSDATE()-INTERVAL 1069 DAY, 5, 'C', 'money recieved from erick@infy.com', 'SUCCESS', 1018);
INSERT INTO MERCHANT_TRANSACTION(MERCHANT_TRANSACTION_ID,AMOUNT,TRANSACTION_DATE_TIME,PAYMENT_TYPE_ID,REMARKS,INFO,TRANSACTION_STATUS, MERCHANT_ID) VALUES(1212287, 42.79, SYSDATE()-INTERVAL 1047 DAY, 7, 'D', 'money deposited to bank', 'SUCCESS', 1011);
INSERT INTO MERCHANT_TRANSACTION(MERCHANT_TRANSACTION_ID,AMOUNT,TRANSACTION_DATE_TIME,PAYMENT_TYPE_ID,REMARKS,INFO,TRANSACTION_STATUS, MERCHANT_ID) VALUES(1212290, 81.39, SYSDATE()-INTERVAL 1036 DAY, 7, 'D', 'money deposited to bank', 'SUCCESS', 1011);
INSERT INTO MERCHANT_TRANSACTION(MERCHANT_TRANSACTION_ID,AMOUNT,TRANSACTION_DATE_TIME,PAYMENT_TYPE_ID,REMARKS,INFO,TRANSACTION_STATUS, MERCHANT_ID) VALUES(1212293, 574.15, SYSDATE()-INTERVAL 1028 DAY, 7, 'D', 'money deposited to bank', 'SUCCESS', 1013);
INSERT INTO MERCHANT_TRANSACTION(MERCHANT_TRANSACTION_ID,AMOUNT,TRANSACTION_DATE_TIME,PAYMENT_TYPE_ID,REMARKS,INFO,TRANSACTION_STATUS, MERCHANT_ID) VALUES(1212294, 194.89, SYSDATE()-INTERVAL 1027 DAY, 7, 'D', 'money deposited to bank', 'SUCCESS', 1021);
INSERT INTO MERCHANT_TRANSACTION(MERCHANT_TRANSACTION_ID,AMOUNT,TRANSACTION_DATE_TIME,PAYMENT_TYPE_ID,REMARKS,INFO,TRANSACTION_STATUS, MERCHANT_ID) VALUES(1212301, 193.08, SYSDATE()-INTERVAL 1015 DAY, 5, 'C', 'money recieved from mattie@infy.com', 'SUCCESS', 1021);
INSERT INTO MERCHANT_TRANSACTION(MERCHANT_TRANSACTION_ID,AMOUNT,TRANSACTION_DATE_TIME,PAYMENT_TYPE_ID,REMARKS,INFO,TRANSACTION_STATUS, MERCHANT_ID) VALUES(1212303, 446.27, SYSDATE()-INTERVAL 1011 DAY, 5, 'C', 'money recieved from roxane@infy.com', 'SUCCESS', 1009);
INSERT INTO MERCHANT_TRANSACTION(MERCHANT_TRANSACTION_ID,AMOUNT,TRANSACTION_DATE_TIME,PAYMENT_TYPE_ID,REMARKS,INFO,TRANSACTION_STATUS, MERCHANT_ID) VALUES(1212311, 405.01, SYSDATE()-INTERVAL 993 DAY, 7, 'D', 'money deposited to bank', 'SUCCESS', 1014);
INSERT INTO MERCHANT_TRANSACTION(MERCHANT_TRANSACTION_ID,AMOUNT,TRANSACTION_DATE_TIME,PAYMENT_TYPE_ID,REMARKS,INFO,TRANSACTION_STATUS, MERCHANT_ID) VALUES(1212318, 727.45, SYSDATE()-INTERVAL 980 DAY, 7, 'D', 'money deposited to bank', 'SUCCESS', 1018);
INSERT INTO MERCHANT_TRANSACTION(MERCHANT_TRANSACTION_ID,AMOUNT,TRANSACTION_DATE_TIME,PAYMENT_TYPE_ID,REMARKS,INFO,TRANSACTION_STATUS, MERCHANT_ID) VALUES(1212321, 855.2, SYSDATE()-INTERVAL 973 DAY, 5, 'C', 'money recieved from abel@infy.com', 'SUCCESS', 1000);
INSERT INTO MERCHANT_TRANSACTION(MERCHANT_TRANSACTION_ID,AMOUNT,TRANSACTION_DATE_TIME,PAYMENT_TYPE_ID,REMARKS,INFO,TRANSACTION_STATUS, MERCHANT_ID) VALUES(1212326, 609.8, SYSDATE()-INTERVAL 961 DAY, 5, 'C', 'money recieved from kanisha@infy.com', 'SUCCESS', 1003);
INSERT INTO MERCHANT_TRANSACTION(MERCHANT_TRANSACTION_ID,AMOUNT,TRANSACTION_DATE_TIME,PAYMENT_TYPE_ID,REMARKS,INFO,TRANSACTION_STATUS, MERCHANT_ID) VALUES(1212328, 764.89, SYSDATE()-INTERVAL 959 DAY, 5, 'C', 'money recieved from alishia@infy.com', 'SUCCESS', 1013);
INSERT INTO MERCHANT_TRANSACTION(MERCHANT_TRANSACTION_ID,AMOUNT,TRANSACTION_DATE_TIME,PAYMENT_TYPE_ID,REMARKS,INFO,TRANSACTION_STATUS, MERCHANT_ID) VALUES(1212330, 18.31, SYSDATE()-INTERVAL 958 DAY, 5, 'C', 'money recieved from alishia@infy.com', 'SUCCESS', 1001);
INSERT INTO MERCHANT_TRANSACTION(MERCHANT_TRANSACTION_ID,AMOUNT,TRANSACTION_DATE_TIME,PAYMENT_TYPE_ID,REMARKS,INFO,TRANSACTION_STATUS, MERCHANT_ID) VALUES(1212339, 347.22, SYSDATE()-INTERVAL 936 DAY, 7, 'D', 'money deposited to bank', 'SUCCESS', 1013);
INSERT INTO MERCHANT_TRANSACTION(MERCHANT_TRANSACTION_ID,AMOUNT,TRANSACTION_DATE_TIME,PAYMENT_TYPE_ID,REMARKS,INFO,TRANSACTION_STATUS, MERCHANT_ID) VALUES(1212356, 67.9, SYSDATE()-INTERVAL 904 DAY, 7, 'D', 'money deposited to bank', 'SUCCESS', 1011);
INSERT INTO MERCHANT_TRANSACTION(MERCHANT_TRANSACTION_ID,AMOUNT,TRANSACTION_DATE_TIME,PAYMENT_TYPE_ID,REMARKS,INFO,TRANSACTION_STATUS, MERCHANT_ID) VALUES(1212362, 137.99, SYSDATE()-INTERVAL 888 DAY, 5, 'C', 'money recieved from bette@infy.com', 'SUCCESS', 1013);
INSERT INTO MERCHANT_TRANSACTION(MERCHANT_TRANSACTION_ID,AMOUNT,TRANSACTION_DATE_TIME,PAYMENT_TYPE_ID,REMARKS,INFO,TRANSACTION_STATUS, MERCHANT_ID) VALUES(1212364, 356.89, SYSDATE()-INTERVAL 885 DAY, 5, 'C', 'money recieved from bette@infy.com', 'SUCCESS', 1013);
INSERT INTO MERCHANT_TRANSACTION(MERCHANT_TRANSACTION_ID,AMOUNT,TRANSACTION_DATE_TIME,PAYMENT_TYPE_ID,REMARKS,INFO,TRANSACTION_STATUS, MERCHANT_ID) VALUES(1212365, 830.8, SYSDATE()-INTERVAL 882 DAY, 7, 'D', 'money deposited to bank', 'SUCCESS', 1003);
INSERT INTO MERCHANT_TRANSACTION(MERCHANT_TRANSACTION_ID,AMOUNT,TRANSACTION_DATE_TIME,PAYMENT_TYPE_ID,REMARKS,INFO,TRANSACTION_STATUS, MERCHANT_ID) VALUES(1212378, 740.86, SYSDATE()-INTERVAL 856 DAY, 5, 'C', 'money recieved from bernardo@infy.com', 'SUCCESS', 1008);
INSERT INTO MERCHANT_TRANSACTION(MERCHANT_TRANSACTION_ID,AMOUNT,TRANSACTION_DATE_TIME,PAYMENT_TYPE_ID,REMARKS,INFO,TRANSACTION_STATUS, MERCHANT_ID) VALUES(1212387, 1.95, SYSDATE()-INTERVAL 841 DAY, 7, 'D', 'money deposited to bank', 'SUCCESS', 1003);
INSERT INTO MERCHANT_TRANSACTION(MERCHANT_TRANSACTION_ID,AMOUNT,TRANSACTION_DATE_TIME,PAYMENT_TYPE_ID,REMARKS,INFO,TRANSACTION_STATUS, MERCHANT_ID) VALUES(1212395, 665.32, SYSDATE()-INTERVAL 829 DAY, 5, 'C', 'money recieved from leota@infy.com', 'SUCCESS', 1004);
INSERT INTO MERCHANT_TRANSACTION(MERCHANT_TRANSACTION_ID,AMOUNT,TRANSACTION_DATE_TIME,PAYMENT_TYPE_ID,REMARKS,INFO,TRANSACTION_STATUS, MERCHANT_ID) VALUES(1212405, 429.49, SYSDATE()-INTERVAL 807 DAY, 5, 'C', 'money recieved from lavera@infy.com', 'SUCCESS', 1005);
INSERT INTO MERCHANT_TRANSACTION(MERCHANT_TRANSACTION_ID,AMOUNT,TRANSACTION_DATE_TIME,PAYMENT_TYPE_ID,REMARKS,INFO,TRANSACTION_STATUS, MERCHANT_ID) VALUES(1212407, 437.11, SYSDATE()-INTERVAL 802 DAY, 5, 'C', 'money recieved from jose@infy.com', 'SUCCESS', 1016);
INSERT INTO MERCHANT_TRANSACTION(MERCHANT_TRANSACTION_ID,AMOUNT,TRANSACTION_DATE_TIME,PAYMENT_TYPE_ID,REMARKS,INFO,TRANSACTION_STATUS, MERCHANT_ID) VALUES(1212409, 3.23, SYSDATE()-INTERVAL 797 DAY, 5, 'C', 'money recieved from bernardo@infy.com', 'SUCCESS', 1013);
INSERT INTO MERCHANT_TRANSACTION(MERCHANT_TRANSACTION_ID,AMOUNT,TRANSACTION_DATE_TIME,PAYMENT_TYPE_ID,REMARKS,INFO,TRANSACTION_STATUS, MERCHANT_ID) VALUES(1212413, 52.43, SYSDATE()-INTERVAL 788 DAY, 7, 'D', 'money deposited to bank', 'SUCCESS', 1011);
INSERT INTO MERCHANT_TRANSACTION(MERCHANT_TRANSACTION_ID,AMOUNT,TRANSACTION_DATE_TIME,PAYMENT_TYPE_ID,REMARKS,INFO,TRANSACTION_STATUS, MERCHANT_ID) VALUES(1212417, 143.33, SYSDATE()-INTERVAL 782 DAY, 5, 'C', 'money recieved from sage@infy.com', 'SUCCESS', 1004);
INSERT INTO MERCHANT_TRANSACTION(MERCHANT_TRANSACTION_ID,AMOUNT,TRANSACTION_DATE_TIME,PAYMENT_TYPE_ID,REMARKS,INFO,TRANSACTION_STATUS, MERCHANT_ID) VALUES(1212420, 528.36, SYSDATE()-INTERVAL 778 DAY, 7, 'D', 'money deposited to bank', 'SUCCESS', 1000);
INSERT INTO MERCHANT_TRANSACTION(MERCHANT_TRANSACTION_ID,AMOUNT,TRANSACTION_DATE_TIME,PAYMENT_TYPE_ID,REMARKS,INFO,TRANSACTION_STATUS, MERCHANT_ID) VALUES(1212423, 332.41, SYSDATE()-INTERVAL 771 DAY, 5, 'C', 'money recieved from allene@infy.com', 'SUCCESS', 1011);
INSERT INTO MERCHANT_TRANSACTION(MERCHANT_TRANSACTION_ID,AMOUNT,TRANSACTION_DATE_TIME,PAYMENT_TYPE_ID,REMARKS,INFO,TRANSACTION_STATUS, MERCHANT_ID) VALUES(1212425, 984.45, SYSDATE()-INTERVAL 766 DAY, 5, 'C', 'money recieved from lenna@infy.com', 'SUCCESS', 1009);
INSERT INTO MERCHANT_TRANSACTION(MERCHANT_TRANSACTION_ID,AMOUNT,TRANSACTION_DATE_TIME,PAYMENT_TYPE_ID,REMARKS,INFO,TRANSACTION_STATUS, MERCHANT_ID) VALUES(1212433, 149.7, SYSDATE()-INTERVAL 746 DAY, 5, 'C', 'money recieved from bernardo@infy.com', 'SUCCESS', 1006);
INSERT INTO MERCHANT_TRANSACTION(MERCHANT_TRANSACTION_ID,AMOUNT,TRANSACTION_DATE_TIME,PAYMENT_TYPE_ID,REMARKS,INFO,TRANSACTION_STATUS, MERCHANT_ID) VALUES(1212440, 275.53, SYSDATE()-INTERVAL 726 DAY, 7, 'D', 'money deposited to bank', 'SUCCESS', 1019);
INSERT INTO MERCHANT_TRANSACTION(MERCHANT_TRANSACTION_ID,AMOUNT,TRANSACTION_DATE_TIME,PAYMENT_TYPE_ID,REMARKS,INFO,TRANSACTION_STATUS, MERCHANT_ID) VALUES(1212441, 79.71, SYSDATE()-INTERVAL 722 DAY, 7, 'D', 'money deposited to bank', 'SUCCESS', 1001);
INSERT INTO MERCHANT_TRANSACTION(MERCHANT_TRANSACTION_ID,AMOUNT,TRANSACTION_DATE_TIME,PAYMENT_TYPE_ID,REMARKS,INFO,TRANSACTION_STATUS, MERCHANT_ID) VALUES(1212442, 957.05, SYSDATE()-INTERVAL 720 DAY, 7, 'D', 'money deposited to bank', 'SUCCESS', 1016);
INSERT INTO MERCHANT_TRANSACTION(MERCHANT_TRANSACTION_ID,AMOUNT,TRANSACTION_DATE_TIME,PAYMENT_TYPE_ID,REMARKS,INFO,TRANSACTION_STATUS, MERCHANT_ID) VALUES(1212444, 189.04, SYSDATE()-INTERVAL 717 DAY, 5, 'C', 'money recieved from lenna@infy.com', 'SUCCESS', 1012);
INSERT INTO MERCHANT_TRANSACTION(MERCHANT_TRANSACTION_ID,AMOUNT,TRANSACTION_DATE_TIME,PAYMENT_TYPE_ID,REMARKS,INFO,TRANSACTION_STATUS, MERCHANT_ID) VALUES(1212446, 284.85, SYSDATE()-INTERVAL 713 DAY, 5, 'C', 'money recieved from chanel@infy.com', 'SUCCESS', 1020);
INSERT INTO MERCHANT_TRANSACTION(MERCHANT_TRANSACTION_ID,AMOUNT,TRANSACTION_DATE_TIME,PAYMENT_TYPE_ID,REMARKS,INFO,TRANSACTION_STATUS, MERCHANT_ID) VALUES(1212451, 179.79, SYSDATE()-INTERVAL 705 DAY, 7, 'D', 'money deposited to bank', 'SUCCESS', 1021);
INSERT INTO MERCHANT_TRANSACTION(MERCHANT_TRANSACTION_ID,AMOUNT,TRANSACTION_DATE_TIME,PAYMENT_TYPE_ID,REMARKS,INFO,TRANSACTION_STATUS, MERCHANT_ID) VALUES(1212452, 469.75, SYSDATE()-INTERVAL 701 DAY, 7, 'D', 'money deposited to bank', 'SUCCESS', 1013);
INSERT INTO MERCHANT_TRANSACTION(MERCHANT_TRANSACTION_ID,AMOUNT,TRANSACTION_DATE_TIME,PAYMENT_TYPE_ID,REMARKS,INFO,TRANSACTION_STATUS, MERCHANT_ID) VALUES(1212461, 36.15, SYSDATE()-INTERVAL 678 DAY, 5, 'C', 'money recieved from art@infy.com', 'SUCCESS', 1005);
INSERT INTO MERCHANT_TRANSACTION(MERCHANT_TRANSACTION_ID,AMOUNT,TRANSACTION_DATE_TIME,PAYMENT_TYPE_ID,REMARKS,INFO,TRANSACTION_STATUS, MERCHANT_ID) VALUES(1212462, 13.93, SYSDATE()-INTERVAL 677 DAY, 7, 'D', 'money deposited to bank', 'SUCCESS', 1003);
INSERT INTO MERCHANT_TRANSACTION(MERCHANT_TRANSACTION_ID,AMOUNT,TRANSACTION_DATE_TIME,PAYMENT_TYPE_ID,REMARKS,INFO,TRANSACTION_STATUS, MERCHANT_ID) VALUES(1212464, 79.56, SYSDATE()-INTERVAL 673 DAY, 5, 'C', 'money recieved from roxane@infy.com', 'SUCCESS', 1021);
INSERT INTO MERCHANT_TRANSACTION(MERCHANT_TRANSACTION_ID,AMOUNT,TRANSACTION_DATE_TIME,PAYMENT_TYPE_ID,REMARKS,INFO,TRANSACTION_STATUS, MERCHANT_ID) VALUES(1212468, 439.96, SYSDATE()-INTERVAL 669 DAY, 5, 'C', 'money recieved from bette@infy.com', 'SUCCESS', 1014);
INSERT INTO MERCHANT_TRANSACTION(MERCHANT_TRANSACTION_ID,AMOUNT,TRANSACTION_DATE_TIME,PAYMENT_TYPE_ID,REMARKS,INFO,TRANSACTION_STATUS, MERCHANT_ID) VALUES(1212469, 62.9, SYSDATE()-INTERVAL 666 DAY, 7, 'D', 'money deposited to bank', 'SUCCESS', 1012);
INSERT INTO MERCHANT_TRANSACTION(MERCHANT_TRANSACTION_ID,AMOUNT,TRANSACTION_DATE_TIME,PAYMENT_TYPE_ID,REMARKS,INFO,TRANSACTION_STATUS, MERCHANT_ID) VALUES(1212476, 418.11, SYSDATE()-INTERVAL 643 DAY, 7, 'D', 'money deposited to bank', 'SUCCESS', 1014);
INSERT INTO MERCHANT_TRANSACTION(MERCHANT_TRANSACTION_ID,AMOUNT,TRANSACTION_DATE_TIME,PAYMENT_TYPE_ID,REMARKS,INFO,TRANSACTION_STATUS, MERCHANT_ID) VALUES(1212480, 862.8, SYSDATE()-INTERVAL 639 DAY, 5, 'C', 'money recieved from emerson@infy.com', 'SUCCESS', 1018);
INSERT INTO MERCHANT_TRANSACTION(MERCHANT_TRANSACTION_ID,AMOUNT,TRANSACTION_DATE_TIME,PAYMENT_TYPE_ID,REMARKS,INFO,TRANSACTION_STATUS, MERCHANT_ID) VALUES(1212483, 691.34, SYSDATE()-INTERVAL 633 DAY, 7, 'D', 'money deposited to bank', 'SUCCESS', 1005);
INSERT INTO MERCHANT_TRANSACTION(MERCHANT_TRANSACTION_ID,AMOUNT,TRANSACTION_DATE_TIME,PAYMENT_TYPE_ID,REMARKS,INFO,TRANSACTION_STATUS, MERCHANT_ID) VALUES(1212487, 723.26, SYSDATE()-INTERVAL 624 DAY, 5, 'C', 'money recieved from chanel@infy.com', 'SUCCESS', 1018);
INSERT INTO MERCHANT_TRANSACTION(MERCHANT_TRANSACTION_ID,AMOUNT,TRANSACTION_DATE_TIME,PAYMENT_TYPE_ID,REMARKS,INFO,TRANSACTION_STATUS, MERCHANT_ID) VALUES(1212488, 294.2, SYSDATE()-INTERVAL 623 DAY, 7, 'D', 'money deposited to bank', 'SUCCESS', 1000);
INSERT INTO MERCHANT_TRANSACTION(MERCHANT_TRANSACTION_ID,AMOUNT,TRANSACTION_DATE_TIME,PAYMENT_TYPE_ID,REMARKS,INFO,TRANSACTION_STATUS, MERCHANT_ID) VALUES(1212490, 359.23, SYSDATE()-INTERVAL 618 DAY, 7, 'D', 'money deposited to bank', 'SUCCESS', 1004);
INSERT INTO MERCHANT_TRANSACTION(MERCHANT_TRANSACTION_ID,AMOUNT,TRANSACTION_DATE_TIME,PAYMENT_TYPE_ID,REMARKS,INFO,TRANSACTION_STATUS, MERCHANT_ID) VALUES(1212493, 478.92, SYSDATE()-INTERVAL 611 DAY, 7, 'D', 'money deposited to bank', 'SUCCESS', 1009);
INSERT INTO MERCHANT_TRANSACTION(MERCHANT_TRANSACTION_ID,AMOUNT,TRANSACTION_DATE_TIME,PAYMENT_TYPE_ID,REMARKS,INFO,TRANSACTION_STATUS, MERCHANT_ID) VALUES(1212525, 17.26, SYSDATE()-INTERVAL 538 DAY, 7, 'D', 'money deposited to bank', 'SUCCESS', 1018);
INSERT INTO MERCHANT_TRANSACTION(MERCHANT_TRANSACTION_ID,AMOUNT,TRANSACTION_DATE_TIME,PAYMENT_TYPE_ID,REMARKS,INFO,TRANSACTION_STATUS, MERCHANT_ID) VALUES(1212532, 227.65, SYSDATE()-INTERVAL 518 DAY, 5, 'C', 'money recieved from meaghan@infy.com', 'SUCCESS', 1016);
INSERT INTO MERCHANT_TRANSACTION(MERCHANT_TRANSACTION_ID,AMOUNT,TRANSACTION_DATE_TIME,PAYMENT_TYPE_ID,REMARKS,INFO,TRANSACTION_STATUS, MERCHANT_ID) VALUES(1212540, 626.81, SYSDATE()-INTERVAL 506 DAY, 5, 'C', 'money recieved from allene@infy.com', 'SUCCESS', 1002);
INSERT INTO MERCHANT_TRANSACTION(MERCHANT_TRANSACTION_ID,AMOUNT,TRANSACTION_DATE_TIME,PAYMENT_TYPE_ID,REMARKS,INFO,TRANSACTION_STATUS, MERCHANT_ID) VALUES(1212544, 585.84, SYSDATE()-INTERVAL 492 DAY, 7, 'D', 'money deposited to bank', 'SUCCESS', 1008);
INSERT INTO MERCHANT_TRANSACTION(MERCHANT_TRANSACTION_ID,AMOUNT,TRANSACTION_DATE_TIME,PAYMENT_TYPE_ID,REMARKS,INFO,TRANSACTION_STATUS, MERCHANT_ID) VALUES(1212546, 143.99, SYSDATE()-INTERVAL 489 DAY, 7, 'D', 'money deposited to bank', 'SUCCESS', 1010);
INSERT INTO MERCHANT_TRANSACTION(MERCHANT_TRANSACTION_ID,AMOUNT,TRANSACTION_DATE_TIME,PAYMENT_TYPE_ID,REMARKS,INFO,TRANSACTION_STATUS, MERCHANT_ID) VALUES(1212555, 560.54, SYSDATE()-INTERVAL 475 DAY, 5, 'C', 'money recieved from meaghan@infy.com', 'SUCCESS', 1012);
INSERT INTO MERCHANT_TRANSACTION(MERCHANT_TRANSACTION_ID,AMOUNT,TRANSACTION_DATE_TIME,PAYMENT_TYPE_ID,REMARKS,INFO,TRANSACTION_STATUS, MERCHANT_ID) VALUES(1212559, 79.05, SYSDATE()-INTERVAL 465 DAY, 5, 'C', 'money recieved from meaghan@infy.com', 'SUCCESS', 1014);
INSERT INTO MERCHANT_TRANSACTION(MERCHANT_TRANSACTION_ID,AMOUNT,TRANSACTION_DATE_TIME,PAYMENT_TYPE_ID,REMARKS,INFO,TRANSACTION_STATUS, MERCHANT_ID) VALUES(1212560, 591.21, SYSDATE()-INTERVAL 461 DAY, 7, 'D', 'money deposited to bank', 'SUCCESS', 1009);
INSERT INTO MERCHANT_TRANSACTION(MERCHANT_TRANSACTION_ID,AMOUNT,TRANSACTION_DATE_TIME,PAYMENT_TYPE_ID,REMARKS,INFO,TRANSACTION_STATUS, MERCHANT_ID) VALUES(1212564, 546.67, SYSDATE()-INTERVAL 454 DAY, 5, 'C', 'money recieved from emerson@infy.com', 'SUCCESS', 1001);
INSERT INTO MERCHANT_TRANSACTION(MERCHANT_TRANSACTION_ID,AMOUNT,TRANSACTION_DATE_TIME,PAYMENT_TYPE_ID,REMARKS,INFO,TRANSACTION_STATUS, MERCHANT_ID) VALUES(1212572, 970.48, SYSDATE()-INTERVAL 441 DAY, 5, 'C', 'money recieved from kris@infy.com', 'SUCCESS', 1019);
INSERT INTO MERCHANT_TRANSACTION(MERCHANT_TRANSACTION_ID,AMOUNT,TRANSACTION_DATE_TIME,PAYMENT_TYPE_ID,REMARKS,INFO,TRANSACTION_STATUS, MERCHANT_ID) VALUES(1212578, 523.76, SYSDATE()-INTERVAL 431 DAY, 7, 'D', 'money deposited to bank', 'SUCCESS', 1018);
INSERT INTO MERCHANT_TRANSACTION(MERCHANT_TRANSACTION_ID,AMOUNT,TRANSACTION_DATE_TIME,PAYMENT_TYPE_ID,REMARKS,INFO,TRANSACTION_STATUS, MERCHANT_ID) VALUES(1212580, 543.04, SYSDATE()-INTERVAL 428 DAY, 5, 'C', 'money recieved from dyan@infy.com', 'SUCCESS', 1016);
INSERT INTO MERCHANT_TRANSACTION(MERCHANT_TRANSACTION_ID,AMOUNT,TRANSACTION_DATE_TIME,PAYMENT_TYPE_ID,REMARKS,INFO,TRANSACTION_STATUS, MERCHANT_ID) VALUES(1212581, 501.21, SYSDATE()-INTERVAL 426 DAY, 7, 'D', 'money deposited to bank', 'SUCCESS', 1021);
INSERT INTO MERCHANT_TRANSACTION(MERCHANT_TRANSACTION_ID,AMOUNT,TRANSACTION_DATE_TIME,PAYMENT_TYPE_ID,REMARKS,INFO,TRANSACTION_STATUS, MERCHANT_ID) VALUES(1212583, 759.51, SYSDATE()-INTERVAL 425 DAY, 5, 'C', 'money recieved from kiley@infy.com', 'SUCCESS', 1006);
INSERT INTO MERCHANT_TRANSACTION(MERCHANT_TRANSACTION_ID,AMOUNT,TRANSACTION_DATE_TIME,PAYMENT_TYPE_ID,REMARKS,INFO,TRANSACTION_STATUS, MERCHANT_ID) VALUES(1212595, 68.81, SYSDATE()-INTERVAL 407 DAY, 5, 'C', 'money recieved from willow@infy.com', 'SUCCESS', 1018);
INSERT INTO MERCHANT_TRANSACTION(MERCHANT_TRANSACTION_ID,AMOUNT,TRANSACTION_DATE_TIME,PAYMENT_TYPE_ID,REMARKS,INFO,TRANSACTION_STATUS, MERCHANT_ID) VALUES(1212596, 674.6, SYSDATE()-INTERVAL 405 DAY, 7, 'D', 'money deposited to bank', 'SUCCESS', 1001);
INSERT INTO MERCHANT_TRANSACTION(MERCHANT_TRANSACTION_ID,AMOUNT,TRANSACTION_DATE_TIME,PAYMENT_TYPE_ID,REMARKS,INFO,TRANSACTION_STATUS, MERCHANT_ID) VALUES(1212597, 733.12, SYSDATE()-INTERVAL 402 DAY, 7, 'D', 'money deposited to bank', 'SUCCESS', 1019);
INSERT INTO MERCHANT_TRANSACTION(MERCHANT_TRANSACTION_ID,AMOUNT,TRANSACTION_DATE_TIME,PAYMENT_TYPE_ID,REMARKS,INFO,TRANSACTION_STATUS, MERCHANT_ID) VALUES(1212601, 689.11, SYSDATE()-INTERVAL 395 DAY, 5, 'C', 'money recieved from dyan@infy.com', 'SUCCESS', 1018);
INSERT INTO MERCHANT_TRANSACTION(MERCHANT_TRANSACTION_ID,AMOUNT,TRANSACTION_DATE_TIME,PAYMENT_TYPE_ID,REMARKS,INFO,TRANSACTION_STATUS, MERCHANT_ID) VALUES(1212606, 115.93, SYSDATE()-INTERVAL 381 DAY, 7, 'D', 'money deposited to bank', 'SUCCESS', 1006);
INSERT INTO MERCHANT_TRANSACTION(MERCHANT_TRANSACTION_ID,AMOUNT,TRANSACTION_DATE_TIME,PAYMENT_TYPE_ID,REMARKS,INFO,TRANSACTION_STATUS, MERCHANT_ID) VALUES(1212619, 590.75, SYSDATE()-INTERVAL 346 DAY, 5, 'C', 'money recieved from willow@infy.com', 'SUCCESS', 1004);
INSERT INTO MERCHANT_TRANSACTION(MERCHANT_TRANSACTION_ID,AMOUNT,TRANSACTION_DATE_TIME,PAYMENT_TYPE_ID,REMARKS,INFO,TRANSACTION_STATUS, MERCHANT_ID) VALUES(1212625, 419.86, SYSDATE()-INTERVAL 335 DAY, 5, 'C', 'money recieved from francine@infy.com', 'SUCCESS', 1005);
INSERT INTO MERCHANT_TRANSACTION(MERCHANT_TRANSACTION_ID,AMOUNT,TRANSACTION_DATE_TIME,PAYMENT_TYPE_ID,REMARKS,INFO,TRANSACTION_STATUS, MERCHANT_ID) VALUES(1212631, 369.1, SYSDATE()-INTERVAL 325 DAY, 5, 'C', 'money recieved from yuki@infy.com', 'SUCCESS', 1013);
INSERT INTO MERCHANT_TRANSACTION(MERCHANT_TRANSACTION_ID,AMOUNT,TRANSACTION_DATE_TIME,PAYMENT_TYPE_ID,REMARKS,INFO,TRANSACTION_STATUS, MERCHANT_ID) VALUES(1212641, 172.94, SYSDATE()-INTERVAL 303 DAY, 5, 'C', 'money recieved from alishia@infy.com', 'SUCCESS', 1013);
INSERT INTO MERCHANT_TRANSACTION(MERCHANT_TRANSACTION_ID,AMOUNT,TRANSACTION_DATE_TIME,PAYMENT_TYPE_ID,REMARKS,INFO,TRANSACTION_STATUS, MERCHANT_ID) VALUES(1212642, 938.99, SYSDATE()-INTERVAL 301 DAY, 7, 'D', 'money deposited to bank', 'SUCCESS', 1004);
INSERT INTO MERCHANT_TRANSACTION(MERCHANT_TRANSACTION_ID,AMOUNT,TRANSACTION_DATE_TIME,PAYMENT_TYPE_ID,REMARKS,INFO,TRANSACTION_STATUS, MERCHANT_ID) VALUES(1212644, 416.56, SYSDATE()-INTERVAL 296 DAY, 5, 'C', 'money recieved from kiley@infy.com', 'SUCCESS', 1002);
INSERT INTO MERCHANT_TRANSACTION(MERCHANT_TRANSACTION_ID,AMOUNT,TRANSACTION_DATE_TIME,PAYMENT_TYPE_ID,REMARKS,INFO,TRANSACTION_STATUS, MERCHANT_ID) VALUES(1212649, 514.17, SYSDATE()-INTERVAL 284 DAY, 7, 'D', 'money deposited to bank', 'SUCCESS', 1003);
INSERT INTO MERCHANT_TRANSACTION(MERCHANT_TRANSACTION_ID,AMOUNT,TRANSACTION_DATE_TIME,PAYMENT_TYPE_ID,REMARKS,INFO,TRANSACTION_STATUS, MERCHANT_ID) VALUES(1212650, 230.1, SYSDATE()-INTERVAL 283 DAY, 7, 'D', 'money deposited to bank', 'SUCCESS', 1011);
INSERT INTO MERCHANT_TRANSACTION(MERCHANT_TRANSACTION_ID,AMOUNT,TRANSACTION_DATE_TIME,PAYMENT_TYPE_ID,REMARKS,INFO,TRANSACTION_STATUS, MERCHANT_ID) VALUES(1212652, 46.53, SYSDATE()-INTERVAL 280 DAY, 5, 'C', 'money recieved from fletcher@infy.com', 'SUCCESS', 1018);
INSERT INTO MERCHANT_TRANSACTION(MERCHANT_TRANSACTION_ID,AMOUNT,TRANSACTION_DATE_TIME,PAYMENT_TYPE_ID,REMARKS,INFO,TRANSACTION_STATUS, MERCHANT_ID) VALUES(1212656, 519.9, SYSDATE()-INTERVAL 272 DAY, 5, 'C', 'money recieved from josephine@infy.com', 'SUCCESS', 1020);
INSERT INTO MERCHANT_TRANSACTION(MERCHANT_TRANSACTION_ID,AMOUNT,TRANSACTION_DATE_TIME,PAYMENT_TYPE_ID,REMARKS,INFO,TRANSACTION_STATUS, MERCHANT_ID) VALUES(1212658, 468.35, SYSDATE()-INTERVAL 271 DAY, 5, 'C', 'money recieved from alisha@infy.com', 'SUCCESS', 1010);
INSERT INTO MERCHANT_TRANSACTION(MERCHANT_TRANSACTION_ID,AMOUNT,TRANSACTION_DATE_TIME,PAYMENT_TYPE_ID,REMARKS,INFO,TRANSACTION_STATUS, MERCHANT_ID) VALUES(1212669, 134.01, SYSDATE()-INTERVAL 251 DAY, 5, 'C', 'money recieved from kris@infy.com', 'SUCCESS', 1000);
INSERT INTO MERCHANT_TRANSACTION(MERCHANT_TRANSACTION_ID,AMOUNT,TRANSACTION_DATE_TIME,PAYMENT_TYPE_ID,REMARKS,INFO,TRANSACTION_STATUS, MERCHANT_ID) VALUES(1212671, 604.04, SYSDATE()-INTERVAL 247 DAY, 5, 'C', 'money recieved from alisha@infy.com', 'SUCCESS', 1006);
INSERT INTO MERCHANT_TRANSACTION(MERCHANT_TRANSACTION_ID,AMOUNT,TRANSACTION_DATE_TIME,PAYMENT_TYPE_ID,REMARKS,INFO,TRANSACTION_STATUS, MERCHANT_ID) VALUES(1212674, 599.14, SYSDATE()-INTERVAL 240 DAY, 5, 'C', 'money recieved from erick@infy.com', 'SUCCESS', 1015);
INSERT INTO MERCHANT_TRANSACTION(MERCHANT_TRANSACTION_ID,AMOUNT,TRANSACTION_DATE_TIME,PAYMENT_TYPE_ID,REMARKS,INFO,TRANSACTION_STATUS, MERCHANT_ID) VALUES(1212682, 284.38, SYSDATE()-INTERVAL 222 DAY, 7, 'D', 'money deposited to bank', 'SUCCESS', 1019);
INSERT INTO MERCHANT_TRANSACTION(MERCHANT_TRANSACTION_ID,AMOUNT,TRANSACTION_DATE_TIME,PAYMENT_TYPE_ID,REMARKS,INFO,TRANSACTION_STATUS, MERCHANT_ID) VALUES(1212684, 543.61, SYSDATE()-INTERVAL 217 DAY, 5, 'C', 'money recieved from erick@infy.com', 'SUCCESS', 1011);
INSERT INTO MERCHANT_TRANSACTION(MERCHANT_TRANSACTION_ID,AMOUNT,TRANSACTION_DATE_TIME,PAYMENT_TYPE_ID,REMARKS,INFO,TRANSACTION_STATUS, MERCHANT_ID) VALUES(1212686, 129.08, SYSDATE()-INTERVAL 208 DAY, 7, 'D', 'money deposited to bank', 'SUCCESS', 1006);
INSERT INTO MERCHANT_TRANSACTION(MERCHANT_TRANSACTION_ID,AMOUNT,TRANSACTION_DATE_TIME,PAYMENT_TYPE_ID,REMARKS,INFO,TRANSACTION_STATUS, MERCHANT_ID) VALUES(1212687, 412.89, SYSDATE()-INTERVAL 203 DAY, 7, 'D', 'money deposited to bank', 'SUCCESS', 1006);
INSERT INTO MERCHANT_TRANSACTION(MERCHANT_TRANSACTION_ID,AMOUNT,TRANSACTION_DATE_TIME,PAYMENT_TYPE_ID,REMARKS,INFO,TRANSACTION_STATUS, MERCHANT_ID) VALUES(1212689, 234.87, SYSDATE()-INTERVAL 198 DAY, 5, 'C', 'money recieved from solange@infy.com', 'SUCCESS', 1005);
INSERT INTO MERCHANT_TRANSACTION(MERCHANT_TRANSACTION_ID,AMOUNT,TRANSACTION_DATE_TIME,PAYMENT_TYPE_ID,REMARKS,INFO,TRANSACTION_STATUS, MERCHANT_ID) VALUES(1212691, 67.0, SYSDATE()-INTERVAL 197 DAY, 5, 'C', 'money recieved from simona@infy.com', 'SUCCESS', 1010);
INSERT INTO MERCHANT_TRANSACTION(MERCHANT_TRANSACTION_ID,AMOUNT,TRANSACTION_DATE_TIME,PAYMENT_TYPE_ID,REMARKS,INFO,TRANSACTION_STATUS, MERCHANT_ID) VALUES(1212697, 969.45, SYSDATE()-INTERVAL 184 DAY, 7, 'D', 'money deposited to bank', 'SUCCESS', 1013);
INSERT INTO MERCHANT_TRANSACTION(MERCHANT_TRANSACTION_ID,AMOUNT,TRANSACTION_DATE_TIME,PAYMENT_TYPE_ID,REMARKS,INFO,TRANSACTION_STATUS, MERCHANT_ID) VALUES(1212703, 572.46, SYSDATE()-INTERVAL 175 DAY, 5, 'C', 'money recieved from alishia@infy.com', 'SUCCESS', 1015);
INSERT INTO MERCHANT_TRANSACTION(MERCHANT_TRANSACTION_ID,AMOUNT,TRANSACTION_DATE_TIME,PAYMENT_TYPE_ID,REMARKS,INFO,TRANSACTION_STATUS, MERCHANT_ID) VALUES(1212705, 884.26, SYSDATE()-INTERVAL 171 DAY, 7, 'D', 'money deposited to bank', 'SUCCESS', 1002);
INSERT INTO MERCHANT_TRANSACTION(MERCHANT_TRANSACTION_ID,AMOUNT,TRANSACTION_DATE_TIME,PAYMENT_TYPE_ID,REMARKS,INFO,TRANSACTION_STATUS, MERCHANT_ID) VALUES(1212719, 79.02, SYSDATE()-INTERVAL 136 DAY, 5, 'C', 'money recieved from kanisha@infy.com', 'SUCCESS', 1013);
INSERT INTO MERCHANT_TRANSACTION(MERCHANT_TRANSACTION_ID,AMOUNT,TRANSACTION_DATE_TIME,PAYMENT_TYPE_ID,REMARKS,INFO,TRANSACTION_STATUS, MERCHANT_ID) VALUES(1212729, 224.18, SYSDATE()-INTERVAL 115 DAY, 7, 'D', 'money deposited to bank', 'SUCCESS', 1009);
INSERT INTO MERCHANT_TRANSACTION(MERCHANT_TRANSACTION_ID,AMOUNT,TRANSACTION_DATE_TIME,PAYMENT_TYPE_ID,REMARKS,INFO,TRANSACTION_STATUS, MERCHANT_ID) VALUES(1212735, 91.9, SYSDATE()-INTERVAL 105 DAY, 5, 'C', 'money recieved from josephine@infy.com', 'SUCCESS', 1015);
INSERT INTO MERCHANT_TRANSACTION(MERCHANT_TRANSACTION_ID,AMOUNT,TRANSACTION_DATE_TIME,PAYMENT_TYPE_ID,REMARKS,INFO,TRANSACTION_STATUS, MERCHANT_ID) VALUES(1212737, 904.08, SYSDATE()-INTERVAL 103 DAY, 5, 'C', 'money recieved from bette@infy.com', 'SUCCESS', 1015);
INSERT INTO MERCHANT_TRANSACTION(MERCHANT_TRANSACTION_ID,AMOUNT,TRANSACTION_DATE_TIME,PAYMENT_TYPE_ID,REMARKS,INFO,TRANSACTION_STATUS, MERCHANT_ID) VALUES(1212738, 288.61, SYSDATE()-INTERVAL 100 DAY, 7, 'D', 'money deposited to bank', 'SUCCESS', 1012);
INSERT INTO MERCHANT_TRANSACTION(MERCHANT_TRANSACTION_ID,AMOUNT,TRANSACTION_DATE_TIME,PAYMENT_TYPE_ID,REMARKS,INFO,TRANSACTION_STATUS, MERCHANT_ID) VALUES(1212743, 299.93, SYSDATE()-INTERVAL 90 DAY, 5, 'C', 'money recieved from bette@infy.com', 'SUCCESS', 1007);
INSERT INTO MERCHANT_TRANSACTION(MERCHANT_TRANSACTION_ID,AMOUNT,TRANSACTION_DATE_TIME,PAYMENT_TYPE_ID,REMARKS,INFO,TRANSACTION_STATUS, MERCHANT_ID) VALUES(1212748, 901.26, SYSDATE()-INTERVAL 86 DAY, 5, 'C', 'money recieved from roxane@infy.com', 'SUCCESS', 1007);
INSERT INTO MERCHANT_TRANSACTION(MERCHANT_TRANSACTION_ID,AMOUNT,TRANSACTION_DATE_TIME,PAYMENT_TYPE_ID,REMARKS,INFO,TRANSACTION_STATUS, MERCHANT_ID) VALUES(1212752, 240.27, SYSDATE()-INTERVAL 78 DAY, 5, 'C', 'money recieved from mattie@infy.com', 'SUCCESS', 1010);
INSERT INTO MERCHANT_TRANSACTION(MERCHANT_TRANSACTION_ID,AMOUNT,TRANSACTION_DATE_TIME,PAYMENT_TYPE_ID,REMARKS,INFO,TRANSACTION_STATUS, MERCHANT_ID) VALUES(1212762, 874.12, SYSDATE()-INTERVAL 68 DAY, 5, 'C', 'money recieved from art@infy.com', 'SUCCESS', 1008);
INSERT INTO MERCHANT_TRANSACTION(MERCHANT_TRANSACTION_ID,AMOUNT,TRANSACTION_DATE_TIME,PAYMENT_TYPE_ID,REMARKS,INFO,TRANSACTION_STATUS, MERCHANT_ID) VALUES(1212764, 482.83, SYSDATE()-INTERVAL 62 DAY, 7, 'D', 'money deposited to bank', 'SUCCESS', 1015);
INSERT INTO MERCHANT_TRANSACTION(MERCHANT_TRANSACTION_ID,AMOUNT,TRANSACTION_DATE_TIME,PAYMENT_TYPE_ID,REMARKS,INFO,TRANSACTION_STATUS, MERCHANT_ID) VALUES(1212765, 615.39, SYSDATE()-INTERVAL 60 DAY, 7, 'D', 'money deposited to bank', 'SUCCESS', 1018);
INSERT INTO MERCHANT_TRANSACTION(MERCHANT_TRANSACTION_ID,AMOUNT,TRANSACTION_DATE_TIME,PAYMENT_TYPE_ID,REMARKS,INFO,TRANSACTION_STATUS, MERCHANT_ID) VALUES(1212766, 177.33, SYSDATE()-INTERVAL 57 DAY, 7, 'D', 'money deposited to bank', 'SUCCESS', 1012);
INSERT INTO MERCHANT_TRANSACTION(MERCHANT_TRANSACTION_ID,AMOUNT,TRANSACTION_DATE_TIME,PAYMENT_TYPE_ID,REMARKS,INFO,TRANSACTION_STATUS, MERCHANT_ID) VALUES(1212781, 33.36, SYSDATE()-INTERVAL 23 DAY, 7, 'D', 'money deposited to bank', 'SUCCESS', 1019);
INSERT INTO MERCHANT_TRANSACTION(MERCHANT_TRANSACTION_ID,AMOUNT,TRANSACTION_DATE_TIME,PAYMENT_TYPE_ID,REMARKS,INFO,TRANSACTION_STATUS, MERCHANT_ID) VALUES(1212788, 296.7, SYSDATE()-INTERVAL 6 DAY, 5, 'C', 'money recieved from josephine@infy.com', 'SUCCESS', 1011);
INSERT INTO MERCHANT_TRANSACTION(MERCHANT_TRANSACTION_ID,AMOUNT,TRANSACTION_DATE_TIME,PAYMENT_TYPE_ID,REMARKS,INFO,TRANSACTION_STATUS, MERCHANT_ID) VALUES(1212789, 991.31, SYSDATE()-INTERVAL 2 DAY, 7, 'D', 'money deposited to bank', 'SUCCESS', 1007);

INSERT INTO MERCHANT_TRANSACTION_MAPPING(MERCHANT_TRANSACTION_ID,MERCHANT_ID) VALUES(1212024,1011);
INSERT INTO MERCHANT_TRANSACTION_MAPPING(MERCHANT_TRANSACTION_ID,MERCHANT_ID) VALUES(1212027,1003);
INSERT INTO MERCHANT_TRANSACTION_MAPPING(MERCHANT_TRANSACTION_ID,MERCHANT_ID) VALUES(1212031,1015);
INSERT INTO MERCHANT_TRANSACTION_MAPPING(MERCHANT_TRANSACTION_ID,MERCHANT_ID) VALUES(1212038,1011);
INSERT INTO MERCHANT_TRANSACTION_MAPPING(MERCHANT_TRANSACTION_ID,MERCHANT_ID) VALUES(1212056,1012);
INSERT INTO MERCHANT_TRANSACTION_MAPPING(MERCHANT_TRANSACTION_ID,MERCHANT_ID) VALUES(1212062,1017);
INSERT INTO MERCHANT_TRANSACTION_MAPPING(MERCHANT_TRANSACTION_ID,MERCHANT_ID) VALUES(1212072,1010);
INSERT INTO MERCHANT_TRANSACTION_MAPPING(MERCHANT_TRANSACTION_ID,MERCHANT_ID) VALUES(1212079,1006);
INSERT INTO MERCHANT_TRANSACTION_MAPPING(MERCHANT_TRANSACTION_ID,MERCHANT_ID) VALUES(1212085,1021);
INSERT INTO MERCHANT_TRANSACTION_MAPPING(MERCHANT_TRANSACTION_ID,MERCHANT_ID) VALUES(1212088,1005);
INSERT INTO MERCHANT_TRANSACTION_MAPPING(MERCHANT_TRANSACTION_ID,MERCHANT_ID) VALUES(1212098,1002);
INSERT INTO MERCHANT_TRANSACTION_MAPPING(MERCHANT_TRANSACTION_ID,MERCHANT_ID) VALUES(1212099,1010);
INSERT INTO MERCHANT_TRANSACTION_MAPPING(MERCHANT_TRANSACTION_ID,MERCHANT_ID) VALUES(1212115,1001);
INSERT INTO MERCHANT_TRANSACTION_MAPPING(MERCHANT_TRANSACTION_ID,MERCHANT_ID) VALUES(1212117,1002);
INSERT INTO MERCHANT_TRANSACTION_MAPPING(MERCHANT_TRANSACTION_ID,MERCHANT_ID) VALUES(1212121,1021);
INSERT INTO MERCHANT_TRANSACTION_MAPPING(MERCHANT_TRANSACTION_ID,MERCHANT_ID) VALUES(1212128,1002);
INSERT INTO MERCHANT_TRANSACTION_MAPPING(MERCHANT_TRANSACTION_ID,MERCHANT_ID) VALUES(1212144,1015);
INSERT INTO MERCHANT_TRANSACTION_MAPPING(MERCHANT_TRANSACTION_ID,MERCHANT_ID) VALUES(1212146,1012);
INSERT INTO MERCHANT_TRANSACTION_MAPPING(MERCHANT_TRANSACTION_ID,MERCHANT_ID) VALUES(1212148,1020);
INSERT INTO MERCHANT_TRANSACTION_MAPPING(MERCHANT_TRANSACTION_ID,MERCHANT_ID) VALUES(1212160,1003);
INSERT INTO MERCHANT_TRANSACTION_MAPPING(MERCHANT_TRANSACTION_ID,MERCHANT_ID) VALUES(1212161,1005);
INSERT INTO MERCHANT_TRANSACTION_MAPPING(MERCHANT_TRANSACTION_ID,MERCHANT_ID) VALUES(1212167,1012);
INSERT INTO MERCHANT_TRANSACTION_MAPPING(MERCHANT_TRANSACTION_ID,MERCHANT_ID) VALUES(1212169,1019);
INSERT INTO MERCHANT_TRANSACTION_MAPPING(MERCHANT_TRANSACTION_ID,MERCHANT_ID) VALUES(1212172,1014);
INSERT INTO MERCHANT_TRANSACTION_MAPPING(MERCHANT_TRANSACTION_ID,MERCHANT_ID) VALUES(1212176,1019);
INSERT INTO MERCHANT_TRANSACTION_MAPPING(MERCHANT_TRANSACTION_ID,MERCHANT_ID) VALUES(1212181,1013);
INSERT INTO MERCHANT_TRANSACTION_MAPPING(MERCHANT_TRANSACTION_ID,MERCHANT_ID) VALUES(1212182,1020);
INSERT INTO MERCHANT_TRANSACTION_MAPPING(MERCHANT_TRANSACTION_ID,MERCHANT_ID) VALUES(1212184,1008);
INSERT INTO MERCHANT_TRANSACTION_MAPPING(MERCHANT_TRANSACTION_ID,MERCHANT_ID) VALUES(1212192,1002);
INSERT INTO MERCHANT_TRANSACTION_MAPPING(MERCHANT_TRANSACTION_ID,MERCHANT_ID) VALUES(1212193,1002);
INSERT INTO MERCHANT_TRANSACTION_MAPPING(MERCHANT_TRANSACTION_ID,MERCHANT_ID) VALUES(1212198,1005);
INSERT INTO MERCHANT_TRANSACTION_MAPPING(MERCHANT_TRANSACTION_ID,MERCHANT_ID) VALUES(1212201,1005);
INSERT INTO MERCHANT_TRANSACTION_MAPPING(MERCHANT_TRANSACTION_ID,MERCHANT_ID) VALUES(1212202,1012);
INSERT INTO MERCHANT_TRANSACTION_MAPPING(MERCHANT_TRANSACTION_ID,MERCHANT_ID) VALUES(1212209,1013);
INSERT INTO MERCHANT_TRANSACTION_MAPPING(MERCHANT_TRANSACTION_ID,MERCHANT_ID) VALUES(1212223,1005);
INSERT INTO MERCHANT_TRANSACTION_MAPPING(MERCHANT_TRANSACTION_ID,MERCHANT_ID) VALUES(1212234,1013);
INSERT INTO MERCHANT_TRANSACTION_MAPPING(MERCHANT_TRANSACTION_ID,MERCHANT_ID) VALUES(1212236,1015);
INSERT INTO MERCHANT_TRANSACTION_MAPPING(MERCHANT_TRANSACTION_ID,MERCHANT_ID) VALUES(1212239,1014);
INSERT INTO MERCHANT_TRANSACTION_MAPPING(MERCHANT_TRANSACTION_ID,MERCHANT_ID) VALUES(1212252,1016);
INSERT INTO MERCHANT_TRANSACTION_MAPPING(MERCHANT_TRANSACTION_ID,MERCHANT_ID) VALUES(1212255,1001);
INSERT INTO MERCHANT_TRANSACTION_MAPPING(MERCHANT_TRANSACTION_ID,MERCHANT_ID) VALUES(1212259,1010);
INSERT INTO MERCHANT_TRANSACTION_MAPPING(MERCHANT_TRANSACTION_ID,MERCHANT_ID) VALUES(1212271,1016);
INSERT INTO MERCHANT_TRANSACTION_MAPPING(MERCHANT_TRANSACTION_ID,MERCHANT_ID) VALUES(1212272,1021);
INSERT INTO MERCHANT_TRANSACTION_MAPPING(MERCHANT_TRANSACTION_ID,MERCHANT_ID) VALUES(1212275,1006);
INSERT INTO MERCHANT_TRANSACTION_MAPPING(MERCHANT_TRANSACTION_ID,MERCHANT_ID) VALUES(1212279,1018);
INSERT INTO MERCHANT_TRANSACTION_MAPPING(MERCHANT_TRANSACTION_ID,MERCHANT_ID) VALUES(1212287,1011);
INSERT INTO MERCHANT_TRANSACTION_MAPPING(MERCHANT_TRANSACTION_ID,MERCHANT_ID) VALUES(1212290,1011);
INSERT INTO MERCHANT_TRANSACTION_MAPPING(MERCHANT_TRANSACTION_ID,MERCHANT_ID) VALUES(1212293,1013);
INSERT INTO MERCHANT_TRANSACTION_MAPPING(MERCHANT_TRANSACTION_ID,MERCHANT_ID) VALUES(1212294,1021);
INSERT INTO MERCHANT_TRANSACTION_MAPPING(MERCHANT_TRANSACTION_ID,MERCHANT_ID) VALUES(1212301,1021);
INSERT INTO MERCHANT_TRANSACTION_MAPPING(MERCHANT_TRANSACTION_ID,MERCHANT_ID) VALUES(1212303,1009);
INSERT INTO MERCHANT_TRANSACTION_MAPPING(MERCHANT_TRANSACTION_ID,MERCHANT_ID) VALUES(1212311,1014);
INSERT INTO MERCHANT_TRANSACTION_MAPPING(MERCHANT_TRANSACTION_ID,MERCHANT_ID) VALUES(1212318,1018);
INSERT INTO MERCHANT_TRANSACTION_MAPPING(MERCHANT_TRANSACTION_ID,MERCHANT_ID) VALUES(1212321,1000);
INSERT INTO MERCHANT_TRANSACTION_MAPPING(MERCHANT_TRANSACTION_ID,MERCHANT_ID) VALUES(1212326,1003);
INSERT INTO MERCHANT_TRANSACTION_MAPPING(MERCHANT_TRANSACTION_ID,MERCHANT_ID) VALUES(1212328,1013);
INSERT INTO MERCHANT_TRANSACTION_MAPPING(MERCHANT_TRANSACTION_ID,MERCHANT_ID) VALUES(1212330,1001);
INSERT INTO MERCHANT_TRANSACTION_MAPPING(MERCHANT_TRANSACTION_ID,MERCHANT_ID) VALUES(1212339,1013);
INSERT INTO MERCHANT_TRANSACTION_MAPPING(MERCHANT_TRANSACTION_ID,MERCHANT_ID) VALUES(1212356,1011);
INSERT INTO MERCHANT_TRANSACTION_MAPPING(MERCHANT_TRANSACTION_ID,MERCHANT_ID) VALUES(1212362,1013);
INSERT INTO MERCHANT_TRANSACTION_MAPPING(MERCHANT_TRANSACTION_ID,MERCHANT_ID) VALUES(1212364,1013);
INSERT INTO MERCHANT_TRANSACTION_MAPPING(MERCHANT_TRANSACTION_ID,MERCHANT_ID) VALUES(1212365,1003);
INSERT INTO MERCHANT_TRANSACTION_MAPPING(MERCHANT_TRANSACTION_ID,MERCHANT_ID) VALUES(1212378,1008);
INSERT INTO MERCHANT_TRANSACTION_MAPPING(MERCHANT_TRANSACTION_ID,MERCHANT_ID) VALUES(1212387,1003);
INSERT INTO MERCHANT_TRANSACTION_MAPPING(MERCHANT_TRANSACTION_ID,MERCHANT_ID) VALUES(1212395,1004);
INSERT INTO MERCHANT_TRANSACTION_MAPPING(MERCHANT_TRANSACTION_ID,MERCHANT_ID) VALUES(1212405,1005);
INSERT INTO MERCHANT_TRANSACTION_MAPPING(MERCHANT_TRANSACTION_ID,MERCHANT_ID) VALUES(1212407,1016);
INSERT INTO MERCHANT_TRANSACTION_MAPPING(MERCHANT_TRANSACTION_ID,MERCHANT_ID) VALUES(1212409,1013);
INSERT INTO MERCHANT_TRANSACTION_MAPPING(MERCHANT_TRANSACTION_ID,MERCHANT_ID) VALUES(1212413,1011);
INSERT INTO MERCHANT_TRANSACTION_MAPPING(MERCHANT_TRANSACTION_ID,MERCHANT_ID) VALUES(1212417,1004);
INSERT INTO MERCHANT_TRANSACTION_MAPPING(MERCHANT_TRANSACTION_ID,MERCHANT_ID) VALUES(1212420,1000);
INSERT INTO MERCHANT_TRANSACTION_MAPPING(MERCHANT_TRANSACTION_ID,MERCHANT_ID) VALUES(1212423,1011);
INSERT INTO MERCHANT_TRANSACTION_MAPPING(MERCHANT_TRANSACTION_ID,MERCHANT_ID) VALUES(1212425,1009);
INSERT INTO MERCHANT_TRANSACTION_MAPPING(MERCHANT_TRANSACTION_ID,MERCHANT_ID) VALUES(1212433,1006);
INSERT INTO MERCHANT_TRANSACTION_MAPPING(MERCHANT_TRANSACTION_ID,MERCHANT_ID) VALUES(1212440,1019);
INSERT INTO MERCHANT_TRANSACTION_MAPPING(MERCHANT_TRANSACTION_ID,MERCHANT_ID) VALUES(1212441,1001);
INSERT INTO MERCHANT_TRANSACTION_MAPPING(MERCHANT_TRANSACTION_ID,MERCHANT_ID) VALUES(1212442,1016);
INSERT INTO MERCHANT_TRANSACTION_MAPPING(MERCHANT_TRANSACTION_ID,MERCHANT_ID) VALUES(1212444,1012);
INSERT INTO MERCHANT_TRANSACTION_MAPPING(MERCHANT_TRANSACTION_ID,MERCHANT_ID) VALUES(1212446,1020);
INSERT INTO MERCHANT_TRANSACTION_MAPPING(MERCHANT_TRANSACTION_ID,MERCHANT_ID) VALUES(1212451,1021);
INSERT INTO MERCHANT_TRANSACTION_MAPPING(MERCHANT_TRANSACTION_ID,MERCHANT_ID) VALUES(1212452,1013);
INSERT INTO MERCHANT_TRANSACTION_MAPPING(MERCHANT_TRANSACTION_ID,MERCHANT_ID) VALUES(1212461,1005);
INSERT INTO MERCHANT_TRANSACTION_MAPPING(MERCHANT_TRANSACTION_ID,MERCHANT_ID) VALUES(1212462,1003);
INSERT INTO MERCHANT_TRANSACTION_MAPPING(MERCHANT_TRANSACTION_ID,MERCHANT_ID) VALUES(1212464,1021);
INSERT INTO MERCHANT_TRANSACTION_MAPPING(MERCHANT_TRANSACTION_ID,MERCHANT_ID) VALUES(1212468,1014);
INSERT INTO MERCHANT_TRANSACTION_MAPPING(MERCHANT_TRANSACTION_ID,MERCHANT_ID) VALUES(1212469,1012);
INSERT INTO MERCHANT_TRANSACTION_MAPPING(MERCHANT_TRANSACTION_ID,MERCHANT_ID) VALUES(1212476,1014);
INSERT INTO MERCHANT_TRANSACTION_MAPPING(MERCHANT_TRANSACTION_ID,MERCHANT_ID) VALUES(1212480,1018);
INSERT INTO MERCHANT_TRANSACTION_MAPPING(MERCHANT_TRANSACTION_ID,MERCHANT_ID) VALUES(1212483,1005);
INSERT INTO MERCHANT_TRANSACTION_MAPPING(MERCHANT_TRANSACTION_ID,MERCHANT_ID) VALUES(1212487,1018);
INSERT INTO MERCHANT_TRANSACTION_MAPPING(MERCHANT_TRANSACTION_ID,MERCHANT_ID) VALUES(1212488,1000);
INSERT INTO MERCHANT_TRANSACTION_MAPPING(MERCHANT_TRANSACTION_ID,MERCHANT_ID) VALUES(1212490,1004);
INSERT INTO MERCHANT_TRANSACTION_MAPPING(MERCHANT_TRANSACTION_ID,MERCHANT_ID) VALUES(1212493,1009);
INSERT INTO MERCHANT_TRANSACTION_MAPPING(MERCHANT_TRANSACTION_ID,MERCHANT_ID) VALUES(1212525,1018);
INSERT INTO MERCHANT_TRANSACTION_MAPPING(MERCHANT_TRANSACTION_ID,MERCHANT_ID) VALUES(1212532,1016);
INSERT INTO MERCHANT_TRANSACTION_MAPPING(MERCHANT_TRANSACTION_ID,MERCHANT_ID) VALUES(1212540,1002);
INSERT INTO MERCHANT_TRANSACTION_MAPPING(MERCHANT_TRANSACTION_ID,MERCHANT_ID) VALUES(1212544,1008);
INSERT INTO MERCHANT_TRANSACTION_MAPPING(MERCHANT_TRANSACTION_ID,MERCHANT_ID) VALUES(1212546,1010);
INSERT INTO MERCHANT_TRANSACTION_MAPPING(MERCHANT_TRANSACTION_ID,MERCHANT_ID) VALUES(1212555,1012);
INSERT INTO MERCHANT_TRANSACTION_MAPPING(MERCHANT_TRANSACTION_ID,MERCHANT_ID) VALUES(1212559,1014);
INSERT INTO MERCHANT_TRANSACTION_MAPPING(MERCHANT_TRANSACTION_ID,MERCHANT_ID) VALUES(1212560,1009);
INSERT INTO MERCHANT_TRANSACTION_MAPPING(MERCHANT_TRANSACTION_ID,MERCHANT_ID) VALUES(1212564,1001);
INSERT INTO MERCHANT_TRANSACTION_MAPPING(MERCHANT_TRANSACTION_ID,MERCHANT_ID) VALUES(1212572,1019);
INSERT INTO MERCHANT_TRANSACTION_MAPPING(MERCHANT_TRANSACTION_ID,MERCHANT_ID) VALUES(1212578,1018);
INSERT INTO MERCHANT_TRANSACTION_MAPPING(MERCHANT_TRANSACTION_ID,MERCHANT_ID) VALUES(1212580,1016);
INSERT INTO MERCHANT_TRANSACTION_MAPPING(MERCHANT_TRANSACTION_ID,MERCHANT_ID) VALUES(1212581,1021);
INSERT INTO MERCHANT_TRANSACTION_MAPPING(MERCHANT_TRANSACTION_ID,MERCHANT_ID) VALUES(1212583,1006);
INSERT INTO MERCHANT_TRANSACTION_MAPPING(MERCHANT_TRANSACTION_ID,MERCHANT_ID) VALUES(1212595,1018);
INSERT INTO MERCHANT_TRANSACTION_MAPPING(MERCHANT_TRANSACTION_ID,MERCHANT_ID) VALUES(1212596,1001);
INSERT INTO MERCHANT_TRANSACTION_MAPPING(MERCHANT_TRANSACTION_ID,MERCHANT_ID) VALUES(1212597,1019);
INSERT INTO MERCHANT_TRANSACTION_MAPPING(MERCHANT_TRANSACTION_ID,MERCHANT_ID) VALUES(1212601,1018);
INSERT INTO MERCHANT_TRANSACTION_MAPPING(MERCHANT_TRANSACTION_ID,MERCHANT_ID) VALUES(1212606,1006);
INSERT INTO MERCHANT_TRANSACTION_MAPPING(MERCHANT_TRANSACTION_ID,MERCHANT_ID) VALUES(1212619,1004);
INSERT INTO MERCHANT_TRANSACTION_MAPPING(MERCHANT_TRANSACTION_ID,MERCHANT_ID) VALUES(1212625,1005);
INSERT INTO MERCHANT_TRANSACTION_MAPPING(MERCHANT_TRANSACTION_ID,MERCHANT_ID) VALUES(1212631,1013);
INSERT INTO MERCHANT_TRANSACTION_MAPPING(MERCHANT_TRANSACTION_ID,MERCHANT_ID) VALUES(1212641,1013);
INSERT INTO MERCHANT_TRANSACTION_MAPPING(MERCHANT_TRANSACTION_ID,MERCHANT_ID) VALUES(1212642,1004);
INSERT INTO MERCHANT_TRANSACTION_MAPPING(MERCHANT_TRANSACTION_ID,MERCHANT_ID) VALUES(1212644,1002);
INSERT INTO MERCHANT_TRANSACTION_MAPPING(MERCHANT_TRANSACTION_ID,MERCHANT_ID) VALUES(1212649,1003);
INSERT INTO MERCHANT_TRANSACTION_MAPPING(MERCHANT_TRANSACTION_ID,MERCHANT_ID) VALUES(1212650,1011);
INSERT INTO MERCHANT_TRANSACTION_MAPPING(MERCHANT_TRANSACTION_ID,MERCHANT_ID) VALUES(1212652,1018);
INSERT INTO MERCHANT_TRANSACTION_MAPPING(MERCHANT_TRANSACTION_ID,MERCHANT_ID) VALUES(1212656,1020);
INSERT INTO MERCHANT_TRANSACTION_MAPPING(MERCHANT_TRANSACTION_ID,MERCHANT_ID) VALUES(1212658,1010);
INSERT INTO MERCHANT_TRANSACTION_MAPPING(MERCHANT_TRANSACTION_ID,MERCHANT_ID) VALUES(1212669,1000);
INSERT INTO MERCHANT_TRANSACTION_MAPPING(MERCHANT_TRANSACTION_ID,MERCHANT_ID) VALUES(1212671,1006);
INSERT INTO MERCHANT_TRANSACTION_MAPPING(MERCHANT_TRANSACTION_ID,MERCHANT_ID) VALUES(1212674,1015);
INSERT INTO MERCHANT_TRANSACTION_MAPPING(MERCHANT_TRANSACTION_ID,MERCHANT_ID) VALUES(1212682,1019);
INSERT INTO MERCHANT_TRANSACTION_MAPPING(MERCHANT_TRANSACTION_ID,MERCHANT_ID) VALUES(1212684,1011);
INSERT INTO MERCHANT_TRANSACTION_MAPPING(MERCHANT_TRANSACTION_ID,MERCHANT_ID) VALUES(1212686,1006);
INSERT INTO MERCHANT_TRANSACTION_MAPPING(MERCHANT_TRANSACTION_ID,MERCHANT_ID) VALUES(1212687,1006);
INSERT INTO MERCHANT_TRANSACTION_MAPPING(MERCHANT_TRANSACTION_ID,MERCHANT_ID) VALUES(1212689,1005);
INSERT INTO MERCHANT_TRANSACTION_MAPPING(MERCHANT_TRANSACTION_ID,MERCHANT_ID) VALUES(1212691,1010);
INSERT INTO MERCHANT_TRANSACTION_MAPPING(MERCHANT_TRANSACTION_ID,MERCHANT_ID) VALUES(1212697,1013);
INSERT INTO MERCHANT_TRANSACTION_MAPPING(MERCHANT_TRANSACTION_ID,MERCHANT_ID) VALUES(1212703,1015);
INSERT INTO MERCHANT_TRANSACTION_MAPPING(MERCHANT_TRANSACTION_ID,MERCHANT_ID) VALUES(1212705,1002);
INSERT INTO MERCHANT_TRANSACTION_MAPPING(MERCHANT_TRANSACTION_ID,MERCHANT_ID) VALUES(1212719,1013);
INSERT INTO MERCHANT_TRANSACTION_MAPPING(MERCHANT_TRANSACTION_ID,MERCHANT_ID) VALUES(1212729,1009);
INSERT INTO MERCHANT_TRANSACTION_MAPPING(MERCHANT_TRANSACTION_ID,MERCHANT_ID) VALUES(1212735,1015);
INSERT INTO MERCHANT_TRANSACTION_MAPPING(MERCHANT_TRANSACTION_ID,MERCHANT_ID) VALUES(1212737,1015);
INSERT INTO MERCHANT_TRANSACTION_MAPPING(MERCHANT_TRANSACTION_ID,MERCHANT_ID) VALUES(1212738,1012);
INSERT INTO MERCHANT_TRANSACTION_MAPPING(MERCHANT_TRANSACTION_ID,MERCHANT_ID) VALUES(1212743,1007);
INSERT INTO MERCHANT_TRANSACTION_MAPPING(MERCHANT_TRANSACTION_ID,MERCHANT_ID) VALUES(1212748,1007);
INSERT INTO MERCHANT_TRANSACTION_MAPPING(MERCHANT_TRANSACTION_ID,MERCHANT_ID) VALUES(1212752,1010);
INSERT INTO MERCHANT_TRANSACTION_MAPPING(MERCHANT_TRANSACTION_ID,MERCHANT_ID) VALUES(1212762,1008);
INSERT INTO MERCHANT_TRANSACTION_MAPPING(MERCHANT_TRANSACTION_ID,MERCHANT_ID) VALUES(1212764,1015);
INSERT INTO MERCHANT_TRANSACTION_MAPPING(MERCHANT_TRANSACTION_ID,MERCHANT_ID) VALUES(1212765,1018);
INSERT INTO MERCHANT_TRANSACTION_MAPPING(MERCHANT_TRANSACTION_ID,MERCHANT_ID) VALUES(1212766,1012);
INSERT INTO MERCHANT_TRANSACTION_MAPPING(MERCHANT_TRANSACTION_ID,MERCHANT_ID) VALUES(1212781,1019);
INSERT INTO MERCHANT_TRANSACTION_MAPPING(MERCHANT_TRANSACTION_ID,MERCHANT_ID) VALUES(1212788,1011);
INSERT INTO MERCHANT_TRANSACTION_MAPPING(MERCHANT_TRANSACTION_ID,MERCHANT_ID) VALUES(1212789,1007);


INSERT INTO CARD(CARD_ID, CARD_NUMBER, BANK_ID, EXPIRY_DATE, CARD_STATUS, CREATED_TIMESTAMP, USER_ID) VALUES(12346, '6642160005012193', 101, SYSDATE()+INTERVAL 3400 DAY, 'ACTIVE', SYSDATE()-INTERVAL 1584 DAY, 12121);
INSERT INTO CARD(CARD_ID, CARD_NUMBER, BANK_ID, EXPIRY_DATE, CARD_STATUS, CREATED_TIMESTAMP, USER_ID) VALUES(12347, '6642140005012179', 101, SYSDATE()+INTERVAL 2160 DAY, 'ACTIVE', SYSDATE()-INTERVAL 1583 DAY, 12121);
INSERT INTO CARD(CARD_ID, CARD_NUMBER, BANK_ID, EXPIRY_DATE, CARD_STATUS, CREATED_TIMESTAMP, USER_ID) VALUES(12348, '6642450005012487', 101, SYSDATE()+INTERVAL 2645 DAY, 'ACTIVE', SYSDATE()-INTERVAL 1579 DAY, 12121);
INSERT INTO CARD(CARD_ID, CARD_NUMBER, BANK_ID, EXPIRY_DATE, CARD_STATUS, CREATED_TIMESTAMP, USER_ID) VALUES(12349, '6642350005012380', 101, SYSDATE()+INTERVAL 2787 DAY, 'ACTIVE', SYSDATE()-INTERVAL 1577 DAY, 12121);
INSERT INTO CARD(CARD_ID, CARD_NUMBER, BANK_ID, EXPIRY_DATE, CARD_STATUS, CREATED_TIMESTAMP, USER_ID) VALUES(12350, '6642180005012217', 101, SYSDATE()+INTERVAL 2800 DAY, 'ACTIVE', SYSDATE()-INTERVAL 1576 DAY, 12122);
INSERT INTO CARD(CARD_ID, CARD_NUMBER, BANK_ID, EXPIRY_DATE, CARD_STATUS, CREATED_TIMESTAMP, USER_ID) VALUES(12351, '6642360005012397', 101, SYSDATE()+INTERVAL 2654 DAY, 'ACTIVE', SYSDATE()-INTERVAL 1573 DAY, 12122);
INSERT INTO CARD(CARD_ID, CARD_NUMBER, BANK_ID, EXPIRY_DATE, CARD_STATUS, CREATED_TIMESTAMP, USER_ID) VALUES(12352, '6642350005012380', 101, SYSDATE()+INTERVAL 2787 DAY, 'ACTIVE', SYSDATE()-INTERVAL 1569 DAY, 12122);
INSERT INTO CARD(CARD_ID, CARD_NUMBER, BANK_ID, EXPIRY_DATE, CARD_STATUS, CREATED_TIMESTAMP, USER_ID) VALUES(12353, '6642390005012428', 101, SYSDATE()+INTERVAL 2439 DAY, 'ACTIVE', SYSDATE()-INTERVAL 1564 DAY, 12123);
INSERT INTO CARD(CARD_ID, CARD_NUMBER, BANK_ID, EXPIRY_DATE, CARD_STATUS, CREATED_TIMESTAMP, USER_ID) VALUES(12354, '6642180005012217', 101, SYSDATE()+INTERVAL 2800 DAY, 'ACTIVE', SYSDATE()-INTERVAL 1563 DAY, 12123);
INSERT INTO CARD(CARD_ID, CARD_NUMBER, BANK_ID, EXPIRY_DATE, CARD_STATUS, CREATED_TIMESTAMP, USER_ID) VALUES(12355, '6642420005012456', 101, SYSDATE()+INTERVAL 3579 DAY, 'ACTIVE', SYSDATE()-INTERVAL 1558 DAY, 12123);
INSERT INTO CARD(CARD_ID, CARD_NUMBER, BANK_ID, EXPIRY_DATE, CARD_STATUS, CREATED_TIMESTAMP, USER_ID) VALUES(12356, '6642210005012246', 101, SYSDATE()+INTERVAL 3505 DAY, 'ACTIVE', SYSDATE()-INTERVAL 1556 DAY, 12123);
INSERT INTO CARD(CARD_ID, CARD_NUMBER, BANK_ID, EXPIRY_DATE, CARD_STATUS, CREATED_TIMESTAMP, USER_ID) VALUES(12357, '6642370005012404', 101, SYSDATE()+INTERVAL 2453 DAY, 'ACTIVE', SYSDATE()-INTERVAL 1551 DAY, 12125);
INSERT INTO CARD(CARD_ID, CARD_NUMBER, BANK_ID, EXPIRY_DATE, CARD_STATUS, CREATED_TIMESTAMP, USER_ID) VALUES(12358, '6642320005012359', 101, SYSDATE()+INTERVAL 2441 DAY, 'ACTIVE', SYSDATE()-INTERVAL 1546 DAY, 12125);
INSERT INTO CARD(CARD_ID, CARD_NUMBER, BANK_ID, EXPIRY_DATE, CARD_STATUS, CREATED_TIMESTAMP, USER_ID) VALUES(12359, '6642260005012290', 101, SYSDATE()+INTERVAL 3240 DAY, 'ACTIVE', SYSDATE()-INTERVAL 1544 DAY, 12126);
INSERT INTO CARD(CARD_ID, CARD_NUMBER, BANK_ID, EXPIRY_DATE, CARD_STATUS, CREATED_TIMESTAMP, USER_ID) VALUES(12360, '6642400005012433', 101, SYSDATE()+INTERVAL 2780 DAY, 'ACTIVE', SYSDATE()-INTERVAL 1542 DAY, 12127);
INSERT INTO CARD(CARD_ID, CARD_NUMBER, BANK_ID, EXPIRY_DATE, CARD_STATUS, CREATED_TIMESTAMP, USER_ID) VALUES(12361, '6642370005012404', 101, SYSDATE()+INTERVAL 2453 DAY, 'ACTIVE', SYSDATE()-INTERVAL 1538 DAY, 12127);
INSERT INTO CARD(CARD_ID, CARD_NUMBER, BANK_ID, EXPIRY_DATE, CARD_STATUS, CREATED_TIMESTAMP, USER_ID) VALUES(12362, '6642110005012149', 101, SYSDATE()+INTERVAL 3583 DAY, 'ACTIVE', SYSDATE()-INTERVAL 1533 DAY, 12129);
INSERT INTO CARD(CARD_ID, CARD_NUMBER, BANK_ID, EXPIRY_DATE, CARD_STATUS, CREATED_TIMESTAMP, USER_ID) VALUES(12363, '6642350005012380', 101, SYSDATE()+INTERVAL 2787 DAY, 'ACTIVE', SYSDATE()-INTERVAL 1532 DAY, 12129);
INSERT INTO CARD(CARD_ID, CARD_NUMBER, BANK_ID, EXPIRY_DATE, CARD_STATUS, CREATED_TIMESTAMP, USER_ID) VALUES(12364, '6642270005012307', 101, SYSDATE()+INTERVAL 2426 DAY, 'ACTIVE', SYSDATE()-INTERVAL 1528 DAY, 12131);
INSERT INTO CARD(CARD_ID, CARD_NUMBER, BANK_ID, EXPIRY_DATE, CARD_STATUS, CREATED_TIMESTAMP, USER_ID) VALUES(12365, '6642280005012314', 101, SYSDATE()+INTERVAL 3194 DAY, 'ACTIVE', SYSDATE()-INTERVAL 1523 DAY, 12131);
INSERT INTO CARD(CARD_ID, CARD_NUMBER, BANK_ID, EXPIRY_DATE, CARD_STATUS, CREATED_TIMESTAMP, USER_ID) VALUES(12366, '6642380005012411', 101, SYSDATE()+INTERVAL 2943 DAY, 'ACTIVE', SYSDATE()-INTERVAL 1522 DAY, 12131);
INSERT INTO CARD(CARD_ID, CARD_NUMBER, BANK_ID, EXPIRY_DATE, CARD_STATUS, CREATED_TIMESTAMP, USER_ID) VALUES(12367, '6642290005012321', 101, SYSDATE()+INTERVAL 3351 DAY, 'ACTIVE', SYSDATE()-INTERVAL 1519 DAY, 12132);
INSERT INTO CARD(CARD_ID, CARD_NUMBER, BANK_ID, EXPIRY_DATE, CARD_STATUS, CREATED_TIMESTAMP, USER_ID) VALUES(12368, '6642330005012366', 101, SYSDATE()+INTERVAL 2824 DAY, 'ACTIVE', SYSDATE()-INTERVAL 1517 DAY, 12132);
INSERT INTO CARD(CARD_ID, CARD_NUMBER, BANK_ID, EXPIRY_DATE, CARD_STATUS, CREATED_TIMESTAMP, USER_ID) VALUES(12369, '6642180005012217', 101, SYSDATE()+INTERVAL 2800 DAY, 'ACTIVE', SYSDATE()-INTERVAL 1516 DAY, 12133);
INSERT INTO CARD(CARD_ID, CARD_NUMBER, BANK_ID, EXPIRY_DATE, CARD_STATUS, CREATED_TIMESTAMP, USER_ID) VALUES(12370, '6642170005012200', 101, SYSDATE()+INTERVAL 3196 DAY, 'ACTIVE', SYSDATE()-INTERVAL 1514 DAY, 12134);
INSERT INTO CARD(CARD_ID, CARD_NUMBER, BANK_ID, EXPIRY_DATE, CARD_STATUS, CREATED_TIMESTAMP, USER_ID) VALUES(12371, '6642450005012487', 101, SYSDATE()+INTERVAL 2645 DAY, 'ACTIVE', SYSDATE()-INTERVAL 1511 DAY, 12134);
INSERT INTO CARD(CARD_ID, CARD_NUMBER, BANK_ID, EXPIRY_DATE, CARD_STATUS, CREATED_TIMESTAMP, USER_ID) VALUES(12372, '6642310005012343', 101, SYSDATE()+INTERVAL 2484 DAY, 'ACTIVE', SYSDATE()-INTERVAL 1509 DAY, 12134);
INSERT INTO CARD(CARD_ID, CARD_NUMBER, BANK_ID, EXPIRY_DATE, CARD_STATUS, CREATED_TIMESTAMP, USER_ID) VALUES(12373, '6642120005012155', 101, SYSDATE()+INTERVAL 3333 DAY, 'ACTIVE', SYSDATE()-INTERVAL 1505 DAY, 12134);
INSERT INTO CARD(CARD_ID, CARD_NUMBER, BANK_ID, EXPIRY_DATE, CARD_STATUS, CREATED_TIMESTAMP, USER_ID) VALUES(12374, '6642460005012494', 101, SYSDATE()+INTERVAL 2616 DAY, 'ACTIVE', SYSDATE()-INTERVAL 1503 DAY, 12135);
INSERT INTO CARD(CARD_ID, CARD_NUMBER, BANK_ID, EXPIRY_DATE, CARD_STATUS, CREATED_TIMESTAMP, USER_ID) VALUES(12375, '6642310005012343', 101, SYSDATE()+INTERVAL 2484 DAY, 'ACTIVE', SYSDATE()-INTERVAL 1500 DAY, 12135);
INSERT INTO CARD(CARD_ID, CARD_NUMBER, BANK_ID, EXPIRY_DATE, CARD_STATUS, CREATED_TIMESTAMP, USER_ID) VALUES(12376, '6642170005012200', 101, SYSDATE()+INTERVAL 3196 DAY, 'ACTIVE', SYSDATE()-INTERVAL 1495 DAY, 12135);
INSERT INTO CARD(CARD_ID, CARD_NUMBER, BANK_ID, EXPIRY_DATE, CARD_STATUS, CREATED_TIMESTAMP, USER_ID) VALUES(12377, '6642230005012269', 101, SYSDATE()+INTERVAL 3525 DAY, 'ACTIVE', SYSDATE()-INTERVAL 1494 DAY, 12135);
INSERT INTO CARD(CARD_ID, CARD_NUMBER, BANK_ID, EXPIRY_DATE, CARD_STATUS, CREATED_TIMESTAMP, USER_ID) VALUES(12378, '6642310005012343', 101, SYSDATE()+INTERVAL 2484 DAY, 'ACTIVE', SYSDATE()-INTERVAL 1492 DAY, 12136);
INSERT INTO CARD(CARD_ID, CARD_NUMBER, BANK_ID, EXPIRY_DATE, CARD_STATUS, CREATED_TIMESTAMP, USER_ID) VALUES(12379, '6642380005012411', 101, SYSDATE()+INTERVAL 2943 DAY, 'ACTIVE', SYSDATE()-INTERVAL 1491 DAY, 12136);
INSERT INTO CARD(CARD_ID, CARD_NUMBER, BANK_ID, EXPIRY_DATE, CARD_STATUS, CREATED_TIMESTAMP, USER_ID) VALUES(12380, '6642360005012397', 101, SYSDATE()+INTERVAL 2654 DAY, 'ACTIVE', SYSDATE()-INTERVAL 1490 DAY, 12136);
INSERT INTO CARD(CARD_ID, CARD_NUMBER, BANK_ID, EXPIRY_DATE, CARD_STATUS, CREATED_TIMESTAMP, USER_ID) VALUES(12381, '6642390005012428', 101, SYSDATE()+INTERVAL 2439 DAY, 'ACTIVE', SYSDATE()-INTERVAL 1489 DAY, 12136);
INSERT INTO CARD(CARD_ID, CARD_NUMBER, BANK_ID, EXPIRY_DATE, CARD_STATUS, CREATED_TIMESTAMP, USER_ID) VALUES(12382, '6642450005012487', 101, SYSDATE()+INTERVAL 2645 DAY, 'ACTIVE', SYSDATE()-INTERVAL 1488 DAY, 12137);
INSERT INTO CARD(CARD_ID, CARD_NUMBER, BANK_ID, EXPIRY_DATE, CARD_STATUS, CREATED_TIMESTAMP, USER_ID) VALUES(12383, '6642410005012440', 101, SYSDATE()+INTERVAL 2605 DAY, 'ACTIVE', SYSDATE()-INTERVAL 1485 DAY, 12137);
INSERT INTO CARD(CARD_ID, CARD_NUMBER, BANK_ID, EXPIRY_DATE, CARD_STATUS, CREATED_TIMESTAMP, USER_ID) VALUES(12384, '6642110005012149', 101, SYSDATE()+INTERVAL 3583 DAY, 'ACTIVE', SYSDATE()-INTERVAL 1481 DAY, 12139);
INSERT INTO CARD(CARD_ID, CARD_NUMBER, BANK_ID, EXPIRY_DATE, CARD_STATUS, CREATED_TIMESTAMP, USER_ID) VALUES(12385, '6642280005012314', 101, SYSDATE()+INTERVAL 3194 DAY, 'ACTIVE', SYSDATE()-INTERVAL 1480 DAY, 12139);
INSERT INTO CARD(CARD_ID, CARD_NUMBER, BANK_ID, EXPIRY_DATE, CARD_STATUS, CREATED_TIMESTAMP, USER_ID) VALUES(12386, '6642130005012162', 101, SYSDATE()+INTERVAL 3563 DAY, 'ACTIVE', SYSDATE()-INTERVAL 1477 DAY, 12140);
INSERT INTO CARD(CARD_ID, CARD_NUMBER, BANK_ID, EXPIRY_DATE, CARD_STATUS, CREATED_TIMESTAMP, USER_ID) VALUES(12387, '6642390005012428', 101, SYSDATE()+INTERVAL 2439 DAY, 'ACTIVE', SYSDATE()-INTERVAL 1472 DAY, 12141);
INSERT INTO CARD(CARD_ID, CARD_NUMBER, BANK_ID, EXPIRY_DATE, CARD_STATUS, CREATED_TIMESTAMP, USER_ID) VALUES(12388, '6642400005012433', 101, SYSDATE()+INTERVAL 2780 DAY, 'ACTIVE', SYSDATE()-INTERVAL 1469 DAY, 12142);
INSERT INTO CARD(CARD_ID, CARD_NUMBER, BANK_ID, EXPIRY_DATE, CARD_STATUS, CREATED_TIMESTAMP, USER_ID) VALUES(12389, '6642460005012494', 101, SYSDATE()+INTERVAL 2616 DAY, 'ACTIVE', SYSDATE()-INTERVAL 1464 DAY, 12142);
INSERT INTO CARD(CARD_ID, CARD_NUMBER, BANK_ID, EXPIRY_DATE, CARD_STATUS, CREATED_TIMESTAMP, USER_ID) VALUES(12390, '6642430005012463', 101, SYSDATE()+INTERVAL 2397 DAY, 'ACTIVE', SYSDATE()-INTERVAL 1463 DAY, 12142);
INSERT INTO CARD(CARD_ID, CARD_NUMBER, BANK_ID, EXPIRY_DATE, CARD_STATUS, CREATED_TIMESTAMP, USER_ID) VALUES(12391, '6642140005012179', 101, SYSDATE()+INTERVAL 2160 DAY, 'ACTIVE', SYSDATE()-INTERVAL 1458 DAY, 12142);
INSERT INTO CARD(CARD_ID, CARD_NUMBER, BANK_ID, EXPIRY_DATE, CARD_STATUS, CREATED_TIMESTAMP, USER_ID) VALUES(12392, '6642310005012343', 101, SYSDATE()+INTERVAL 2484 DAY, 'ACTIVE', SYSDATE()-INTERVAL 1453 DAY, 12143);
INSERT INTO CARD(CARD_ID, CARD_NUMBER, BANK_ID, EXPIRY_DATE, CARD_STATUS, CREATED_TIMESTAMP, USER_ID) VALUES(12393, '6642440005012470', 101, SYSDATE()+INTERVAL 2502 DAY, 'ACTIVE', SYSDATE()-INTERVAL 1449 DAY, 12143);
INSERT INTO CARD(CARD_ID, CARD_NUMBER, BANK_ID, EXPIRY_DATE, CARD_STATUS, CREATED_TIMESTAMP, USER_ID) VALUES(12394, '6642240005012276', 101, SYSDATE()+INTERVAL 2164 DAY, 'ACTIVE', SYSDATE()-INTERVAL 1447 DAY, 12143);
INSERT INTO CARD(CARD_ID, CARD_NUMBER, BANK_ID, EXPIRY_DATE, CARD_STATUS, CREATED_TIMESTAMP, USER_ID) VALUES(12395, '6642430005012463', 101, SYSDATE()+INTERVAL 2397 DAY, 'ACTIVE', SYSDATE()-INTERVAL 1445 DAY, 12143);
INSERT INTO CARD(CARD_ID, CARD_NUMBER, BANK_ID, EXPIRY_DATE, CARD_STATUS, CREATED_TIMESTAMP, USER_ID) VALUES(12396, '6642390005012428', 101, SYSDATE()+INTERVAL 2439 DAY, 'ACTIVE', SYSDATE()-INTERVAL 1444 DAY, 12144);
INSERT INTO CARD(CARD_ID, CARD_NUMBER, BANK_ID, EXPIRY_DATE, CARD_STATUS, CREATED_TIMESTAMP, USER_ID) VALUES(12397, '6642360005012397', 101, SYSDATE()+INTERVAL 2654 DAY, 'ACTIVE', SYSDATE()-INTERVAL 1442 DAY, 12144);
INSERT INTO CARD(CARD_ID, CARD_NUMBER, BANK_ID, EXPIRY_DATE, CARD_STATUS, CREATED_TIMESTAMP, USER_ID) VALUES(12398, '6642110005012149', 101, SYSDATE()+INTERVAL 3583 DAY, 'ACTIVE', SYSDATE()-INTERVAL 1438 DAY, 12145);
INSERT INTO CARD(CARD_ID, CARD_NUMBER, BANK_ID, EXPIRY_DATE, CARD_STATUS, CREATED_TIMESTAMP, USER_ID) VALUES(12399, '6642290005012321', 101, SYSDATE()+INTERVAL 3351 DAY, 'ACTIVE', SYSDATE()-INTERVAL 1436 DAY, 12146);
INSERT INTO CARD(CARD_ID, CARD_NUMBER, BANK_ID, EXPIRY_DATE, CARD_STATUS, CREATED_TIMESTAMP, USER_ID) VALUES(12400, '6642130005012162', 101, SYSDATE()+INTERVAL 3563 DAY, 'ACTIVE', SYSDATE()-INTERVAL 1432 DAY, 12150);
INSERT INTO CARD(CARD_ID, CARD_NUMBER, BANK_ID, EXPIRY_DATE, CARD_STATUS, CREATED_TIMESTAMP, USER_ID) VALUES(12401, '6642150005012186', 101, SYSDATE()+INTERVAL 2481 DAY, 'ACTIVE', SYSDATE()-INTERVAL 1428 DAY, 12150);
INSERT INTO CARD(CARD_ID, CARD_NUMBER, BANK_ID, EXPIRY_DATE, CARD_STATUS, CREATED_TIMESTAMP, USER_ID) VALUES(12402, '6642280005012314', 101, SYSDATE()+INTERVAL 3194 DAY, 'ACTIVE', SYSDATE()-INTERVAL 1425 DAY, 12150);
INSERT INTO CARD(CARD_ID, CARD_NUMBER, BANK_ID, EXPIRY_DATE, CARD_STATUS, CREATED_TIMESTAMP, USER_ID) VALUES(12403, '6642410005012440', 101, SYSDATE()+INTERVAL 2605 DAY, 'ACTIVE', SYSDATE()-INTERVAL 1423 DAY, 12151);
INSERT INTO CARD(CARD_ID, CARD_NUMBER, BANK_ID, EXPIRY_DATE, CARD_STATUS, CREATED_TIMESTAMP, USER_ID) VALUES(12404, '6642410005012440', 101, SYSDATE()+INTERVAL 2605 DAY, 'ACTIVE', SYSDATE()-INTERVAL 1421 DAY, 12152);
INSERT INTO CARD(CARD_ID, CARD_NUMBER, BANK_ID, EXPIRY_DATE, CARD_STATUS, CREATED_TIMESTAMP, USER_ID) VALUES(12405, '6642320005012359', 101, SYSDATE()+INTERVAL 2441 DAY, 'ACTIVE', SYSDATE()-INTERVAL 1419 DAY, 12152);
INSERT INTO CARD(CARD_ID, CARD_NUMBER, BANK_ID, EXPIRY_DATE, CARD_STATUS, CREATED_TIMESTAMP, USER_ID) VALUES(12406, '6642110005012149', 101, SYSDATE()+INTERVAL 3583 DAY, 'ACTIVE', SYSDATE()-INTERVAL 1414 DAY, 12153);
INSERT INTO CARD(CARD_ID, CARD_NUMBER, BANK_ID, EXPIRY_DATE, CARD_STATUS, CREATED_TIMESTAMP, USER_ID) VALUES(12407, '6642430005012463', 101, SYSDATE()+INTERVAL 2397 DAY, 'ACTIVE', SYSDATE()-INTERVAL 1410 DAY, 12153);
INSERT INTO CARD(CARD_ID, CARD_NUMBER, BANK_ID, EXPIRY_DATE, CARD_STATUS, CREATED_TIMESTAMP, USER_ID) VALUES(12408, '6642300005012336', 101, SYSDATE()+INTERVAL 2992 DAY, 'ACTIVE', SYSDATE()-INTERVAL 1407 DAY, 12153);
INSERT INTO CARD(CARD_ID, CARD_NUMBER, BANK_ID, EXPIRY_DATE, CARD_STATUS, CREATED_TIMESTAMP, USER_ID) VALUES(12409, '6642460005012494', 101, SYSDATE()+INTERVAL 2616 DAY, 'ACTIVE', SYSDATE()-INTERVAL 1405 DAY, 12153);
INSERT INTO CARD(CARD_ID, CARD_NUMBER, BANK_ID, EXPIRY_DATE, CARD_STATUS, CREATED_TIMESTAMP, USER_ID) VALUES(12410, '6642130005012162', 101, SYSDATE()+INTERVAL 3563 DAY, 'ACTIVE', SYSDATE()-INTERVAL 1402 DAY, 12155);
INSERT INTO CARD(CARD_ID, CARD_NUMBER, BANK_ID, EXPIRY_DATE, CARD_STATUS, CREATED_TIMESTAMP, USER_ID) VALUES(12411, '6642340005012373', 101, SYSDATE()+INTERVAL 3411 DAY, 'ACTIVE', SYSDATE()-INTERVAL 1399 DAY, 12157);
INSERT INTO CARD(CARD_ID, CARD_NUMBER, BANK_ID, EXPIRY_DATE, CARD_STATUS, CREATED_TIMESTAMP, USER_ID) VALUES(12412, '6642310005012343', 101, SYSDATE()+INTERVAL 2484 DAY, 'ACTIVE', SYSDATE()-INTERVAL 1397 DAY, 12157);
INSERT INTO CARD(CARD_ID, CARD_NUMBER, BANK_ID, EXPIRY_DATE, CARD_STATUS, CREATED_TIMESTAMP, USER_ID) VALUES(12413, '6642430005012463', 101, SYSDATE()+INTERVAL 2397 DAY, 'ACTIVE', SYSDATE()-INTERVAL 1392 DAY, 12157);
INSERT INTO CARD(CARD_ID, CARD_NUMBER, BANK_ID, EXPIRY_DATE, CARD_STATUS, CREATED_TIMESTAMP, USER_ID) VALUES(12414, '6642320005012359', 101, SYSDATE()+INTERVAL 2441 DAY, 'ACTIVE', SYSDATE()-INTERVAL 1389 DAY, 12157);
INSERT INTO CARD(CARD_ID, CARD_NUMBER, BANK_ID, EXPIRY_DATE, CARD_STATUS, CREATED_TIMESTAMP, USER_ID) VALUES(12415, '6642450005012487', 101, SYSDATE()+INTERVAL 2645 DAY, 'ACTIVE', SYSDATE()-INTERVAL 1385 DAY, 12159);
INSERT INTO CARD(CARD_ID, CARD_NUMBER, BANK_ID, EXPIRY_DATE, CARD_STATUS, CREATED_TIMESTAMP, USER_ID) VALUES(12416, '6642260005012290', 101, SYSDATE()+INTERVAL 3240 DAY, 'ACTIVE', SYSDATE()-INTERVAL 1380 DAY, 12160);
INSERT INTO CARD(CARD_ID, CARD_NUMBER, BANK_ID, EXPIRY_DATE, CARD_STATUS, CREATED_TIMESTAMP, USER_ID) VALUES(12418, '6642330005012366', 101, SYSDATE()+INTERVAL 2824 DAY, 'ACTIVE', SYSDATE()-INTERVAL 1377 DAY, 12160);
INSERT INTO CARD(CARD_ID, CARD_NUMBER, BANK_ID, EXPIRY_DATE, CARD_STATUS, CREATED_TIMESTAMP, USER_ID) VALUES(12419, '6642340005012373', 101, SYSDATE()+INTERVAL 3411 DAY, 'ACTIVE', SYSDATE()-INTERVAL 1376 DAY, 12164);
INSERT INTO CARD(CARD_ID, CARD_NUMBER, BANK_ID, EXPIRY_DATE, CARD_STATUS, CREATED_TIMESTAMP, USER_ID) VALUES(12420, '6642180005012217', 101, SYSDATE()+INTERVAL 2800 DAY, 'ACTIVE', SYSDATE()-INTERVAL 1371 DAY, 12165);
INSERT INTO CARD(CARD_ID, CARD_NUMBER, BANK_ID, EXPIRY_DATE, CARD_STATUS, CREATED_TIMESTAMP, USER_ID) VALUES(12421, '6642190005012224', 101, SYSDATE()+INTERVAL 3383 DAY, 'ACTIVE', SYSDATE()-INTERVAL 1368 DAY, 12165);
INSERT INTO CARD(CARD_ID, CARD_NUMBER, BANK_ID, EXPIRY_DATE, CARD_STATUS, CREATED_TIMESTAMP, USER_ID) VALUES(12422, '6642310005012343', 101, SYSDATE()+INTERVAL 2484 DAY, 'ACTIVE', SYSDATE()-INTERVAL 1366 DAY, 12165);
INSERT INTO CARD(CARD_ID, CARD_NUMBER, BANK_ID, EXPIRY_DATE, CARD_STATUS, CREATED_TIMESTAMP, USER_ID) VALUES(12423, '6642140005012179', 101, SYSDATE()+INTERVAL 2160 DAY, 'ACTIVE', SYSDATE()-INTERVAL 1362 DAY, 12167);
INSERT INTO CARD(CARD_ID, CARD_NUMBER, BANK_ID, EXPIRY_DATE, CARD_STATUS, CREATED_TIMESTAMP, USER_ID) VALUES(12424, '6642250005012283', 101, SYSDATE()+INTERVAL 2607 DAY, 'ACTIVE', SYSDATE()-INTERVAL 1360 DAY, 12168);
INSERT INTO CARD(CARD_ID, CARD_NUMBER, BANK_ID, EXPIRY_DATE, CARD_STATUS, CREATED_TIMESTAMP, USER_ID) VALUES(12425, '6642190005012224', 101, SYSDATE()+INTERVAL 3383 DAY, 'ACTIVE', SYSDATE()-INTERVAL 1359 DAY, 12168);

INSERT INTO USER_CARD_MAPPING(USER_ID,CARD_ID) VALUES(12121, 12346);
INSERT INTO USER_CARD_MAPPING(USER_ID,CARD_ID) VALUES(12121, 12347);
INSERT INTO USER_CARD_MAPPING(USER_ID,CARD_ID) VALUES(12121, 12348);
INSERT INTO USER_CARD_MAPPING(USER_ID,CARD_ID) VALUES(12121, 12349);
INSERT INTO USER_CARD_MAPPING(USER_ID,CARD_ID) VALUES(12122, 12350);
INSERT INTO USER_CARD_MAPPING(USER_ID,CARD_ID) VALUES(12122, 12351);
INSERT INTO USER_CARD_MAPPING(USER_ID,CARD_ID) VALUES(12122, 12352);
INSERT INTO USER_CARD_MAPPING(USER_ID,CARD_ID) VALUES(12123, 12353);
INSERT INTO USER_CARD_MAPPING(USER_ID,CARD_ID) VALUES(12123, 12354);
INSERT INTO USER_CARD_MAPPING(USER_ID,CARD_ID) VALUES(12123, 12355);
INSERT INTO USER_CARD_MAPPING(USER_ID,CARD_ID) VALUES(12123, 12356);
INSERT INTO USER_CARD_MAPPING(USER_ID,CARD_ID) VALUES(12125, 12357);
INSERT INTO USER_CARD_MAPPING(USER_ID,CARD_ID) VALUES(12125, 12358);
INSERT INTO USER_CARD_MAPPING(USER_ID,CARD_ID) VALUES(12126, 12359);
INSERT INTO USER_CARD_MAPPING(USER_ID,CARD_ID) VALUES(12127, 12360);
INSERT INTO USER_CARD_MAPPING(USER_ID,CARD_ID) VALUES(12127, 12361);
INSERT INTO USER_CARD_MAPPING(USER_ID,CARD_ID) VALUES(12129, 12362);
INSERT INTO USER_CARD_MAPPING(USER_ID,CARD_ID) VALUES(12129, 12363);
INSERT INTO USER_CARD_MAPPING(USER_ID,CARD_ID) VALUES(12131, 12364);
INSERT INTO USER_CARD_MAPPING(USER_ID,CARD_ID) VALUES(12131, 12365);
INSERT INTO USER_CARD_MAPPING(USER_ID,CARD_ID) VALUES(12131, 12366);
INSERT INTO USER_CARD_MAPPING(USER_ID,CARD_ID) VALUES(12132, 12367);
INSERT INTO USER_CARD_MAPPING(USER_ID,CARD_ID) VALUES(12132, 12368);
INSERT INTO USER_CARD_MAPPING(USER_ID,CARD_ID) VALUES(12133, 12369);
INSERT INTO USER_CARD_MAPPING(USER_ID,CARD_ID) VALUES(12134, 12370);
INSERT INTO USER_CARD_MAPPING(USER_ID,CARD_ID) VALUES(12134, 12371);
INSERT INTO USER_CARD_MAPPING(USER_ID,CARD_ID) VALUES(12134, 12372);
INSERT INTO USER_CARD_MAPPING(USER_ID,CARD_ID) VALUES(12134, 12373);
INSERT INTO USER_CARD_MAPPING(USER_ID,CARD_ID) VALUES(12135, 12374);
INSERT INTO USER_CARD_MAPPING(USER_ID,CARD_ID) VALUES(12135, 12375);
INSERT INTO USER_CARD_MAPPING(USER_ID,CARD_ID) VALUES(12135, 12376);
INSERT INTO USER_CARD_MAPPING(USER_ID,CARD_ID) VALUES(12135, 12377);
INSERT INTO USER_CARD_MAPPING(USER_ID,CARD_ID) VALUES(12136, 12378);
INSERT INTO USER_CARD_MAPPING(USER_ID,CARD_ID) VALUES(12136, 12379);
INSERT INTO USER_CARD_MAPPING(USER_ID,CARD_ID) VALUES(12136, 12380);
INSERT INTO USER_CARD_MAPPING(USER_ID,CARD_ID) VALUES(12136, 12381);
INSERT INTO USER_CARD_MAPPING(USER_ID,CARD_ID) VALUES(12137, 12382);
INSERT INTO USER_CARD_MAPPING(USER_ID,CARD_ID) VALUES(12137, 12383);
INSERT INTO USER_CARD_MAPPING(USER_ID,CARD_ID) VALUES(12139, 12384);
INSERT INTO USER_CARD_MAPPING(USER_ID,CARD_ID) VALUES(12139, 12385);
INSERT INTO USER_CARD_MAPPING(USER_ID,CARD_ID) VALUES(12140, 12386);
INSERT INTO USER_CARD_MAPPING(USER_ID,CARD_ID) VALUES(12141, 12387);
INSERT INTO USER_CARD_MAPPING(USER_ID,CARD_ID) VALUES(12142, 12388);
INSERT INTO USER_CARD_MAPPING(USER_ID,CARD_ID) VALUES(12142, 12389);
INSERT INTO USER_CARD_MAPPING(USER_ID,CARD_ID) VALUES(12142, 12390);
INSERT INTO USER_CARD_MAPPING(USER_ID,CARD_ID) VALUES(12142, 12391);
INSERT INTO USER_CARD_MAPPING(USER_ID,CARD_ID) VALUES(12143, 12392);
INSERT INTO USER_CARD_MAPPING(USER_ID,CARD_ID) VALUES(12143, 12393);
INSERT INTO USER_CARD_MAPPING(USER_ID,CARD_ID) VALUES(12143, 12394);
INSERT INTO USER_CARD_MAPPING(USER_ID,CARD_ID) VALUES(12143, 12395);
INSERT INTO USER_CARD_MAPPING(USER_ID,CARD_ID) VALUES(12144, 12396);
INSERT INTO USER_CARD_MAPPING(USER_ID,CARD_ID) VALUES(12144, 12397);
INSERT INTO USER_CARD_MAPPING(USER_ID,CARD_ID) VALUES(12145, 12398);
INSERT INTO USER_CARD_MAPPING(USER_ID,CARD_ID) VALUES(12146, 12399);
INSERT INTO USER_CARD_MAPPING(USER_ID,CARD_ID) VALUES(12150, 12400);
INSERT INTO USER_CARD_MAPPING(USER_ID,CARD_ID) VALUES(12150, 12401);
INSERT INTO USER_CARD_MAPPING(USER_ID,CARD_ID) VALUES(12150, 12402);
INSERT INTO USER_CARD_MAPPING(USER_ID,CARD_ID) VALUES(12151, 12403);
INSERT INTO USER_CARD_MAPPING(USER_ID,CARD_ID) VALUES(12152, 12404);
INSERT INTO USER_CARD_MAPPING(USER_ID,CARD_ID) VALUES(12152, 12405);
INSERT INTO USER_CARD_MAPPING(USER_ID,CARD_ID) VALUES(12153, 12406);
INSERT INTO USER_CARD_MAPPING(USER_ID,CARD_ID) VALUES(12153, 12407);
INSERT INTO USER_CARD_MAPPING(USER_ID,CARD_ID) VALUES(12153, 12408);
INSERT INTO USER_CARD_MAPPING(USER_ID,CARD_ID) VALUES(12153, 12409);
INSERT INTO USER_CARD_MAPPING(USER_ID,CARD_ID) VALUES(12155, 12410);
INSERT INTO USER_CARD_MAPPING(USER_ID,CARD_ID) VALUES(12157, 12411);
INSERT INTO USER_CARD_MAPPING(USER_ID,CARD_ID) VALUES(12157, 12412);
INSERT INTO USER_CARD_MAPPING(USER_ID,CARD_ID) VALUES(12157, 12413);
INSERT INTO USER_CARD_MAPPING(USER_ID,CARD_ID) VALUES(12157, 12414);
INSERT INTO USER_CARD_MAPPING(USER_ID,CARD_ID) VALUES(12159, 12415);
INSERT INTO USER_CARD_MAPPING(USER_ID,CARD_ID) VALUES(12160, 12416);
INSERT INTO USER_CARD_MAPPING(USER_ID,CARD_ID) VALUES(12160, 12418);
INSERT INTO USER_CARD_MAPPING(USER_ID,CARD_ID) VALUES(12164, 12419);
INSERT INTO USER_CARD_MAPPING(USER_ID,CARD_ID) VALUES(12165, 12420);
INSERT INTO USER_CARD_MAPPING(USER_ID,CARD_ID) VALUES(12165, 12421);
INSERT INTO USER_CARD_MAPPING(USER_ID,CARD_ID) VALUES(12165, 12422);
INSERT INTO USER_CARD_MAPPING(USER_ID,CARD_ID) VALUES(12167, 12423);
INSERT INTO USER_CARD_MAPPING(USER_ID,CARD_ID) VALUES(12168, 12424);
INSERT INTO USER_CARD_MAPPING(USER_ID,CARD_ID) VALUES(12168, 12425);


commit;
